id,n,states,reviewed,conflict,masses,classes,decision,acceptance,closed,label_entropy,class_entropy,support
0,1,pass,False,False,1|0,A|B,committed,pending,True,0.0,0.0,1
1,1,pass,False,False,1|1,A|B,open,pending,False,1.0,1.0,2
2,1,pass,False,False,1125899906842623|1,A|B,open,pending,False,4.569029158653223e-14,4.569029158653223e-14,2
3,1,pass,False,False,1|1,A|A,committed,pending,True,1.0,0.0,1
4,1,pass,False,True,1|0,A|B,inconsistent,pending,False,0.0,0.0,1
5,1,pass,False,True,1|1,A|B,inconsistent,pending,False,1.0,1.0,2
6,1,pass,False,True,1125899906842623|1,A|B,inconsistent,pending,False,4.569029158653223e-14,4.569029158653223e-14,2
7,1,pass,False,True,1|1,A|A,inconsistent,pending,False,1.0,0.0,1
8,1,pass,True,False,1|0,A|B,committed,accepted,True,0.0,0.0,1
9,1,pass,True,False,1|1,A|B,open,accepted,False,1.0,1.0,2
10,1,pass,True,False,1125899906842623|1,A|B,open,accepted,False,4.569029158653223e-14,4.569029158653223e-14,2
11,1,pass,True,False,1|1,A|A,committed,accepted,True,1.0,0.0,1
12,1,pass,True,True,1|0,A|B,inconsistent,pending,False,0.0,0.0,1
13,1,pass,True,True,1|1,A|B,inconsistent,pending,False,1.0,1.0,2
14,1,pass,True,True,1125899906842623|1,A|B,inconsistent,pending,False,4.569029158653223e-14,4.569029158653223e-14,2
15,1,pass,True,True,1|1,A|A,inconsistent,pending,False,1.0,0.0,1
16,1,fail,False,False,1|0,A|B,committed,pending,True,0.0,0.0,1
17,1,fail,False,False,1|1,A|B,open,pending,False,1.0,1.0,2
18,1,fail,False,False,1125899906842623|1,A|B,open,pending,False,4.569029158653223e-14,4.569029158653223e-14,2
19,1,fail,False,False,1|1,A|A,committed,pending,True,1.0,0.0,1
20,1,fail,False,True,1|0,A|B,inconsistent,pending,False,0.0,0.0,1
21,1,fail,False,True,1|1,A|B,inconsistent,pending,False,1.0,1.0,2
22,1,fail,False,True,1125899906842623|1,A|B,inconsistent,pending,False,4.569029158653223e-14,4.569029158653223e-14,2
23,1,fail,False,True,1|1,A|A,inconsistent,pending,False,1.0,0.0,1
24,1,fail,True,False,1|0,A|B,committed,failed,True,0.0,0.0,1
25,1,fail,True,False,1|1,A|B,open,failed,False,1.0,1.0,2
26,1,fail,True,False,1125899906842623|1,A|B,open,failed,False,4.569029158653223e-14,4.569029158653223e-14,2
27,1,fail,True,False,1|1,A|A,committed,failed,True,1.0,0.0,1
28,1,fail,True,True,1|0,A|B,inconsistent,pending,False,0.0,0.0,1
29,1,fail,True,True,1|1,A|B,inconsistent,pending,False,1.0,1.0,2
30,1,fail,True,True,1125899906842623|1,A|B,inconsistent,pending,False,4.569029158653223e-14,4.569029158653223e-14,2
31,1,fail,True,True,1|1,A|A,inconsistent,pending,False,1.0,0.0,1
32,1,missing,False,False,1|0,A|B,committed,pending,True,0.0,0.0,1
33,1,missing,False,False,1|1,A|B,open,pending,False,1.0,1.0,2
34,1,missing,False,False,1125899906842623|1,A|B,open,pending,False,4.569029158653223e-14,4.569029158653223e-14,2
35,1,missing,False,False,1|1,A|A,committed,pending,True,1.0,0.0,1
36,1,missing,False,True,1|0,A|B,inconsistent,pending,False,0.0,0.0,1
37,1,missing,False,True,1|1,A|B,inconsistent,pending,False,1.0,1.0,2
38,1,missing,False,True,1125899906842623|1,A|B,inconsistent,pending,False,4.569029158653223e-14,4.569029158653223e-14,2
39,1,missing,False,True,1|1,A|A,inconsistent,pending,False,1.0,0.0,1
40,1,missing,True,False,1|0,A|B,committed,pending,True,0.0,0.0,1
41,1,missing,True,False,1|1,A|B,open,pending,False,1.0,1.0,2
42,1,missing,True,False,1125899906842623|1,A|B,open,pending,False,4.569029158653223e-14,4.569029158653223e-14,2
43,1,missing,True,False,1|1,A|A,committed,pending,True,1.0,0.0,1
44,1,missing,True,True,1|0,A|B,inconsistent,pending,False,0.0,0.0,1
45,1,missing,True,True,1|1,A|B,inconsistent,pending,False,1.0,1.0,2
46,1,missing,True,True,1125899906842623|1,A|B,inconsistent,pending,False,4.569029158653223e-14,4.569029158653223e-14,2
47,1,missing,True,True,1|1,A|A,inconsistent,pending,False,1.0,0.0,1
48,1,stale,False,False,1|0,A|B,committed,pending,True,0.0,0.0,1
49,1,stale,False,False,1|1,A|B,open,pending,False,1.0,1.0,2
50,1,stale,False,False,1125899906842623|1,A|B,open,pending,False,4.569029158653223e-14,4.569029158653223e-14,2
51,1,stale,False,False,1|1,A|A,committed,pending,True,1.0,0.0,1
52,1,stale,False,True,1|0,A|B,inconsistent,pending,False,0.0,0.0,1
53,1,stale,False,True,1|1,A|B,inconsistent,pending,False,1.0,1.0,2
54,1,stale,False,True,1125899906842623|1,A|B,inconsistent,pending,False,4.569029158653223e-14,4.569029158653223e-14,2
55,1,stale,False,True,1|1,A|A,inconsistent,pending,False,1.0,0.0,1
56,1,stale,True,False,1|0,A|B,committed,pending,True,0.0,0.0,1
57,1,stale,True,False,1|1,A|B,open,pending,False,1.0,1.0,2
58,1,stale,True,False,1125899906842623|1,A|B,open,pending,False,4.569029158653223e-14,4.569029158653223e-14,2
59,1,stale,True,False,1|1,A|A,committed,pending,True,1.0,0.0,1
60,1,stale,True,True,1|0,A|B,inconsistent,pending,False,0.0,0.0,1
61,1,stale,True,True,1|1,A|B,inconsistent,pending,False,1.0,1.0,2
62,1,stale,True,True,1125899906842623|1,A|B,inconsistent,pending,False,4.569029158653223e-14,4.569029158653223e-14,2
63,1,stale,True,True,1|1,A|A,inconsistent,pending,False,1.0,0.0,1
64,1,other_build,False,False,1|0,A|B,committed,pending,True,0.0,0.0,1
65,1,other_build,False,False,1|1,A|B,open,pending,False,1.0,1.0,2
66,1,other_build,False,False,1125899906842623|1,A|B,open,pending,False,4.569029158653223e-14,4.569029158653223e-14,2
67,1,other_build,False,False,1|1,A|A,committed,pending,True,1.0,0.0,1
68,1,other_build,False,True,1|0,A|B,inconsistent,pending,False,0.0,0.0,1
69,1,other_build,False,True,1|1,A|B,inconsistent,pending,False,1.0,1.0,2
70,1,other_build,False,True,1125899906842623|1,A|B,inconsistent,pending,False,4.569029158653223e-14,4.569029158653223e-14,2
71,1,other_build,False,True,1|1,A|A,inconsistent,pending,False,1.0,0.0,1
72,1,other_build,True,False,1|0,A|B,committed,pending,True,0.0,0.0,1
73,1,other_build,True,False,1|1,A|B,open,pending,False,1.0,1.0,2
74,1,other_build,True,False,1125899906842623|1,A|B,open,pending,False,4.569029158653223e-14,4.569029158653223e-14,2
75,1,other_build,True,False,1|1,A|A,committed,pending,True,1.0,0.0,1
76,1,other_build,True,True,1|0,A|B,inconsistent,pending,False,0.0,0.0,1
77,1,other_build,True,True,1|1,A|B,inconsistent,pending,False,1.0,1.0,2
78,1,other_build,True,True,1125899906842623|1,A|B,inconsistent,pending,False,4.569029158653223e-14,4.569029158653223e-14,2
79,1,other_build,True,True,1|1,A|A,inconsistent,pending,False,1.0,0.0,1
80,2,pass|pass,False,False,1|0,A|B,committed,pending,True,0.0,0.0,1
81,2,pass|pass,False,False,1|1,A|B,open,pending,False,1.0,1.0,2
82,2,pass|pass,False,False,1125899906842623|1,A|B,open,pending,False,4.569029158653223e-14,4.569029158653223e-14,2
83,2,pass|pass,False,False,1|1,A|A,committed,pending,True,1.0,0.0,1
84,2,pass|pass,False,True,1|0,A|B,inconsistent,pending,False,0.0,0.0,1
85,2,pass|pass,False,True,1|1,A|B,inconsistent,pending,False,1.0,1.0,2
86,2,pass|pass,False,True,1125899906842623|1,A|B,inconsistent,pending,False,4.569029158653223e-14,4.569029158653223e-14,2
87,2,pass|pass,False,True,1|1,A|A,inconsistent,pending,False,1.0,0.0,1
88,2,pass|pass,True,False,1|0,A|B,committed,accepted,True,0.0,0.0,1
89,2,pass|pass,True,False,1|1,A|B,open,accepted,False,1.0,1.0,2
90,2,pass|pass,True,False,1125899906842623|1,A|B,open,accepted,False,4.569029158653223e-14,4.569029158653223e-14,2
91,2,pass|pass,True,False,1|1,A|A,committed,accepted,True,1.0,0.0,1
92,2,pass|pass,True,True,1|0,A|B,inconsistent,pending,False,0.0,0.0,1
93,2,pass|pass,True,True,1|1,A|B,inconsistent,pending,False,1.0,1.0,2
94,2,pass|pass,True,True,1125899906842623|1,A|B,inconsistent,pending,False,4.569029158653223e-14,4.569029158653223e-14,2
95,2,pass|pass,True,True,1|1,A|A,inconsistent,pending,False,1.0,0.0,1
96,2,pass|fail,False,False,1|0,A|B,committed,pending,True,0.0,0.0,1
97,2,pass|fail,False,False,1|1,A|B,open,pending,False,1.0,1.0,2
98,2,pass|fail,False,False,1125899906842623|1,A|B,open,pending,False,4.569029158653223e-14,4.569029158653223e-14,2
99,2,pass|fail,False,False,1|1,A|A,committed,pending,True,1.0,0.0,1
100,2,pass|fail,False,True,1|0,A|B,inconsistent,pending,False,0.0,0.0,1
101,2,pass|fail,False,True,1|1,A|B,inconsistent,pending,False,1.0,1.0,2
102,2,pass|fail,False,True,1125899906842623|1,A|B,inconsistent,pending,False,4.569029158653223e-14,4.569029158653223e-14,2
103,2,pass|fail,False,True,1|1,A|A,inconsistent,pending,False,1.0,0.0,1
104,2,pass|fail,True,False,1|0,A|B,committed,failed,True,0.0,0.0,1
105,2,pass|fail,True,False,1|1,A|B,open,failed,False,1.0,1.0,2
106,2,pass|fail,True,False,1125899906842623|1,A|B,open,failed,False,4.569029158653223e-14,4.569029158653223e-14,2
107,2,pass|fail,True,False,1|1,A|A,committed,failed,True,1.0,0.0,1
108,2,pass|fail,True,True,1|0,A|B,inconsistent,pending,False,0.0,0.0,1
109,2,pass|fail,True,True,1|1,A|B,inconsistent,pending,False,1.0,1.0,2
110,2,pass|fail,True,True,1125899906842623|1,A|B,inconsistent,pending,False,4.569029158653223e-14,4.569029158653223e-14,2
111,2,pass|fail,True,True,1|1,A|A,inconsistent,pending,False,1.0,0.0,1
112,2,pass|missing,False,False,1|0,A|B,committed,pending,True,0.0,0.0,1
113,2,pass|missing,False,False,1|1,A|B,open,pending,False,1.0,1.0,2
114,2,pass|missing,False,False,1125899906842623|1,A|B,open,pending,False,4.569029158653223e-14,4.569029158653223e-14,2
115,2,pass|missing,False,False,1|1,A|A,committed,pending,True,1.0,0.0,1
116,2,pass|missing,False,True,1|0,A|B,inconsistent,pending,False,0.0,0.0,1
117,2,pass|missing,False,True,1|1,A|B,inconsistent,pending,False,1.0,1.0,2
118,2,pass|missing,False,True,1125899906842623|1,A|B,inconsistent,pending,False,4.569029158653223e-14,4.569029158653223e-14,2
119,2,pass|missing,False,True,1|1,A|A,inconsistent,pending,False,1.0,0.0,1
120,2,pass|missing,True,False,1|0,A|B,committed,pending,True,0.0,0.0,1
121,2,pass|missing,True,False,1|1,A|B,open,pending,False,1.0,1.0,2
122,2,pass|missing,True,False,1125899906842623|1,A|B,open,pending,False,4.569029158653223e-14,4.569029158653223e-14,2
123,2,pass|missing,True,False,1|1,A|A,committed,pending,True,1.0,0.0,1
124,2,pass|missing,True,True,1|0,A|B,inconsistent,pending,False,0.0,0.0,1
125,2,pass|missing,True,True,1|1,A|B,inconsistent,pending,False,1.0,1.0,2
126,2,pass|missing,True,True,1125899906842623|1,A|B,inconsistent,pending,False,4.569029158653223e-14,4.569029158653223e-14,2
127,2,pass|missing,True,True,1|1,A|A,inconsistent,pending,False,1.0,0.0,1
128,2,pass|stale,False,False,1|0,A|B,committed,pending,True,0.0,0.0,1
129,2,pass|stale,False,False,1|1,A|B,open,pending,False,1.0,1.0,2
130,2,pass|stale,False,False,1125899906842623|1,A|B,open,pending,False,4.569029158653223e-14,4.569029158653223e-14,2
131,2,pass|stale,False,False,1|1,A|A,committed,pending,True,1.0,0.0,1
132,2,pass|stale,False,True,1|0,A|B,inconsistent,pending,False,0.0,0.0,1
133,2,pass|stale,False,True,1|1,A|B,inconsistent,pending,False,1.0,1.0,2
134,2,pass|stale,False,True,1125899906842623|1,A|B,inconsistent,pending,False,4.569029158653223e-14,4.569029158653223e-14,2
135,2,pass|stale,False,True,1|1,A|A,inconsistent,pending,False,1.0,0.0,1
136,2,pass|stale,True,False,1|0,A|B,committed,pending,True,0.0,0.0,1
137,2,pass|stale,True,False,1|1,A|B,open,pending,False,1.0,1.0,2
138,2,pass|stale,True,False,1125899906842623|1,A|B,open,pending,False,4.569029158653223e-14,4.569029158653223e-14,2
139,2,pass|stale,True,False,1|1,A|A,committed,pending,True,1.0,0.0,1
140,2,pass|stale,True,True,1|0,A|B,inconsistent,pending,False,0.0,0.0,1
141,2,pass|stale,True,True,1|1,A|B,inconsistent,pending,False,1.0,1.0,2
142,2,pass|stale,True,True,1125899906842623|1,A|B,inconsistent,pending,False,4.569029158653223e-14,4.569029158653223e-14,2
143,2,pass|stale,True,True,1|1,A|A,inconsistent,pending,False,1.0,0.0,1
144,2,pass|other_build,False,False,1|0,A|B,committed,pending,True,0.0,0.0,1
145,2,pass|other_build,False,False,1|1,A|B,open,pending,False,1.0,1.0,2
146,2,pass|other_build,False,False,1125899906842623|1,A|B,open,pending,False,4.569029158653223e-14,4.569029158653223e-14,2
147,2,pass|other_build,False,False,1|1,A|A,committed,pending,True,1.0,0.0,1
148,2,pass|other_build,False,True,1|0,A|B,inconsistent,pending,False,0.0,0.0,1
149,2,pass|other_build,False,True,1|1,A|B,inconsistent,pending,False,1.0,1.0,2
150,2,pass|other_build,False,True,1125899906842623|1,A|B,inconsistent,pending,False,4.569029158653223e-14,4.569029158653223e-14,2
151,2,pass|other_build,False,True,1|1,A|A,inconsistent,pending,False,1.0,0.0,1
152,2,pass|other_build,True,False,1|0,A|B,committed,pending,True,0.0,0.0,1
153,2,pass|other_build,True,False,1|1,A|B,open,pending,False,1.0,1.0,2
154,2,pass|other_build,True,False,1125899906842623|1,A|B,open,pending,False,4.569029158653223e-14,4.569029158653223e-14,2
155,2,pass|other_build,True,False,1|1,A|A,committed,pending,True,1.0,0.0,1
156,2,pass|other_build,True,True,1|0,A|B,inconsistent,pending,False,0.0,0.0,1
157,2,pass|other_build,True,True,1|1,A|B,inconsistent,pending,False,1.0,1.0,2
158,2,pass|other_build,True,True,1125899906842623|1,A|B,inconsistent,pending,False,4.569029158653223e-14,4.569029158653223e-14,2
159,2,pass|other_build,True,True,1|1,A|A,inconsistent,pending,False,1.0,0.0,1
160,2,fail|pass,False,False,1|0,A|B,committed,pending,True,0.0,0.0,1
161,2,fail|pass,False,False,1|1,A|B,open,pending,False,1.0,1.0,2
162,2,fail|pass,False,False,1125899906842623|1,A|B,open,pending,False,4.569029158653223e-14,4.569029158653223e-14,2
163,2,fail|pass,False,False,1|1,A|A,committed,pending,True,1.0,0.0,1
164,2,fail|pass,False,True,1|0,A|B,inconsistent,pending,False,0.0,0.0,1
165,2,fail|pass,False,True,1|1,A|B,inconsistent,pending,False,1.0,1.0,2
166,2,fail|pass,False,True,1125899906842623|1,A|B,inconsistent,pending,False,4.569029158653223e-14,4.569029158653223e-14,2
167,2,fail|pass,False,True,1|1,A|A,inconsistent,pending,False,1.0,0.0,1
168,2,fail|pass,True,False,1|0,A|B,committed,failed,True,0.0,0.0,1
169,2,fail|pass,True,False,1|1,A|B,open,failed,False,1.0,1.0,2
170,2,fail|pass,True,False,1125899906842623|1,A|B,open,failed,False,4.569029158653223e-14,4.569029158653223e-14,2
171,2,fail|pass,True,False,1|1,A|A,committed,failed,True,1.0,0.0,1
172,2,fail|pass,True,True,1|0,A|B,inconsistent,pending,False,0.0,0.0,1
173,2,fail|pass,True,True,1|1,A|B,inconsistent,pending,False,1.0,1.0,2
174,2,fail|pass,True,True,1125899906842623|1,A|B,inconsistent,pending,False,4.569029158653223e-14,4.569029158653223e-14,2
175,2,fail|pass,True,True,1|1,A|A,inconsistent,pending,False,1.0,0.0,1
176,2,fail|fail,False,False,1|0,A|B,committed,pending,True,0.0,0.0,1
177,2,fail|fail,False,False,1|1,A|B,open,pending,False,1.0,1.0,2
178,2,fail|fail,False,False,1125899906842623|1,A|B,open,pending,False,4.569029158653223e-14,4.569029158653223e-14,2
179,2,fail|fail,False,False,1|1,A|A,committed,pending,True,1.0,0.0,1
180,2,fail|fail,False,True,1|0,A|B,inconsistent,pending,False,0.0,0.0,1
181,2,fail|fail,False,True,1|1,A|B,inconsistent,pending,False,1.0,1.0,2
182,2,fail|fail,False,True,1125899906842623|1,A|B,inconsistent,pending,False,4.569029158653223e-14,4.569029158653223e-14,2
183,2,fail|fail,False,True,1|1,A|A,inconsistent,pending,False,1.0,0.0,1
184,2,fail|fail,True,False,1|0,A|B,committed,failed,True,0.0,0.0,1
185,2,fail|fail,True,False,1|1,A|B,open,failed,False,1.0,1.0,2
186,2,fail|fail,True,False,1125899906842623|1,A|B,open,failed,False,4.569029158653223e-14,4.569029158653223e-14,2
187,2,fail|fail,True,False,1|1,A|A,committed,failed,True,1.0,0.0,1
188,2,fail|fail,True,True,1|0,A|B,inconsistent,pending,False,0.0,0.0,1
189,2,fail|fail,True,True,1|1,A|B,inconsistent,pending,False,1.0,1.0,2
190,2,fail|fail,True,True,1125899906842623|1,A|B,inconsistent,pending,False,4.569029158653223e-14,4.569029158653223e-14,2
191,2,fail|fail,True,True,1|1,A|A,inconsistent,pending,False,1.0,0.0,1
192,2,fail|missing,False,False,1|0,A|B,committed,pending,True,0.0,0.0,1
193,2,fail|missing,False,False,1|1,A|B,open,pending,False,1.0,1.0,2
194,2,fail|missing,False,False,1125899906842623|1,A|B,open,pending,False,4.569029158653223e-14,4.569029158653223e-14,2
195,2,fail|missing,False,False,1|1,A|A,committed,pending,True,1.0,0.0,1
196,2,fail|missing,False,True,1|0,A|B,inconsistent,pending,False,0.0,0.0,1
197,2,fail|missing,False,True,1|1,A|B,inconsistent,pending,False,1.0,1.0,2
198,2,fail|missing,False,True,1125899906842623|1,A|B,inconsistent,pending,False,4.569029158653223e-14,4.569029158653223e-14,2
199,2,fail|missing,False,True,1|1,A|A,inconsistent,pending,False,1.0,0.0,1
200,2,fail|missing,True,False,1|0,A|B,committed,pending,True,0.0,0.0,1
201,2,fail|missing,True,False,1|1,A|B,open,pending,False,1.0,1.0,2
202,2,fail|missing,True,False,1125899906842623|1,A|B,open,pending,False,4.569029158653223e-14,4.569029158653223e-14,2
203,2,fail|missing,True,False,1|1,A|A,committed,pending,True,1.0,0.0,1
204,2,fail|missing,True,True,1|0,A|B,inconsistent,pending,False,0.0,0.0,1
205,2,fail|missing,True,True,1|1,A|B,inconsistent,pending,False,1.0,1.0,2
206,2,fail|missing,True,True,1125899906842623|1,A|B,inconsistent,pending,False,4.569029158653223e-14,4.569029158653223e-14,2
207,2,fail|missing,True,True,1|1,A|A,inconsistent,pending,False,1.0,0.0,1
208,2,fail|stale,False,False,1|0,A|B,committed,pending,True,0.0,0.0,1
209,2,fail|stale,False,False,1|1,A|B,open,pending,False,1.0,1.0,2
210,2,fail|stale,False,False,1125899906842623|1,A|B,open,pending,False,4.569029158653223e-14,4.569029158653223e-14,2
211,2,fail|stale,False,False,1|1,A|A,committed,pending,True,1.0,0.0,1
212,2,fail|stale,False,True,1|0,A|B,inconsistent,pending,False,0.0,0.0,1
213,2,fail|stale,False,True,1|1,A|B,inconsistent,pending,False,1.0,1.0,2
214,2,fail|stale,False,True,1125899906842623|1,A|B,inconsistent,pending,False,4.569029158653223e-14,4.569029158653223e-14,2
215,2,fail|stale,False,True,1|1,A|A,inconsistent,pending,False,1.0,0.0,1
216,2,fail|stale,True,False,1|0,A|B,committed,pending,True,0.0,0.0,1
217,2,fail|stale,True,False,1|1,A|B,open,pending,False,1.0,1.0,2
218,2,fail|stale,True,False,1125899906842623|1,A|B,open,pending,False,4.569029158653223e-14,4.569029158653223e-14,2
219,2,fail|stale,True,False,1|1,A|A,committed,pending,True,1.0,0.0,1
220,2,fail|stale,True,True,1|0,A|B,inconsistent,pending,False,0.0,0.0,1
221,2,fail|stale,True,True,1|1,A|B,inconsistent,pending,False,1.0,1.0,2
222,2,fail|stale,True,True,1125899906842623|1,A|B,inconsistent,pending,False,4.569029158653223e-14,4.569029158653223e-14,2
223,2,fail|stale,True,True,1|1,A|A,inconsistent,pending,False,1.0,0.0,1
224,2,fail|other_build,False,False,1|0,A|B,committed,pending,True,0.0,0.0,1
225,2,fail|other_build,False,False,1|1,A|B,open,pending,False,1.0,1.0,2
226,2,fail|other_build,False,False,1125899906842623|1,A|B,open,pending,False,4.569029158653223e-14,4.569029158653223e-14,2
227,2,fail|other_build,False,False,1|1,A|A,committed,pending,True,1.0,0.0,1
228,2,fail|other_build,False,True,1|0,A|B,inconsistent,pending,False,0.0,0.0,1
229,2,fail|other_build,False,True,1|1,A|B,inconsistent,pending,False,1.0,1.0,2
230,2,fail|other_build,False,True,1125899906842623|1,A|B,inconsistent,pending,False,4.569029158653223e-14,4.569029158653223e-14,2
231,2,fail|other_build,False,True,1|1,A|A,inconsistent,pending,False,1.0,0.0,1
232,2,fail|other_build,True,False,1|0,A|B,committed,pending,True,0.0,0.0,1
233,2,fail|other_build,True,False,1|1,A|B,open,pending,False,1.0,1.0,2
234,2,fail|other_build,True,False,1125899906842623|1,A|B,open,pending,False,4.569029158653223e-14,4.569029158653223e-14,2
235,2,fail|other_build,True,False,1|1,A|A,committed,pending,True,1.0,0.0,1
236,2,fail|other_build,True,True,1|0,A|B,inconsistent,pending,False,0.0,0.0,1
237,2,fail|other_build,True,True,1|1,A|B,inconsistent,pending,False,1.0,1.0,2
238,2,fail|other_build,True,True,1125899906842623|1,A|B,inconsistent,pending,False,4.569029158653223e-14,4.569029158653223e-14,2
239,2,fail|other_build,True,True,1|1,A|A,inconsistent,pending,False,1.0,0.0,1
240,2,missing|pass,False,False,1|0,A|B,committed,pending,True,0.0,0.0,1
241,2,missing|pass,False,False,1|1,A|B,open,pending,False,1.0,1.0,2
242,2,missing|pass,False,False,1125899906842623|1,A|B,open,pending,False,4.569029158653223e-14,4.569029158653223e-14,2
243,2,missing|pass,False,False,1|1,A|A,committed,pending,True,1.0,0.0,1
244,2,missing|pass,False,True,1|0,A|B,inconsistent,pending,False,0.0,0.0,1
245,2,missing|pass,False,True,1|1,A|B,inconsistent,pending,False,1.0,1.0,2
246,2,missing|pass,False,True,1125899906842623|1,A|B,inconsistent,pending,False,4.569029158653223e-14,4.569029158653223e-14,2
247,2,missing|pass,False,True,1|1,A|A,inconsistent,pending,False,1.0,0.0,1
248,2,missing|pass,True,False,1|0,A|B,committed,pending,True,0.0,0.0,1
249,2,missing|pass,True,False,1|1,A|B,open,pending,False,1.0,1.0,2
250,2,missing|pass,True,False,1125899906842623|1,A|B,open,pending,False,4.569029158653223e-14,4.569029158653223e-14,2
251,2,missing|pass,True,False,1|1,A|A,committed,pending,True,1.0,0.0,1
252,2,missing|pass,True,True,1|0,A|B,inconsistent,pending,False,0.0,0.0,1
253,2,missing|pass,True,True,1|1,A|B,inconsistent,pending,False,1.0,1.0,2
254,2,missing|pass,True,True,1125899906842623|1,A|B,inconsistent,pending,False,4.569029158653223e-14,4.569029158653223e-14,2
255,2,missing|pass,True,True,1|1,A|A,inconsistent,pending,False,1.0,0.0,1
256,2,missing|fail,False,False,1|0,A|B,committed,pending,True,0.0,0.0,1
257,2,missing|fail,False,False,1|1,A|B,open,pending,False,1.0,1.0,2
258,2,missing|fail,False,False,1125899906842623|1,A|B,open,pending,False,4.569029158653223e-14,4.569029158653223e-14,2
259,2,missing|fail,False,False,1|1,A|A,committed,pending,True,1.0,0.0,1
260,2,missing|fail,False,True,1|0,A|B,inconsistent,pending,False,0.0,0.0,1
261,2,missing|fail,False,True,1|1,A|B,inconsistent,pending,False,1.0,1.0,2
262,2,missing|fail,False,True,1125899906842623|1,A|B,inconsistent,pending,False,4.569029158653223e-14,4.569029158653223e-14,2
263,2,missing|fail,False,True,1|1,A|A,inconsistent,pending,False,1.0,0.0,1
264,2,missing|fail,True,False,1|0,A|B,committed,pending,True,0.0,0.0,1
265,2,missing|fail,True,False,1|1,A|B,open,pending,False,1.0,1.0,2
266,2,missing|fail,True,False,1125899906842623|1,A|B,open,pending,False,4.569029158653223e-14,4.569029158653223e-14,2
267,2,missing|fail,True,False,1|1,A|A,committed,pending,True,1.0,0.0,1
268,2,missing|fail,True,True,1|0,A|B,inconsistent,pending,False,0.0,0.0,1
269,2,missing|fail,True,True,1|1,A|B,inconsistent,pending,False,1.0,1.0,2
270,2,missing|fail,True,True,1125899906842623|1,A|B,inconsistent,pending,False,4.569029158653223e-14,4.569029158653223e-14,2
271,2,missing|fail,True,True,1|1,A|A,inconsistent,pending,False,1.0,0.0,1
272,2,missing|missing,False,False,1|0,A|B,committed,pending,True,0.0,0.0,1
273,2,missing|missing,False,False,1|1,A|B,open,pending,False,1.0,1.0,2
274,2,missing|missing,False,False,1125899906842623|1,A|B,open,pending,False,4.569029158653223e-14,4.569029158653223e-14,2
275,2,missing|missing,False,False,1|1,A|A,committed,pending,True,1.0,0.0,1
276,2,missing|missing,False,True,1|0,A|B,inconsistent,pending,False,0.0,0.0,1
277,2,missing|missing,False,True,1|1,A|B,inconsistent,pending,False,1.0,1.0,2
278,2,missing|missing,False,True,1125899906842623|1,A|B,inconsistent,pending,False,4.569029158653223e-14,4.569029158653223e-14,2
279,2,missing|missing,False,True,1|1,A|A,inconsistent,pending,False,1.0,0.0,1
280,2,missing|missing,True,False,1|0,A|B,committed,pending,True,0.0,0.0,1
281,2,missing|missing,True,False,1|1,A|B,open,pending,False,1.0,1.0,2
282,2,missing|missing,True,False,1125899906842623|1,A|B,open,pending,False,4.569029158653223e-14,4.569029158653223e-14,2
283,2,missing|missing,True,False,1|1,A|A,committed,pending,True,1.0,0.0,1
284,2,missing|missing,True,True,1|0,A|B,inconsistent,pending,False,0.0,0.0,1
285,2,missing|missing,True,True,1|1,A|B,inconsistent,pending,False,1.0,1.0,2
286,2,missing|missing,True,True,1125899906842623|1,A|B,inconsistent,pending,False,4.569029158653223e-14,4.569029158653223e-14,2
287,2,missing|missing,True,True,1|1,A|A,inconsistent,pending,False,1.0,0.0,1
288,2,missing|stale,False,False,1|0,A|B,committed,pending,True,0.0,0.0,1
289,2,missing|stale,False,False,1|1,A|B,open,pending,False,1.0,1.0,2
290,2,missing|stale,False,False,1125899906842623|1,A|B,open,pending,False,4.569029158653223e-14,4.569029158653223e-14,2
291,2,missing|stale,False,False,1|1,A|A,committed,pending,True,1.0,0.0,1
292,2,missing|stale,False,True,1|0,A|B,inconsistent,pending,False,0.0,0.0,1
293,2,missing|stale,False,True,1|1,A|B,inconsistent,pending,False,1.0,1.0,2
294,2,missing|stale,False,True,1125899906842623|1,A|B,inconsistent,pending,False,4.569029158653223e-14,4.569029158653223e-14,2
295,2,missing|stale,False,True,1|1,A|A,inconsistent,pending,False,1.0,0.0,1
296,2,missing|stale,True,False,1|0,A|B,committed,pending,True,0.0,0.0,1
297,2,missing|stale,True,False,1|1,A|B,open,pending,False,1.0,1.0,2
298,2,missing|stale,True,False,1125899906842623|1,A|B,open,pending,False,4.569029158653223e-14,4.569029158653223e-14,2
299,2,missing|stale,True,False,1|1,A|A,committed,pending,True,1.0,0.0,1
300,2,missing|stale,True,True,1|0,A|B,inconsistent,pending,False,0.0,0.0,1
301,2,missing|stale,True,True,1|1,A|B,inconsistent,pending,False,1.0,1.0,2
302,2,missing|stale,True,True,1125899906842623|1,A|B,inconsistent,pending,False,4.569029158653223e-14,4.569029158653223e-14,2
303,2,missing|stale,True,True,1|1,A|A,inconsistent,pending,False,1.0,0.0,1
304,2,missing|other_build,False,False,1|0,A|B,committed,pending,True,0.0,0.0,1
305,2,missing|other_build,False,False,1|1,A|B,open,pending,False,1.0,1.0,2
306,2,missing|other_build,False,False,1125899906842623|1,A|B,open,pending,False,4.569029158653223e-14,4.569029158653223e-14,2
307,2,missing|other_build,False,False,1|1,A|A,committed,pending,True,1.0,0.0,1
308,2,missing|other_build,False,True,1|0,A|B,inconsistent,pending,False,0.0,0.0,1
309,2,missing|other_build,False,True,1|1,A|B,inconsistent,pending,False,1.0,1.0,2
310,2,missing|other_build,False,True,1125899906842623|1,A|B,inconsistent,pending,False,4.569029158653223e-14,4.569029158653223e-14,2
311,2,missing|other_build,False,True,1|1,A|A,inconsistent,pending,False,1.0,0.0,1
312,2,missing|other_build,True,False,1|0,A|B,committed,pending,True,0.0,0.0,1
313,2,missing|other_build,True,False,1|1,A|B,open,pending,False,1.0,1.0,2
314,2,missing|other_build,True,False,1125899906842623|1,A|B,open,pending,False,4.569029158653223e-14,4.569029158653223e-14,2
315,2,missing|other_build,True,False,1|1,A|A,committed,pending,True,1.0,0.0,1
316,2,missing|other_build,True,True,1|0,A|B,inconsistent,pending,False,0.0,0.0,1
317,2,missing|other_build,True,True,1|1,A|B,inconsistent,pending,False,1.0,1.0,2
318,2,missing|other_build,True,True,1125899906842623|1,A|B,inconsistent,pending,False,4.569029158653223e-14,4.569029158653223e-14,2
319,2,missing|other_build,True,True,1|1,A|A,inconsistent,pending,False,1.0,0.0,1
320,2,stale|pass,False,False,1|0,A|B,committed,pending,True,0.0,0.0,1
321,2,stale|pass,False,False,1|1,A|B,open,pending,False,1.0,1.0,2
322,2,stale|pass,False,False,1125899906842623|1,A|B,open,pending,False,4.569029158653223e-14,4.569029158653223e-14,2
323,2,stale|pass,False,False,1|1,A|A,committed,pending,True,1.0,0.0,1
324,2,stale|pass,False,True,1|0,A|B,inconsistent,pending,False,0.0,0.0,1
325,2,stale|pass,False,True,1|1,A|B,inconsistent,pending,False,1.0,1.0,2
326,2,stale|pass,False,True,1125899906842623|1,A|B,inconsistent,pending,False,4.569029158653223e-14,4.569029158653223e-14,2
327,2,stale|pass,False,True,1|1,A|A,inconsistent,pending,False,1.0,0.0,1
328,2,stale|pass,True,False,1|0,A|B,committed,pending,True,0.0,0.0,1
329,2,stale|pass,True,False,1|1,A|B,open,pending,False,1.0,1.0,2
330,2,stale|pass,True,False,1125899906842623|1,A|B,open,pending,False,4.569029158653223e-14,4.569029158653223e-14,2
331,2,stale|pass,True,False,1|1,A|A,committed,pending,True,1.0,0.0,1
332,2,stale|pass,True,True,1|0,A|B,inconsistent,pending,False,0.0,0.0,1
333,2,stale|pass,True,True,1|1,A|B,inconsistent,pending,False,1.0,1.0,2
334,2,stale|pass,True,True,1125899906842623|1,A|B,inconsistent,pending,False,4.569029158653223e-14,4.569029158653223e-14,2
335,2,stale|pass,True,True,1|1,A|A,inconsistent,pending,False,1.0,0.0,1
336,2,stale|fail,False,False,1|0,A|B,committed,pending,True,0.0,0.0,1
337,2,stale|fail,False,False,1|1,A|B,open,pending,False,1.0,1.0,2
338,2,stale|fail,False,False,1125899906842623|1,A|B,open,pending,False,4.569029158653223e-14,4.569029158653223e-14,2
339,2,stale|fail,False,False,1|1,A|A,committed,pending,True,1.0,0.0,1
340,2,stale|fail,False,True,1|0,A|B,inconsistent,pending,False,0.0,0.0,1
341,2,stale|fail,False,True,1|1,A|B,inconsistent,pending,False,1.0,1.0,2
342,2,stale|fail,False,True,1125899906842623|1,A|B,inconsistent,pending,False,4.569029158653223e-14,4.569029158653223e-14,2
343,2,stale|fail,False,True,1|1,A|A,inconsistent,pending,False,1.0,0.0,1
344,2,stale|fail,True,False,1|0,A|B,committed,pending,True,0.0,0.0,1
345,2,stale|fail,True,False,1|1,A|B,open,pending,False,1.0,1.0,2
346,2,stale|fail,True,False,1125899906842623|1,A|B,open,pending,False,4.569029158653223e-14,4.569029158653223e-14,2
347,2,stale|fail,True,False,1|1,A|A,committed,pending,True,1.0,0.0,1
348,2,stale|fail,True,True,1|0,A|B,inconsistent,pending,False,0.0,0.0,1
349,2,stale|fail,True,True,1|1,A|B,inconsistent,pending,False,1.0,1.0,2
350,2,stale|fail,True,True,1125899906842623|1,A|B,inconsistent,pending,False,4.569029158653223e-14,4.569029158653223e-14,2
351,2,stale|fail,True,True,1|1,A|A,inconsistent,pending,False,1.0,0.0,1
352,2,stale|missing,False,False,1|0,A|B,committed,pending,True,0.0,0.0,1
353,2,stale|missing,False,False,1|1,A|B,open,pending,False,1.0,1.0,2
354,2,stale|missing,False,False,1125899906842623|1,A|B,open,pending,False,4.569029158653223e-14,4.569029158653223e-14,2
355,2,stale|missing,False,False,1|1,A|A,committed,pending,True,1.0,0.0,1
356,2,stale|missing,False,True,1|0,A|B,inconsistent,pending,False,0.0,0.0,1
357,2,stale|missing,False,True,1|1,A|B,inconsistent,pending,False,1.0,1.0,2
358,2,stale|missing,False,True,1125899906842623|1,A|B,inconsistent,pending,False,4.569029158653223e-14,4.569029158653223e-14,2
359,2,stale|missing,False,True,1|1,A|A,inconsistent,pending,False,1.0,0.0,1
360,2,stale|missing,True,False,1|0,A|B,committed,pending,True,0.0,0.0,1
361,2,stale|missing,True,False,1|1,A|B,open,pending,False,1.0,1.0,2
362,2,stale|missing,True,False,1125899906842623|1,A|B,open,pending,False,4.569029158653223e-14,4.569029158653223e-14,2
363,2,stale|missing,True,False,1|1,A|A,committed,pending,True,1.0,0.0,1
364,2,stale|missing,True,True,1|0,A|B,inconsistent,pending,False,0.0,0.0,1
365,2,stale|missing,True,True,1|1,A|B,inconsistent,pending,False,1.0,1.0,2
366,2,stale|missing,True,True,1125899906842623|1,A|B,inconsistent,pending,False,4.569029158653223e-14,4.569029158653223e-14,2
367,2,stale|missing,True,True,1|1,A|A,inconsistent,pending,False,1.0,0.0,1
368,2,stale|stale,False,False,1|0,A|B,committed,pending,True,0.0,0.0,1
369,2,stale|stale,False,False,1|1,A|B,open,pending,False,1.0,1.0,2
370,2,stale|stale,False,False,1125899906842623|1,A|B,open,pending,False,4.569029158653223e-14,4.569029158653223e-14,2
371,2,stale|stale,False,False,1|1,A|A,committed,pending,True,1.0,0.0,1
372,2,stale|stale,False,True,1|0,A|B,inconsistent,pending,False,0.0,0.0,1
373,2,stale|stale,False,True,1|1,A|B,inconsistent,pending,False,1.0,1.0,2
374,2,stale|stale,False,True,1125899906842623|1,A|B,inconsistent,pending,False,4.569029158653223e-14,4.569029158653223e-14,2
375,2,stale|stale,False,True,1|1,A|A,inconsistent,pending,False,1.0,0.0,1
376,2,stale|stale,True,False,1|0,A|B,committed,pending,True,0.0,0.0,1
377,2,stale|stale,True,False,1|1,A|B,open,pending,False,1.0,1.0,2
378,2,stale|stale,True,False,1125899906842623|1,A|B,open,pending,False,4.569029158653223e-14,4.569029158653223e-14,2
379,2,stale|stale,True,False,1|1,A|A,committed,pending,True,1.0,0.0,1
380,2,stale|stale,True,True,1|0,A|B,inconsistent,pending,False,0.0,0.0,1
381,2,stale|stale,True,True,1|1,A|B,inconsistent,pending,False,1.0,1.0,2
382,2,stale|stale,True,True,1125899906842623|1,A|B,inconsistent,pending,False,4.569029158653223e-14,4.569029158653223e-14,2
383,2,stale|stale,True,True,1|1,A|A,inconsistent,pending,False,1.0,0.0,1
384,2,stale|other_build,False,False,1|0,A|B,committed,pending,True,0.0,0.0,1
385,2,stale|other_build,False,False,1|1,A|B,open,pending,False,1.0,1.0,2
386,2,stale|other_build,False,False,1125899906842623|1,A|B,open,pending,False,4.569029158653223e-14,4.569029158653223e-14,2
387,2,stale|other_build,False,False,1|1,A|A,committed,pending,True,1.0,0.0,1
388,2,stale|other_build,False,True,1|0,A|B,inconsistent,pending,False,0.0,0.0,1
389,2,stale|other_build,False,True,1|1,A|B,inconsistent,pending,False,1.0,1.0,2
390,2,stale|other_build,False,True,1125899906842623|1,A|B,inconsistent,pending,False,4.569029158653223e-14,4.569029158653223e-14,2
391,2,stale|other_build,False,True,1|1,A|A,inconsistent,pending,False,1.0,0.0,1
392,2,stale|other_build,True,False,1|0,A|B,committed,pending,True,0.0,0.0,1
393,2,stale|other_build,True,False,1|1,A|B,open,pending,False,1.0,1.0,2
394,2,stale|other_build,True,False,1125899906842623|1,A|B,open,pending,False,4.569029158653223e-14,4.569029158653223e-14,2
395,2,stale|other_build,True,False,1|1,A|A,committed,pending,True,1.0,0.0,1
396,2,stale|other_build,True,True,1|0,A|B,inconsistent,pending,False,0.0,0.0,1
397,2,stale|other_build,True,True,1|1,A|B,inconsistent,pending,False,1.0,1.0,2
398,2,stale|other_build,True,True,1125899906842623|1,A|B,inconsistent,pending,False,4.569029158653223e-14,4.569029158653223e-14,2
399,2,stale|other_build,True,True,1|1,A|A,inconsistent,pending,False,1.0,0.0,1
400,2,other_build|pass,False,False,1|0,A|B,committed,pending,True,0.0,0.0,1
401,2,other_build|pass,False,False,1|1,A|B,open,pending,False,1.0,1.0,2
402,2,other_build|pass,False,False,1125899906842623|1,A|B,open,pending,False,4.569029158653223e-14,4.569029158653223e-14,2
403,2,other_build|pass,False,False,1|1,A|A,committed,pending,True,1.0,0.0,1
404,2,other_build|pass,False,True,1|0,A|B,inconsistent,pending,False,0.0,0.0,1
405,2,other_build|pass,False,True,1|1,A|B,inconsistent,pending,False,1.0,1.0,2
406,2,other_build|pass,False,True,1125899906842623|1,A|B,inconsistent,pending,False,4.569029158653223e-14,4.569029158653223e-14,2
407,2,other_build|pass,False,True,1|1,A|A,inconsistent,pending,False,1.0,0.0,1
408,2,other_build|pass,True,False,1|0,A|B,committed,pending,True,0.0,0.0,1
409,2,other_build|pass,True,False,1|1,A|B,open,pending,False,1.0,1.0,2
410,2,other_build|pass,True,False,1125899906842623|1,A|B,open,pending,False,4.569029158653223e-14,4.569029158653223e-14,2
411,2,other_build|pass,True,False,1|1,A|A,committed,pending,True,1.0,0.0,1
412,2,other_build|pass,True,True,1|0,A|B,inconsistent,pending,False,0.0,0.0,1
413,2,other_build|pass,True,True,1|1,A|B,inconsistent,pending,False,1.0,1.0,2
414,2,other_build|pass,True,True,1125899906842623|1,A|B,inconsistent,pending,False,4.569029158653223e-14,4.569029158653223e-14,2
415,2,other_build|pass,True,True,1|1,A|A,inconsistent,pending,False,1.0,0.0,1
416,2,other_build|fail,False,False,1|0,A|B,committed,pending,True,0.0,0.0,1
417,2,other_build|fail,False,False,1|1,A|B,open,pending,False,1.0,1.0,2
418,2,other_build|fail,False,False,1125899906842623|1,A|B,open,pending,False,4.569029158653223e-14,4.569029158653223e-14,2
419,2,other_build|fail,False,False,1|1,A|A,committed,pending,True,1.0,0.0,1
420,2,other_build|fail,False,True,1|0,A|B,inconsistent,pending,False,0.0,0.0,1
421,2,other_build|fail,False,True,1|1,A|B,inconsistent,pending,False,1.0,1.0,2
422,2,other_build|fail,False,True,1125899906842623|1,A|B,inconsistent,pending,False,4.569029158653223e-14,4.569029158653223e-14,2
423,2,other_build|fail,False,True,1|1,A|A,inconsistent,pending,False,1.0,0.0,1
424,2,other_build|fail,True,False,1|0,A|B,committed,pending,True,0.0,0.0,1
425,2,other_build|fail,True,False,1|1,A|B,open,pending,False,1.0,1.0,2
426,2,other_build|fail,True,False,1125899906842623|1,A|B,open,pending,False,4.569029158653223e-14,4.569029158653223e-14,2
427,2,other_build|fail,True,False,1|1,A|A,committed,pending,True,1.0,0.0,1
428,2,other_build|fail,True,True,1|0,A|B,inconsistent,pending,False,0.0,0.0,1
429,2,other_build|fail,True,True,1|1,A|B,inconsistent,pending,False,1.0,1.0,2
430,2,other_build|fail,True,True,1125899906842623|1,A|B,inconsistent,pending,False,4.569029158653223e-14,4.569029158653223e-14,2
431,2,other_build|fail,True,True,1|1,A|A,inconsistent,pending,False,1.0,0.0,1
432,2,other_build|missing,False,False,1|0,A|B,committed,pending,True,0.0,0.0,1
433,2,other_build|missing,False,False,1|1,A|B,open,pending,False,1.0,1.0,2
434,2,other_build|missing,False,False,1125899906842623|1,A|B,open,pending,False,4.569029158653223e-14,4.569029158653223e-14,2
435,2,other_build|missing,False,False,1|1,A|A,committed,pending,True,1.0,0.0,1
436,2,other_build|missing,False,True,1|0,A|B,inconsistent,pending,False,0.0,0.0,1
437,2,other_build|missing,False,True,1|1,A|B,inconsistent,pending,False,1.0,1.0,2
438,2,other_build|missing,False,True,1125899906842623|1,A|B,inconsistent,pending,False,4.569029158653223e-14,4.569029158653223e-14,2
439,2,other_build|missing,False,True,1|1,A|A,inconsistent,pending,False,1.0,0.0,1
440,2,other_build|missing,True,False,1|0,A|B,committed,pending,True,0.0,0.0,1
441,2,other_build|missing,True,False,1|1,A|B,open,pending,False,1.0,1.0,2
442,2,other_build|missing,True,False,1125899906842623|1,A|B,open,pending,False,4.569029158653223e-14,4.569029158653223e-14,2
443,2,other_build|missing,True,False,1|1,A|A,committed,pending,True,1.0,0.0,1
444,2,other_build|missing,True,True,1|0,A|B,inconsistent,pending,False,0.0,0.0,1
445,2,other_build|missing,True,True,1|1,A|B,inconsistent,pending,False,1.0,1.0,2
446,2,other_build|missing,True,True,1125899906842623|1,A|B,inconsistent,pending,False,4.569029158653223e-14,4.569029158653223e-14,2
447,2,other_build|missing,True,True,1|1,A|A,inconsistent,pending,False,1.0,0.0,1
448,2,other_build|stale,False,False,1|0,A|B,committed,pending,True,0.0,0.0,1
449,2,other_build|stale,False,False,1|1,A|B,open,pending,False,1.0,1.0,2
450,2,other_build|stale,False,False,1125899906842623|1,A|B,open,pending,False,4.569029158653223e-14,4.569029158653223e-14,2
451,2,other_build|stale,False,False,1|1,A|A,committed,pending,True,1.0,0.0,1
452,2,other_build|stale,False,True,1|0,A|B,inconsistent,pending,False,0.0,0.0,1
453,2,other_build|stale,False,True,1|1,A|B,inconsistent,pending,False,1.0,1.0,2
454,2,other_build|stale,False,True,1125899906842623|1,A|B,inconsistent,pending,False,4.569029158653223e-14,4.569029158653223e-14,2
455,2,other_build|stale,False,True,1|1,A|A,inconsistent,pending,False,1.0,0.0,1
456,2,other_build|stale,True,False,1|0,A|B,committed,pending,True,0.0,0.0,1
457,2,other_build|stale,True,False,1|1,A|B,open,pending,False,1.0,1.0,2
458,2,other_build|stale,True,False,1125899906842623|1,A|B,open,pending,False,4.569029158653223e-14,4.569029158653223e-14,2
459,2,other_build|stale,True,False,1|1,A|A,committed,pending,True,1.0,0.0,1
460,2,other_build|stale,True,True,1|0,A|B,inconsistent,pending,False,0.0,0.0,1
461,2,other_build|stale,True,True,1|1,A|B,inconsistent,pending,False,1.0,1.0,2
462,2,other_build|stale,True,True,1125899906842623|1,A|B,inconsistent,pending,False,4.569029158653223e-14,4.569029158653223e-14,2
463,2,other_build|stale,True,True,1|1,A|A,inconsistent,pending,False,1.0,0.0,1
464,2,other_build|other_build,False,False,1|0,A|B,committed,pending,True,0.0,0.0,1
465,2,other_build|other_build,False,False,1|1,A|B,open,pending,False,1.0,1.0,2
466,2,other_build|other_build,False,False,1125899906842623|1,A|B,open,pending,False,4.569029158653223e-14,4.569029158653223e-14,2
467,2,other_build|other_build,False,False,1|1,A|A,committed,pending,True,1.0,0.0,1
468,2,other_build|other_build,False,True,1|0,A|B,inconsistent,pending,False,0.0,0.0,1
469,2,other_build|other_build,False,True,1|1,A|B,inconsistent,pending,False,1.0,1.0,2
470,2,other_build|other_build,False,True,1125899906842623|1,A|B,inconsistent,pending,False,4.569029158653223e-14,4.569029158653223e-14,2
471,2,other_build|other_build,False,True,1|1,A|A,inconsistent,pending,False,1.0,0.0,1
472,2,other_build|other_build,True,False,1|0,A|B,committed,pending,True,0.0,0.0,1
473,2,other_build|other_build,True,False,1|1,A|B,open,pending,False,1.0,1.0,2
474,2,other_build|other_build,True,False,1125899906842623|1,A|B,open,pending,False,4.569029158653223e-14,4.569029158653223e-14,2
475,2,other_build|other_build,True,False,1|1,A|A,committed,pending,True,1.0,0.0,1
476,2,other_build|other_build,True,True,1|0,A|B,inconsistent,pending,False,0.0,0.0,1
477,2,other_build|other_build,True,True,1|1,A|B,inconsistent,pending,False,1.0,1.0,2
478,2,other_build|other_build,True,True,1125899906842623|1,A|B,inconsistent,pending,False,4.569029158653223e-14,4.569029158653223e-14,2
479,2,other_build|other_build,True,True,1|1,A|A,inconsistent,pending,False,1.0,0.0,1
480,3,pass|pass|pass,False,False,1|0,A|B,committed,pending,True,0.0,0.0,1
481,3,pass|pass|pass,False,False,1|1,A|B,open,pending,False,1.0,1.0,2
482,3,pass|pass|pass,False,False,1125899906842623|1,A|B,open,pending,False,4.569029158653223e-14,4.569029158653223e-14,2
483,3,pass|pass|pass,False,False,1|1,A|A,committed,pending,True,1.0,0.0,1
484,3,pass|pass|pass,False,True,1|0,A|B,inconsistent,pending,False,0.0,0.0,1
485,3,pass|pass|pass,False,True,1|1,A|B,inconsistent,pending,False,1.0,1.0,2
486,3,pass|pass|pass,False,True,1125899906842623|1,A|B,inconsistent,pending,False,4.569029158653223e-14,4.569029158653223e-14,2
487,3,pass|pass|pass,False,True,1|1,A|A,inconsistent,pending,False,1.0,0.0,1
488,3,pass|pass|pass,True,False,1|0,A|B,committed,accepted,True,0.0,0.0,1
489,3,pass|pass|pass,True,False,1|1,A|B,open,accepted,False,1.0,1.0,2
490,3,pass|pass|pass,True,False,1125899906842623|1,A|B,open,accepted,False,4.569029158653223e-14,4.569029158653223e-14,2
491,3,pass|pass|pass,True,False,1|1,A|A,committed,accepted,True,1.0,0.0,1
492,3,pass|pass|pass,True,True,1|0,A|B,inconsistent,pending,False,0.0,0.0,1
493,3,pass|pass|pass,True,True,1|1,A|B,inconsistent,pending,False,1.0,1.0,2
494,3,pass|pass|pass,True,True,1125899906842623|1,A|B,inconsistent,pending,False,4.569029158653223e-14,4.569029158653223e-14,2
495,3,pass|pass|pass,True,True,1|1,A|A,inconsistent,pending,False,1.0,0.0,1
496,3,pass|pass|fail,False,False,1|0,A|B,committed,pending,True,0.0,0.0,1
497,3,pass|pass|fail,False,False,1|1,A|B,open,pending,False,1.0,1.0,2
498,3,pass|pass|fail,False,False,1125899906842623|1,A|B,open,pending,False,4.569029158653223e-14,4.569029158653223e-14,2
499,3,pass|pass|fail,False,False,1|1,A|A,committed,pending,True,1.0,0.0,1
500,3,pass|pass|fail,False,True,1|0,A|B,inconsistent,pending,False,0.0,0.0,1
501,3,pass|pass|fail,False,True,1|1,A|B,inconsistent,pending,False,1.0,1.0,2
502,3,pass|pass|fail,False,True,1125899906842623|1,A|B,inconsistent,pending,False,4.569029158653223e-14,4.569029158653223e-14,2
503,3,pass|pass|fail,False,True,1|1,A|A,inconsistent,pending,False,1.0,0.0,1
504,3,pass|pass|fail,True,False,1|0,A|B,committed,failed,True,0.0,0.0,1
505,3,pass|pass|fail,True,False,1|1,A|B,open,failed,False,1.0,1.0,2
506,3,pass|pass|fail,True,False,1125899906842623|1,A|B,open,failed,False,4.569029158653223e-14,4.569029158653223e-14,2
507,3,pass|pass|fail,True,False,1|1,A|A,committed,failed,True,1.0,0.0,1
508,3,pass|pass|fail,True,True,1|0,A|B,inconsistent,pending,False,0.0,0.0,1
509,3,pass|pass|fail,True,True,1|1,A|B,inconsistent,pending,False,1.0,1.0,2
510,3,pass|pass|fail,True,True,1125899906842623|1,A|B,inconsistent,pending,False,4.569029158653223e-14,4.569029158653223e-14,2
511,3,pass|pass|fail,True,True,1|1,A|A,inconsistent,pending,False,1.0,0.0,1
512,3,pass|pass|missing,False,False,1|0,A|B,committed,pending,True,0.0,0.0,1
513,3,pass|pass|missing,False,False,1|1,A|B,open,pending,False,1.0,1.0,2
514,3,pass|pass|missing,False,False,1125899906842623|1,A|B,open,pending,False,4.569029158653223e-14,4.569029158653223e-14,2
515,3,pass|pass|missing,False,False,1|1,A|A,committed,pending,True,1.0,0.0,1
516,3,pass|pass|missing,False,True,1|0,A|B,inconsistent,pending,False,0.0,0.0,1
517,3,pass|pass|missing,False,True,1|1,A|B,inconsistent,pending,False,1.0,1.0,2
518,3,pass|pass|missing,False,True,1125899906842623|1,A|B,inconsistent,pending,False,4.569029158653223e-14,4.569029158653223e-14,2
519,3,pass|pass|missing,False,True,1|1,A|A,inconsistent,pending,False,1.0,0.0,1
520,3,pass|pass|missing,True,False,1|0,A|B,committed,pending,True,0.0,0.0,1
521,3,pass|pass|missing,True,False,1|1,A|B,open,pending,False,1.0,1.0,2
522,3,pass|pass|missing,True,False,1125899906842623|1,A|B,open,pending,False,4.569029158653223e-14,4.569029158653223e-14,2
523,3,pass|pass|missing,True,False,1|1,A|A,committed,pending,True,1.0,0.0,1
524,3,pass|pass|missing,True,True,1|0,A|B,inconsistent,pending,False,0.0,0.0,1
525,3,pass|pass|missing,True,True,1|1,A|B,inconsistent,pending,False,1.0,1.0,2
526,3,pass|pass|missing,True,True,1125899906842623|1,A|B,inconsistent,pending,False,4.569029158653223e-14,4.569029158653223e-14,2
527,3,pass|pass|missing,True,True,1|1,A|A,inconsistent,pending,False,1.0,0.0,1
528,3,pass|pass|stale,False,False,1|0,A|B,committed,pending,True,0.0,0.0,1
529,3,pass|pass|stale,False,False,1|1,A|B,open,pending,False,1.0,1.0,2
530,3,pass|pass|stale,False,False,1125899906842623|1,A|B,open,pending,False,4.569029158653223e-14,4.569029158653223e-14,2
531,3,pass|pass|stale,False,False,1|1,A|A,committed,pending,True,1.0,0.0,1
532,3,pass|pass|stale,False,True,1|0,A|B,inconsistent,pending,False,0.0,0.0,1
533,3,pass|pass|stale,False,True,1|1,A|B,inconsistent,pending,False,1.0,1.0,2
534,3,pass|pass|stale,False,True,1125899906842623|1,A|B,inconsistent,pending,False,4.569029158653223e-14,4.569029158653223e-14,2
535,3,pass|pass|stale,False,True,1|1,A|A,inconsistent,pending,False,1.0,0.0,1
536,3,pass|pass|stale,True,False,1|0,A|B,committed,pending,True,0.0,0.0,1
537,3,pass|pass|stale,True,False,1|1,A|B,open,pending,False,1.0,1.0,2
538,3,pass|pass|stale,True,False,1125899906842623|1,A|B,open,pending,False,4.569029158653223e-14,4.569029158653223e-14,2
539,3,pass|pass|stale,True,False,1|1,A|A,committed,pending,True,1.0,0.0,1
540,3,pass|pass|stale,True,True,1|0,A|B,inconsistent,pending,False,0.0,0.0,1
541,3,pass|pass|stale,True,True,1|1,A|B,inconsistent,pending,False,1.0,1.0,2
542,3,pass|pass|stale,True,True,1125899906842623|1,A|B,inconsistent,pending,False,4.569029158653223e-14,4.569029158653223e-14,2
543,3,pass|pass|stale,True,True,1|1,A|A,inconsistent,pending,False,1.0,0.0,1
544,3,pass|pass|other_build,False,False,1|0,A|B,committed,pending,True,0.0,0.0,1
545,3,pass|pass|other_build,False,False,1|1,A|B,open,pending,False,1.0,1.0,2
546,3,pass|pass|other_build,False,False,1125899906842623|1,A|B,open,pending,False,4.569029158653223e-14,4.569029158653223e-14,2
547,3,pass|pass|other_build,False,False,1|1,A|A,committed,pending,True,1.0,0.0,1
548,3,pass|pass|other_build,False,True,1|0,A|B,inconsistent,pending,False,0.0,0.0,1
549,3,pass|pass|other_build,False,True,1|1,A|B,inconsistent,pending,False,1.0,1.0,2
550,3,pass|pass|other_build,False,True,1125899906842623|1,A|B,inconsistent,pending,False,4.569029158653223e-14,4.569029158653223e-14,2
551,3,pass|pass|other_build,False,True,1|1,A|A,inconsistent,pending,False,1.0,0.0,1
552,3,pass|pass|other_build,True,False,1|0,A|B,committed,pending,True,0.0,0.0,1
553,3,pass|pass|other_build,True,False,1|1,A|B,open,pending,False,1.0,1.0,2
554,3,pass|pass|other_build,True,False,1125899906842623|1,A|B,open,pending,False,4.569029158653223e-14,4.569029158653223e-14,2
555,3,pass|pass|other_build,True,False,1|1,A|A,committed,pending,True,1.0,0.0,1
556,3,pass|pass|other_build,True,True,1|0,A|B,inconsistent,pending,False,0.0,0.0,1
557,3,pass|pass|other_build,True,True,1|1,A|B,inconsistent,pending,False,1.0,1.0,2
558,3,pass|pass|other_build,True,True,1125899906842623|1,A|B,inconsistent,pending,False,4.569029158653223e-14,4.569029158653223e-14,2
559,3,pass|pass|other_build,True,True,1|1,A|A,inconsistent,pending,False,1.0,0.0,1
560,3,pass|fail|pass,False,False,1|0,A|B,committed,pending,True,0.0,0.0,1
561,3,pass|fail|pass,False,False,1|1,A|B,open,pending,False,1.0,1.0,2
562,3,pass|fail|pass,False,False,1125899906842623|1,A|B,open,pending,False,4.569029158653223e-14,4.569029158653223e-14,2
563,3,pass|fail|pass,False,False,1|1,A|A,committed,pending,True,1.0,0.0,1
564,3,pass|fail|pass,False,True,1|0,A|B,inconsistent,pending,False,0.0,0.0,1
565,3,pass|fail|pass,False,True,1|1,A|B,inconsistent,pending,False,1.0,1.0,2
566,3,pass|fail|pass,False,True,1125899906842623|1,A|B,inconsistent,pending,False,4.569029158653223e-14,4.569029158653223e-14,2
567,3,pass|fail|pass,False,True,1|1,A|A,inconsistent,pending,False,1.0,0.0,1
568,3,pass|fail|pass,True,False,1|0,A|B,committed,failed,True,0.0,0.0,1
569,3,pass|fail|pass,True,False,1|1,A|B,open,failed,False,1.0,1.0,2
570,3,pass|fail|pass,True,False,1125899906842623|1,A|B,open,failed,False,4.569029158653223e-14,4.569029158653223e-14,2
571,3,pass|fail|pass,True,False,1|1,A|A,committed,failed,True,1.0,0.0,1
572,3,pass|fail|pass,True,True,1|0,A|B,inconsistent,pending,False,0.0,0.0,1
573,3,pass|fail|pass,True,True,1|1,A|B,inconsistent,pending,False,1.0,1.0,2
574,3,pass|fail|pass,True,True,1125899906842623|1,A|B,inconsistent,pending,False,4.569029158653223e-14,4.569029158653223e-14,2
575,3,pass|fail|pass,True,True,1|1,A|A,inconsistent,pending,False,1.0,0.0,1
576,3,pass|fail|fail,False,False,1|0,A|B,committed,pending,True,0.0,0.0,1
577,3,pass|fail|fail,False,False,1|1,A|B,open,pending,False,1.0,1.0,2
578,3,pass|fail|fail,False,False,1125899906842623|1,A|B,open,pending,False,4.569029158653223e-14,4.569029158653223e-14,2
579,3,pass|fail|fail,False,False,1|1,A|A,committed,pending,True,1.0,0.0,1
580,3,pass|fail|fail,False,True,1|0,A|B,inconsistent,pending,False,0.0,0.0,1
581,3,pass|fail|fail,False,True,1|1,A|B,inconsistent,pending,False,1.0,1.0,2
582,3,pass|fail|fail,False,True,1125899906842623|1,A|B,inconsistent,pending,False,4.569029158653223e-14,4.569029158653223e-14,2
583,3,pass|fail|fail,False,True,1|1,A|A,inconsistent,pending,False,1.0,0.0,1
584,3,pass|fail|fail,True,False,1|0,A|B,committed,failed,True,0.0,0.0,1
585,3,pass|fail|fail,True,False,1|1,A|B,open,failed,False,1.0,1.0,2
586,3,pass|fail|fail,True,False,1125899906842623|1,A|B,open,failed,False,4.569029158653223e-14,4.569029158653223e-14,2
587,3,pass|fail|fail,True,False,1|1,A|A,committed,failed,True,1.0,0.0,1
588,3,pass|fail|fail,True,True,1|0,A|B,inconsistent,pending,False,0.0,0.0,1
589,3,pass|fail|fail,True,True,1|1,A|B,inconsistent,pending,False,1.0,1.0,2
590,3,pass|fail|fail,True,True,1125899906842623|1,A|B,inconsistent,pending,False,4.569029158653223e-14,4.569029158653223e-14,2
591,3,pass|fail|fail,True,True,1|1,A|A,inconsistent,pending,False,1.0,0.0,1
592,3,pass|fail|missing,False,False,1|0,A|B,committed,pending,True,0.0,0.0,1
593,3,pass|fail|missing,False,False,1|1,A|B,open,pending,False,1.0,1.0,2
594,3,pass|fail|missing,False,False,1125899906842623|1,A|B,open,pending,False,4.569029158653223e-14,4.569029158653223e-14,2
595,3,pass|fail|missing,False,False,1|1,A|A,committed,pending,True,1.0,0.0,1
596,3,pass|fail|missing,False,True,1|0,A|B,inconsistent,pending,False,0.0,0.0,1
597,3,pass|fail|missing,False,True,1|1,A|B,inconsistent,pending,False,1.0,1.0,2
598,3,pass|fail|missing,False,True,1125899906842623|1,A|B,inconsistent,pending,False,4.569029158653223e-14,4.569029158653223e-14,2
599,3,pass|fail|missing,False,True,1|1,A|A,inconsistent,pending,False,1.0,0.0,1
600,3,pass|fail|missing,True,False,1|0,A|B,committed,pending,True,0.0,0.0,1
601,3,pass|fail|missing,True,False,1|1,A|B,open,pending,False,1.0,1.0,2
602,3,pass|fail|missing,True,False,1125899906842623|1,A|B,open,pending,False,4.569029158653223e-14,4.569029158653223e-14,2
603,3,pass|fail|missing,True,False,1|1,A|A,committed,pending,True,1.0,0.0,1
604,3,pass|fail|missing,True,True,1|0,A|B,inconsistent,pending,False,0.0,0.0,1
605,3,pass|fail|missing,True,True,1|1,A|B,inconsistent,pending,False,1.0,1.0,2
606,3,pass|fail|missing,True,True,1125899906842623|1,A|B,inconsistent,pending,False,4.569029158653223e-14,4.569029158653223e-14,2
607,3,pass|fail|missing,True,True,1|1,A|A,inconsistent,pending,False,1.0,0.0,1
608,3,pass|fail|stale,False,False,1|0,A|B,committed,pending,True,0.0,0.0,1
609,3,pass|fail|stale,False,False,1|1,A|B,open,pending,False,1.0,1.0,2
610,3,pass|fail|stale,False,False,1125899906842623|1,A|B,open,pending,False,4.569029158653223e-14,4.569029158653223e-14,2
611,3,pass|fail|stale,False,False,1|1,A|A,committed,pending,True,1.0,0.0,1
612,3,pass|fail|stale,False,True,1|0,A|B,inconsistent,pending,False,0.0,0.0,1
613,3,pass|fail|stale,False,True,1|1,A|B,inconsistent,pending,False,1.0,1.0,2
614,3,pass|fail|stale,False,True,1125899906842623|1,A|B,inconsistent,pending,False,4.569029158653223e-14,4.569029158653223e-14,2
615,3,pass|fail|stale,False,True,1|1,A|A,inconsistent,pending,False,1.0,0.0,1
616,3,pass|fail|stale,True,False,1|0,A|B,committed,pending,True,0.0,0.0,1
617,3,pass|fail|stale,True,False,1|1,A|B,open,pending,False,1.0,1.0,2
618,3,pass|fail|stale,True,False,1125899906842623|1,A|B,open,pending,False,4.569029158653223e-14,4.569029158653223e-14,2
619,3,pass|fail|stale,True,False,1|1,A|A,committed,pending,True,1.0,0.0,1
620,3,pass|fail|stale,True,True,1|0,A|B,inconsistent,pending,False,0.0,0.0,1
621,3,pass|fail|stale,True,True,1|1,A|B,inconsistent,pending,False,1.0,1.0,2
622,3,pass|fail|stale,True,True,1125899906842623|1,A|B,inconsistent,pending,False,4.569029158653223e-14,4.569029158653223e-14,2
623,3,pass|fail|stale,True,True,1|1,A|A,inconsistent,pending,False,1.0,0.0,1
624,3,pass|fail|other_build,False,False,1|0,A|B,committed,pending,True,0.0,0.0,1
625,3,pass|fail|other_build,False,False,1|1,A|B,open,pending,False,1.0,1.0,2
626,3,pass|fail|other_build,False,False,1125899906842623|1,A|B,open,pending,False,4.569029158653223e-14,4.569029158653223e-14,2
627,3,pass|fail|other_build,False,False,1|1,A|A,committed,pending,True,1.0,0.0,1
628,3,pass|fail|other_build,False,True,1|0,A|B,inconsistent,pending,False,0.0,0.0,1
629,3,pass|fail|other_build,False,True,1|1,A|B,inconsistent,pending,False,1.0,1.0,2
630,3,pass|fail|other_build,False,True,1125899906842623|1,A|B,inconsistent,pending,False,4.569029158653223e-14,4.569029158653223e-14,2
631,3,pass|fail|other_build,False,True,1|1,A|A,inconsistent,pending,False,1.0,0.0,1
632,3,pass|fail|other_build,True,False,1|0,A|B,committed,pending,True,0.0,0.0,1
633,3,pass|fail|other_build,True,False,1|1,A|B,open,pending,False,1.0,1.0,2
634,3,pass|fail|other_build,True,False,1125899906842623|1,A|B,open,pending,False,4.569029158653223e-14,4.569029158653223e-14,2
635,3,pass|fail|other_build,True,False,1|1,A|A,committed,pending,True,1.0,0.0,1
636,3,pass|fail|other_build,True,True,1|0,A|B,inconsistent,pending,False,0.0,0.0,1
637,3,pass|fail|other_build,True,True,1|1,A|B,inconsistent,pending,False,1.0,1.0,2
638,3,pass|fail|other_build,True,True,1125899906842623|1,A|B,inconsistent,pending,False,4.569029158653223e-14,4.569029158653223e-14,2
639,3,pass|fail|other_build,True,True,1|1,A|A,inconsistent,pending,False,1.0,0.0,1
640,3,pass|missing|pass,False,False,1|0,A|B,committed,pending,True,0.0,0.0,1
641,3,pass|missing|pass,False,False,1|1,A|B,open,pending,False,1.0,1.0,2
642,3,pass|missing|pass,False,False,1125899906842623|1,A|B,open,pending,False,4.569029158653223e-14,4.569029158653223e-14,2
643,3,pass|missing|pass,False,False,1|1,A|A,committed,pending,True,1.0,0.0,1
644,3,pass|missing|pass,False,True,1|0,A|B,inconsistent,pending,False,0.0,0.0,1
645,3,pass|missing|pass,False,True,1|1,A|B,inconsistent,pending,False,1.0,1.0,2
646,3,pass|missing|pass,False,True,1125899906842623|1,A|B,inconsistent,pending,False,4.569029158653223e-14,4.569029158653223e-14,2
647,3,pass|missing|pass,False,True,1|1,A|A,inconsistent,pending,False,1.0,0.0,1
648,3,pass|missing|pass,True,False,1|0,A|B,committed,pending,True,0.0,0.0,1
649,3,pass|missing|pass,True,False,1|1,A|B,open,pending,False,1.0,1.0,2
650,3,pass|missing|pass,True,False,1125899906842623|1,A|B,open,pending,False,4.569029158653223e-14,4.569029158653223e-14,2
651,3,pass|missing|pass,True,False,1|1,A|A,committed,pending,True,1.0,0.0,1
652,3,pass|missing|pass,True,True,1|0,A|B,inconsistent,pending,False,0.0,0.0,1
653,3,pass|missing|pass,True,True,1|1,A|B,inconsistent,pending,False,1.0,1.0,2
654,3,pass|missing|pass,True,True,1125899906842623|1,A|B,inconsistent,pending,False,4.569029158653223e-14,4.569029158653223e-14,2
655,3,pass|missing|pass,True,True,1|1,A|A,inconsistent,pending,False,1.0,0.0,1
656,3,pass|missing|fail,False,False,1|0,A|B,committed,pending,True,0.0,0.0,1
657,3,pass|missing|fail,False,False,1|1,A|B,open,pending,False,1.0,1.0,2
658,3,pass|missing|fail,False,False,1125899906842623|1,A|B,open,pending,False,4.569029158653223e-14,4.569029158653223e-14,2
659,3,pass|missing|fail,False,False,1|1,A|A,committed,pending,True,1.0,0.0,1
660,3,pass|missing|fail,False,True,1|0,A|B,inconsistent,pending,False,0.0,0.0,1
661,3,pass|missing|fail,False,True,1|1,A|B,inconsistent,pending,False,1.0,1.0,2
662,3,pass|missing|fail,False,True,1125899906842623|1,A|B,inconsistent,pending,False,4.569029158653223e-14,4.569029158653223e-14,2
663,3,pass|missing|fail,False,True,1|1,A|A,inconsistent,pending,False,1.0,0.0,1
664,3,pass|missing|fail,True,False,1|0,A|B,committed,pending,True,0.0,0.0,1
665,3,pass|missing|fail,True,False,1|1,A|B,open,pending,False,1.0,1.0,2
666,3,pass|missing|fail,True,False,1125899906842623|1,A|B,open,pending,False,4.569029158653223e-14,4.569029158653223e-14,2
667,3,pass|missing|fail,True,False,1|1,A|A,committed,pending,True,1.0,0.0,1
668,3,pass|missing|fail,True,True,1|0,A|B,inconsistent,pending,False,0.0,0.0,1
669,3,pass|missing|fail,True,True,1|1,A|B,inconsistent,pending,False,1.0,1.0,2
670,3,pass|missing|fail,True,True,1125899906842623|1,A|B,inconsistent,pending,False,4.569029158653223e-14,4.569029158653223e-14,2
671,3,pass|missing|fail,True,True,1|1,A|A,inconsistent,pending,False,1.0,0.0,1
672,3,pass|missing|missing,False,False,1|0,A|B,committed,pending,True,0.0,0.0,1
673,3,pass|missing|missing,False,False,1|1,A|B,open,pending,False,1.0,1.0,2
674,3,pass|missing|missing,False,False,1125899906842623|1,A|B,open,pending,False,4.569029158653223e-14,4.569029158653223e-14,2
675,3,pass|missing|missing,False,False,1|1,A|A,committed,pending,True,1.0,0.0,1
676,3,pass|missing|missing,False,True,1|0,A|B,inconsistent,pending,False,0.0,0.0,1
677,3,pass|missing|missing,False,True,1|1,A|B,inconsistent,pending,False,1.0,1.0,2
678,3,pass|missing|missing,False,True,1125899906842623|1,A|B,inconsistent,pending,False,4.569029158653223e-14,4.569029158653223e-14,2
679,3,pass|missing|missing,False,True,1|1,A|A,inconsistent,pending,False,1.0,0.0,1
680,3,pass|missing|missing,True,False,1|0,A|B,committed,pending,True,0.0,0.0,1
681,3,pass|missing|missing,True,False,1|1,A|B,open,pending,False,1.0,1.0,2
682,3,pass|missing|missing,True,False,1125899906842623|1,A|B,open,pending,False,4.569029158653223e-14,4.569029158653223e-14,2
683,3,pass|missing|missing,True,False,1|1,A|A,committed,pending,True,1.0,0.0,1
684,3,pass|missing|missing,True,True,1|0,A|B,inconsistent,pending,False,0.0,0.0,1
685,3,pass|missing|missing,True,True,1|1,A|B,inconsistent,pending,False,1.0,1.0,2
686,3,pass|missing|missing,True,True,1125899906842623|1,A|B,inconsistent,pending,False,4.569029158653223e-14,4.569029158653223e-14,2
687,3,pass|missing|missing,True,True,1|1,A|A,inconsistent,pending,False,1.0,0.0,1
688,3,pass|missing|stale,False,False,1|0,A|B,committed,pending,True,0.0,0.0,1
689,3,pass|missing|stale,False,False,1|1,A|B,open,pending,False,1.0,1.0,2
690,3,pass|missing|stale,False,False,1125899906842623|1,A|B,open,pending,False,4.569029158653223e-14,4.569029158653223e-14,2
691,3,pass|missing|stale,False,False,1|1,A|A,committed,pending,True,1.0,0.0,1
692,3,pass|missing|stale,False,True,1|0,A|B,inconsistent,pending,False,0.0,0.0,1
693,3,pass|missing|stale,False,True,1|1,A|B,inconsistent,pending,False,1.0,1.0,2
694,3,pass|missing|stale,False,True,1125899906842623|1,A|B,inconsistent,pending,False,4.569029158653223e-14,4.569029158653223e-14,2
695,3,pass|missing|stale,False,True,1|1,A|A,inconsistent,pending,False,1.0,0.0,1
696,3,pass|missing|stale,True,False,1|0,A|B,committed,pending,True,0.0,0.0,1
697,3,pass|missing|stale,True,False,1|1,A|B,open,pending,False,1.0,1.0,2
698,3,pass|missing|stale,True,False,1125899906842623|1,A|B,open,pending,False,4.569029158653223e-14,4.569029158653223e-14,2
699,3,pass|missing|stale,True,False,1|1,A|A,committed,pending,True,1.0,0.0,1
700,3,pass|missing|stale,True,True,1|0,A|B,inconsistent,pending,False,0.0,0.0,1
701,3,pass|missing|stale,True,True,1|1,A|B,inconsistent,pending,False,1.0,1.0,2
702,3,pass|missing|stale,True,True,1125899906842623|1,A|B,inconsistent,pending,False,4.569029158653223e-14,4.569029158653223e-14,2
703,3,pass|missing|stale,True,True,1|1,A|A,inconsistent,pending,False,1.0,0.0,1
704,3,pass|missing|other_build,False,False,1|0,A|B,committed,pending,True,0.0,0.0,1
705,3,pass|missing|other_build,False,False,1|1,A|B,open,pending,False,1.0,1.0,2
706,3,pass|missing|other_build,False,False,1125899906842623|1,A|B,open,pending,False,4.569029158653223e-14,4.569029158653223e-14,2
707,3,pass|missing|other_build,False,False,1|1,A|A,committed,pending,True,1.0,0.0,1
708,3,pass|missing|other_build,False,True,1|0,A|B,inconsistent,pending,False,0.0,0.0,1
709,3,pass|missing|other_build,False,True,1|1,A|B,inconsistent,pending,False,1.0,1.0,2
710,3,pass|missing|other_build,False,True,1125899906842623|1,A|B,inconsistent,pending,False,4.569029158653223e-14,4.569029158653223e-14,2
711,3,pass|missing|other_build,False,True,1|1,A|A,inconsistent,pending,False,1.0,0.0,1
712,3,pass|missing|other_build,True,False,1|0,A|B,committed,pending,True,0.0,0.0,1
713,3,pass|missing|other_build,True,False,1|1,A|B,open,pending,False,1.0,1.0,2
714,3,pass|missing|other_build,True,False,1125899906842623|1,A|B,open,pending,False,4.569029158653223e-14,4.569029158653223e-14,2
715,3,pass|missing|other_build,True,False,1|1,A|A,committed,pending,True,1.0,0.0,1
716,3,pass|missing|other_build,True,True,1|0,A|B,inconsistent,pending,False,0.0,0.0,1
717,3,pass|missing|other_build,True,True,1|1,A|B,inconsistent,pending,False,1.0,1.0,2
718,3,pass|missing|other_build,True,True,1125899906842623|1,A|B,inconsistent,pending,False,4.569029158653223e-14,4.569029158653223e-14,2
719,3,pass|missing|other_build,True,True,1|1,A|A,inconsistent,pending,False,1.0,0.0,1
720,3,pass|stale|pass,False,False,1|0,A|B,committed,pending,True,0.0,0.0,1
721,3,pass|stale|pass,False,False,1|1,A|B,open,pending,False,1.0,1.0,2
722,3,pass|stale|pass,False,False,1125899906842623|1,A|B,open,pending,False,4.569029158653223e-14,4.569029158653223e-14,2
723,3,pass|stale|pass,False,False,1|1,A|A,committed,pending,True,1.0,0.0,1
724,3,pass|stale|pass,False,True,1|0,A|B,inconsistent,pending,False,0.0,0.0,1
725,3,pass|stale|pass,False,True,1|1,A|B,inconsistent,pending,False,1.0,1.0,2
726,3,pass|stale|pass,False,True,1125899906842623|1,A|B,inconsistent,pending,False,4.569029158653223e-14,4.569029158653223e-14,2
727,3,pass|stale|pass,False,True,1|1,A|A,inconsistent,pending,False,1.0,0.0,1
728,3,pass|stale|pass,True,False,1|0,A|B,committed,pending,True,0.0,0.0,1
729,3,pass|stale|pass,True,False,1|1,A|B,open,pending,False,1.0,1.0,2
730,3,pass|stale|pass,True,False,1125899906842623|1,A|B,open,pending,False,4.569029158653223e-14,4.569029158653223e-14,2
731,3,pass|stale|pass,True,False,1|1,A|A,committed,pending,True,1.0,0.0,1
732,3,pass|stale|pass,True,True,1|0,A|B,inconsistent,pending,False,0.0,0.0,1
733,3,pass|stale|pass,True,True,1|1,A|B,inconsistent,pending,False,1.0,1.0,2
734,3,pass|stale|pass,True,True,1125899906842623|1,A|B,inconsistent,pending,False,4.569029158653223e-14,4.569029158653223e-14,2
735,3,pass|stale|pass,True,True,1|1,A|A,inconsistent,pending,False,1.0,0.0,1
736,3,pass|stale|fail,False,False,1|0,A|B,committed,pending,True,0.0,0.0,1
737,3,pass|stale|fail,False,False,1|1,A|B,open,pending,False,1.0,1.0,2
738,3,pass|stale|fail,False,False,1125899906842623|1,A|B,open,pending,False,4.569029158653223e-14,4.569029158653223e-14,2
739,3,pass|stale|fail,False,False,1|1,A|A,committed,pending,True,1.0,0.0,1
740,3,pass|stale|fail,False,True,1|0,A|B,inconsistent,pending,False,0.0,0.0,1
741,3,pass|stale|fail,False,True,1|1,A|B,inconsistent,pending,False,1.0,1.0,2
742,3,pass|stale|fail,False,True,1125899906842623|1,A|B,inconsistent,pending,False,4.569029158653223e-14,4.569029158653223e-14,2
743,3,pass|stale|fail,False,True,1|1,A|A,inconsistent,pending,False,1.0,0.0,1
744,3,pass|stale|fail,True,False,1|0,A|B,committed,pending,True,0.0,0.0,1
745,3,pass|stale|fail,True,False,1|1,A|B,open,pending,False,1.0,1.0,2
746,3,pass|stale|fail,True,False,1125899906842623|1,A|B,open,pending,False,4.569029158653223e-14,4.569029158653223e-14,2
747,3,pass|stale|fail,True,False,1|1,A|A,committed,pending,True,1.0,0.0,1
748,3,pass|stale|fail,True,True,1|0,A|B,inconsistent,pending,False,0.0,0.0,1
749,3,pass|stale|fail,True,True,1|1,A|B,inconsistent,pending,False,1.0,1.0,2
750,3,pass|stale|fail,True,True,1125899906842623|1,A|B,inconsistent,pending,False,4.569029158653223e-14,4.569029158653223e-14,2
751,3,pass|stale|fail,True,True,1|1,A|A,inconsistent,pending,False,1.0,0.0,1
752,3,pass|stale|missing,False,False,1|0,A|B,committed,pending,True,0.0,0.0,1
753,3,pass|stale|missing,False,False,1|1,A|B,open,pending,False,1.0,1.0,2
754,3,pass|stale|missing,False,False,1125899906842623|1,A|B,open,pending,False,4.569029158653223e-14,4.569029158653223e-14,2
755,3,pass|stale|missing,False,False,1|1,A|A,committed,pending,True,1.0,0.0,1
756,3,pass|stale|missing,False,True,1|0,A|B,inconsistent,pending,False,0.0,0.0,1
757,3,pass|stale|missing,False,True,1|1,A|B,inconsistent,pending,False,1.0,1.0,2
758,3,pass|stale|missing,False,True,1125899906842623|1,A|B,inconsistent,pending,False,4.569029158653223e-14,4.569029158653223e-14,2
759,3,pass|stale|missing,False,True,1|1,A|A,inconsistent,pending,False,1.0,0.0,1
760,3,pass|stale|missing,True,False,1|0,A|B,committed,pending,True,0.0,0.0,1
761,3,pass|stale|missing,True,False,1|1,A|B,open,pending,False,1.0,1.0,2
762,3,pass|stale|missing,True,False,1125899906842623|1,A|B,open,pending,False,4.569029158653223e-14,4.569029158653223e-14,2
763,3,pass|stale|missing,True,False,1|1,A|A,committed,pending,True,1.0,0.0,1
764,3,pass|stale|missing,True,True,1|0,A|B,inconsistent,pending,False,0.0,0.0,1
765,3,pass|stale|missing,True,True,1|1,A|B,inconsistent,pending,False,1.0,1.0,2
766,3,pass|stale|missing,True,True,1125899906842623|1,A|B,inconsistent,pending,False,4.569029158653223e-14,4.569029158653223e-14,2
767,3,pass|stale|missing,True,True,1|1,A|A,inconsistent,pending,False,1.0,0.0,1
768,3,pass|stale|stale,False,False,1|0,A|B,committed,pending,True,0.0,0.0,1
769,3,pass|stale|stale,False,False,1|1,A|B,open,pending,False,1.0,1.0,2
770,3,pass|stale|stale,False,False,1125899906842623|1,A|B,open,pending,False,4.569029158653223e-14,4.569029158653223e-14,2
771,3,pass|stale|stale,False,False,1|1,A|A,committed,pending,True,1.0,0.0,1
772,3,pass|stale|stale,False,True,1|0,A|B,inconsistent,pending,False,0.0,0.0,1
773,3,pass|stale|stale,False,True,1|1,A|B,inconsistent,pending,False,1.0,1.0,2
774,3,pass|stale|stale,False,True,1125899906842623|1,A|B,inconsistent,pending,False,4.569029158653223e-14,4.569029158653223e-14,2
775,3,pass|stale|stale,False,True,1|1,A|A,inconsistent,pending,False,1.0,0.0,1
776,3,pass|stale|stale,True,False,1|0,A|B,committed,pending,True,0.0,0.0,1
777,3,pass|stale|stale,True,False,1|1,A|B,open,pending,False,1.0,1.0,2
778,3,pass|stale|stale,True,False,1125899906842623|1,A|B,open,pending,False,4.569029158653223e-14,4.569029158653223e-14,2
779,3,pass|stale|stale,True,False,1|1,A|A,committed,pending,True,1.0,0.0,1
780,3,pass|stale|stale,True,True,1|0,A|B,inconsistent,pending,False,0.0,0.0,1
781,3,pass|stale|stale,True,True,1|1,A|B,inconsistent,pending,False,1.0,1.0,2
782,3,pass|stale|stale,True,True,1125899906842623|1,A|B,inconsistent,pending,False,4.569029158653223e-14,4.569029158653223e-14,2
783,3,pass|stale|stale,True,True,1|1,A|A,inconsistent,pending,False,1.0,0.0,1
784,3,pass|stale|other_build,False,False,1|0,A|B,committed,pending,True,0.0,0.0,1
785,3,pass|stale|other_build,False,False,1|1,A|B,open,pending,False,1.0,1.0,2
786,3,pass|stale|other_build,False,False,1125899906842623|1,A|B,open,pending,False,4.569029158653223e-14,4.569029158653223e-14,2
787,3,pass|stale|other_build,False,False,1|1,A|A,committed,pending,True,1.0,0.0,1
788,3,pass|stale|other_build,False,True,1|0,A|B,inconsistent,pending,False,0.0,0.0,1
789,3,pass|stale|other_build,False,True,1|1,A|B,inconsistent,pending,False,1.0,1.0,2
790,3,pass|stale|other_build,False,True,1125899906842623|1,A|B,inconsistent,pending,False,4.569029158653223e-14,4.569029158653223e-14,2
791,3,pass|stale|other_build,False,True,1|1,A|A,inconsistent,pending,False,1.0,0.0,1
792,3,pass|stale|other_build,True,False,1|0,A|B,committed,pending,True,0.0,0.0,1
793,3,pass|stale|other_build,True,False,1|1,A|B,open,pending,False,1.0,1.0,2
794,3,pass|stale|other_build,True,False,1125899906842623|1,A|B,open,pending,False,4.569029158653223e-14,4.569029158653223e-14,2
795,3,pass|stale|other_build,True,False,1|1,A|A,committed,pending,True,1.0,0.0,1
796,3,pass|stale|other_build,True,True,1|0,A|B,inconsistent,pending,False,0.0,0.0,1
797,3,pass|stale|other_build,True,True,1|1,A|B,inconsistent,pending,False,1.0,1.0,2
798,3,pass|stale|other_build,True,True,1125899906842623|1,A|B,inconsistent,pending,False,4.569029158653223e-14,4.569029158653223e-14,2
799,3,pass|stale|other_build,True,True,1|1,A|A,inconsistent,pending,False,1.0,0.0,1
800,3,pass|other_build|pass,False,False,1|0,A|B,committed,pending,True,0.0,0.0,1
801,3,pass|other_build|pass,False,False,1|1,A|B,open,pending,False,1.0,1.0,2
802,3,pass|other_build|pass,False,False,1125899906842623|1,A|B,open,pending,False,4.569029158653223e-14,4.569029158653223e-14,2
803,3,pass|other_build|pass,False,False,1|1,A|A,committed,pending,True,1.0,0.0,1
804,3,pass|other_build|pass,False,True,1|0,A|B,inconsistent,pending,False,0.0,0.0,1
805,3,pass|other_build|pass,False,True,1|1,A|B,inconsistent,pending,False,1.0,1.0,2
806,3,pass|other_build|pass,False,True,1125899906842623|1,A|B,inconsistent,pending,False,4.569029158653223e-14,4.569029158653223e-14,2
807,3,pass|other_build|pass,False,True,1|1,A|A,inconsistent,pending,False,1.0,0.0,1
808,3,pass|other_build|pass,True,False,1|0,A|B,committed,pending,True,0.0,0.0,1
809,3,pass|other_build|pass,True,False,1|1,A|B,open,pending,False,1.0,1.0,2
810,3,pass|other_build|pass,True,False,1125899906842623|1,A|B,open,pending,False,4.569029158653223e-14,4.569029158653223e-14,2
811,3,pass|other_build|pass,True,False,1|1,A|A,committed,pending,True,1.0,0.0,1
812,3,pass|other_build|pass,True,True,1|0,A|B,inconsistent,pending,False,0.0,0.0,1
813,3,pass|other_build|pass,True,True,1|1,A|B,inconsistent,pending,False,1.0,1.0,2
814,3,pass|other_build|pass,True,True,1125899906842623|1,A|B,inconsistent,pending,False,4.569029158653223e-14,4.569029158653223e-14,2
815,3,pass|other_build|pass,True,True,1|1,A|A,inconsistent,pending,False,1.0,0.0,1
816,3,pass|other_build|fail,False,False,1|0,A|B,committed,pending,True,0.0,0.0,1
817,3,pass|other_build|fail,False,False,1|1,A|B,open,pending,False,1.0,1.0,2
818,3,pass|other_build|fail,False,False,1125899906842623|1,A|B,open,pending,False,4.569029158653223e-14,4.569029158653223e-14,2
819,3,pass|other_build|fail,False,False,1|1,A|A,committed,pending,True,1.0,0.0,1
820,3,pass|other_build|fail,False,True,1|0,A|B,inconsistent,pending,False,0.0,0.0,1
821,3,pass|other_build|fail,False,True,1|1,A|B,inconsistent,pending,False,1.0,1.0,2
822,3,pass|other_build|fail,False,True,1125899906842623|1,A|B,inconsistent,pending,False,4.569029158653223e-14,4.569029158653223e-14,2
823,3,pass|other_build|fail,False,True,1|1,A|A,inconsistent,pending,False,1.0,0.0,1
824,3,pass|other_build|fail,True,False,1|0,A|B,committed,pending,True,0.0,0.0,1
825,3,pass|other_build|fail,True,False,1|1,A|B,open,pending,False,1.0,1.0,2
826,3,pass|other_build|fail,True,False,1125899906842623|1,A|B,open,pending,False,4.569029158653223e-14,4.569029158653223e-14,2
827,3,pass|other_build|fail,True,False,1|1,A|A,committed,pending,True,1.0,0.0,1
828,3,pass|other_build|fail,True,True,1|0,A|B,inconsistent,pending,False,0.0,0.0,1
829,3,pass|other_build|fail,True,True,1|1,A|B,inconsistent,pending,False,1.0,1.0,2
830,3,pass|other_build|fail,True,True,1125899906842623|1,A|B,inconsistent,pending,False,4.569029158653223e-14,4.569029158653223e-14,2
831,3,pass|other_build|fail,True,True,1|1,A|A,inconsistent,pending,False,1.0,0.0,1
832,3,pass|other_build|missing,False,False,1|0,A|B,committed,pending,True,0.0,0.0,1
833,3,pass|other_build|missing,False,False,1|1,A|B,open,pending,False,1.0,1.0,2
834,3,pass|other_build|missing,False,False,1125899906842623|1,A|B,open,pending,False,4.569029158653223e-14,4.569029158653223e-14,2
835,3,pass|other_build|missing,False,False,1|1,A|A,committed,pending,True,1.0,0.0,1
836,3,pass|other_build|missing,False,True,1|0,A|B,inconsistent,pending,False,0.0,0.0,1
837,3,pass|other_build|missing,False,True,1|1,A|B,inconsistent,pending,False,1.0,1.0,2
838,3,pass|other_build|missing,False,True,1125899906842623|1,A|B,inconsistent,pending,False,4.569029158653223e-14,4.569029158653223e-14,2
839,3,pass|other_build|missing,False,True,1|1,A|A,inconsistent,pending,False,1.0,0.0,1
840,3,pass|other_build|missing,True,False,1|0,A|B,committed,pending,True,0.0,0.0,1
841,3,pass|other_build|missing,True,False,1|1,A|B,open,pending,False,1.0,1.0,2
842,3,pass|other_build|missing,True,False,1125899906842623|1,A|B,open,pending,False,4.569029158653223e-14,4.569029158653223e-14,2
843,3,pass|other_build|missing,True,False,1|1,A|A,committed,pending,True,1.0,0.0,1
844,3,pass|other_build|missing,True,True,1|0,A|B,inconsistent,pending,False,0.0,0.0,1
845,3,pass|other_build|missing,True,True,1|1,A|B,inconsistent,pending,False,1.0,1.0,2
846,3,pass|other_build|missing,True,True,1125899906842623|1,A|B,inconsistent,pending,False,4.569029158653223e-14,4.569029158653223e-14,2
847,3,pass|other_build|missing,True,True,1|1,A|A,inconsistent,pending,False,1.0,0.0,1
848,3,pass|other_build|stale,False,False,1|0,A|B,committed,pending,True,0.0,0.0,1
849,3,pass|other_build|stale,False,False,1|1,A|B,open,pending,False,1.0,1.0,2
850,3,pass|other_build|stale,False,False,1125899906842623|1,A|B,open,pending,False,4.569029158653223e-14,4.569029158653223e-14,2
851,3,pass|other_build|stale,False,False,1|1,A|A,committed,pending,True,1.0,0.0,1
852,3,pass|other_build|stale,False,True,1|0,A|B,inconsistent,pending,False,0.0,0.0,1
853,3,pass|other_build|stale,False,True,1|1,A|B,inconsistent,pending,False,1.0,1.0,2
854,3,pass|other_build|stale,False,True,1125899906842623|1,A|B,inconsistent,pending,False,4.569029158653223e-14,4.569029158653223e-14,2
855,3,pass|other_build|stale,False,True,1|1,A|A,inconsistent,pending,False,1.0,0.0,1
856,3,pass|other_build|stale,True,False,1|0,A|B,committed,pending,True,0.0,0.0,1
857,3,pass|other_build|stale,True,False,1|1,A|B,open,pending,False,1.0,1.0,2
858,3,pass|other_build|stale,True,False,1125899906842623|1,A|B,open,pending,False,4.569029158653223e-14,4.569029158653223e-14,2
859,3,pass|other_build|stale,True,False,1|1,A|A,committed,pending,True,1.0,0.0,1
860,3,pass|other_build|stale,True,True,1|0,A|B,inconsistent,pending,False,0.0,0.0,1
861,3,pass|other_build|stale,True,True,1|1,A|B,inconsistent,pending,False,1.0,1.0,2
862,3,pass|other_build|stale,True,True,1125899906842623|1,A|B,inconsistent,pending,False,4.569029158653223e-14,4.569029158653223e-14,2
863,3,pass|other_build|stale,True,True,1|1,A|A,inconsistent,pending,False,1.0,0.0,1
864,3,pass|other_build|other_build,False,False,1|0,A|B,committed,pending,True,0.0,0.0,1
865,3,pass|other_build|other_build,False,False,1|1,A|B,open,pending,False,1.0,1.0,2
866,3,pass|other_build|other_build,False,False,1125899906842623|1,A|B,open,pending,False,4.569029158653223e-14,4.569029158653223e-14,2
867,3,pass|other_build|other_build,False,False,1|1,A|A,committed,pending,True,1.0,0.0,1
868,3,pass|other_build|other_build,False,True,1|0,A|B,inconsistent,pending,False,0.0,0.0,1
869,3,pass|other_build|other_build,False,True,1|1,A|B,inconsistent,pending,False,1.0,1.0,2
870,3,pass|other_build|other_build,False,True,1125899906842623|1,A|B,inconsistent,pending,False,4.569029158653223e-14,4.569029158653223e-14,2
871,3,pass|other_build|other_build,False,True,1|1,A|A,inconsistent,pending,False,1.0,0.0,1
872,3,pass|other_build|other_build,True,False,1|0,A|B,committed,pending,True,0.0,0.0,1
873,3,pass|other_build|other_build,True,False,1|1,A|B,open,pending,False,1.0,1.0,2
874,3,pass|other_build|other_build,True,False,1125899906842623|1,A|B,open,pending,False,4.569029158653223e-14,4.569029158653223e-14,2
875,3,pass|other_build|other_build,True,False,1|1,A|A,committed,pending,True,1.0,0.0,1
876,3,pass|other_build|other_build,True,True,1|0,A|B,inconsistent,pending,False,0.0,0.0,1
877,3,pass|other_build|other_build,True,True,1|1,A|B,inconsistent,pending,False,1.0,1.0,2
878,3,pass|other_build|other_build,True,True,1125899906842623|1,A|B,inconsistent,pending,False,4.569029158653223e-14,4.569029158653223e-14,2
879,3,pass|other_build|other_build,True,True,1|1,A|A,inconsistent,pending,False,1.0,0.0,1
880,3,fail|pass|pass,False,False,1|0,A|B,committed,pending,True,0.0,0.0,1
881,3,fail|pass|pass,False,False,1|1,A|B,open,pending,False,1.0,1.0,2
882,3,fail|pass|pass,False,False,1125899906842623|1,A|B,open,pending,False,4.569029158653223e-14,4.569029158653223e-14,2
883,3,fail|pass|pass,False,False,1|1,A|A,committed,pending,True,1.0,0.0,1
884,3,fail|pass|pass,False,True,1|0,A|B,inconsistent,pending,False,0.0,0.0,1
885,3,fail|pass|pass,False,True,1|1,A|B,inconsistent,pending,False,1.0,1.0,2
886,3,fail|pass|pass,False,True,1125899906842623|1,A|B,inconsistent,pending,False,4.569029158653223e-14,4.569029158653223e-14,2
887,3,fail|pass|pass,False,True,1|1,A|A,inconsistent,pending,False,1.0,0.0,1
888,3,fail|pass|pass,True,False,1|0,A|B,committed,failed,True,0.0,0.0,1
889,3,fail|pass|pass,True,False,1|1,A|B,open,failed,False,1.0,1.0,2
890,3,fail|pass|pass,True,False,1125899906842623|1,A|B,open,failed,False,4.569029158653223e-14,4.569029158653223e-14,2
891,3,fail|pass|pass,True,False,1|1,A|A,committed,failed,True,1.0,0.0,1
892,3,fail|pass|pass,True,True,1|0,A|B,inconsistent,pending,False,0.0,0.0,1
893,3,fail|pass|pass,True,True,1|1,A|B,inconsistent,pending,False,1.0,1.0,2
894,3,fail|pass|pass,True,True,1125899906842623|1,A|B,inconsistent,pending,False,4.569029158653223e-14,4.569029158653223e-14,2
895,3,fail|pass|pass,True,True,1|1,A|A,inconsistent,pending,False,1.0,0.0,1
896,3,fail|pass|fail,False,False,1|0,A|B,committed,pending,True,0.0,0.0,1
897,3,fail|pass|fail,False,False,1|1,A|B,open,pending,False,1.0,1.0,2
898,3,fail|pass|fail,False,False,1125899906842623|1,A|B,open,pending,False,4.569029158653223e-14,4.569029158653223e-14,2
899,3,fail|pass|fail,False,False,1|1,A|A,committed,pending,True,1.0,0.0,1
900,3,fail|pass|fail,False,True,1|0,A|B,inconsistent,pending,False,0.0,0.0,1
901,3,fail|pass|fail,False,True,1|1,A|B,inconsistent,pending,False,1.0,1.0,2
902,3,fail|pass|fail,False,True,1125899906842623|1,A|B,inconsistent,pending,False,4.569029158653223e-14,4.569029158653223e-14,2
903,3,fail|pass|fail,False,True,1|1,A|A,inconsistent,pending,False,1.0,0.0,1
904,3,fail|pass|fail,True,False,1|0,A|B,committed,failed,True,0.0,0.0,1
905,3,fail|pass|fail,True,False,1|1,A|B,open,failed,False,1.0,1.0,2
906,3,fail|pass|fail,True,False,1125899906842623|1,A|B,open,failed,False,4.569029158653223e-14,4.569029158653223e-14,2
907,3,fail|pass|fail,True,False,1|1,A|A,committed,failed,True,1.0,0.0,1
908,3,fail|pass|fail,True,True,1|0,A|B,inconsistent,pending,False,0.0,0.0,1
909,3,fail|pass|fail,True,True,1|1,A|B,inconsistent,pending,False,1.0,1.0,2
910,3,fail|pass|fail,True,True,1125899906842623|1,A|B,inconsistent,pending,False,4.569029158653223e-14,4.569029158653223e-14,2
911,3,fail|pass|fail,True,True,1|1,A|A,inconsistent,pending,False,1.0,0.0,1
912,3,fail|pass|missing,False,False,1|0,A|B,committed,pending,True,0.0,0.0,1
913,3,fail|pass|missing,False,False,1|1,A|B,open,pending,False,1.0,1.0,2
914,3,fail|pass|missing,False,False,1125899906842623|1,A|B,open,pending,False,4.569029158653223e-14,4.569029158653223e-14,2
915,3,fail|pass|missing,False,False,1|1,A|A,committed,pending,True,1.0,0.0,1
916,3,fail|pass|missing,False,True,1|0,A|B,inconsistent,pending,False,0.0,0.0,1
917,3,fail|pass|missing,False,True,1|1,A|B,inconsistent,pending,False,1.0,1.0,2
918,3,fail|pass|missing,False,True,1125899906842623|1,A|B,inconsistent,pending,False,4.569029158653223e-14,4.569029158653223e-14,2
919,3,fail|pass|missing,False,True,1|1,A|A,inconsistent,pending,False,1.0,0.0,1
920,3,fail|pass|missing,True,False,1|0,A|B,committed,pending,True,0.0,0.0,1
921,3,fail|pass|missing,True,False,1|1,A|B,open,pending,False,1.0,1.0,2
922,3,fail|pass|missing,True,False,1125899906842623|1,A|B,open,pending,False,4.569029158653223e-14,4.569029158653223e-14,2
923,3,fail|pass|missing,True,False,1|1,A|A,committed,pending,True,1.0,0.0,1
924,3,fail|pass|missing,True,True,1|0,A|B,inconsistent,pending,False,0.0,0.0,1
925,3,fail|pass|missing,True,True,1|1,A|B,inconsistent,pending,False,1.0,1.0,2
926,3,fail|pass|missing,True,True,1125899906842623|1,A|B,inconsistent,pending,False,4.569029158653223e-14,4.569029158653223e-14,2
927,3,fail|pass|missing,True,True,1|1,A|A,inconsistent,pending,False,1.0,0.0,1
928,3,fail|pass|stale,False,False,1|0,A|B,committed,pending,True,0.0,0.0,1
929,3,fail|pass|stale,False,False,1|1,A|B,open,pending,False,1.0,1.0,2
930,3,fail|pass|stale,False,False,1125899906842623|1,A|B,open,pending,False,4.569029158653223e-14,4.569029158653223e-14,2
931,3,fail|pass|stale,False,False,1|1,A|A,committed,pending,True,1.0,0.0,1
932,3,fail|pass|stale,False,True,1|0,A|B,inconsistent,pending,False,0.0,0.0,1
933,3,fail|pass|stale,False,True,1|1,A|B,inconsistent,pending,False,1.0,1.0,2
934,3,fail|pass|stale,False,True,1125899906842623|1,A|B,inconsistent,pending,False,4.569029158653223e-14,4.569029158653223e-14,2
935,3,fail|pass|stale,False,True,1|1,A|A,inconsistent,pending,False,1.0,0.0,1
936,3,fail|pass|stale,True,False,1|0,A|B,committed,pending,True,0.0,0.0,1
937,3,fail|pass|stale,True,False,1|1,A|B,open,pending,False,1.0,1.0,2
938,3,fail|pass|stale,True,False,1125899906842623|1,A|B,open,pending,False,4.569029158653223e-14,4.569029158653223e-14,2
939,3,fail|pass|stale,True,False,1|1,A|A,committed,pending,True,1.0,0.0,1
940,3,fail|pass|stale,True,True,1|0,A|B,inconsistent,pending,False,0.0,0.0,1
941,3,fail|pass|stale,True,True,1|1,A|B,inconsistent,pending,False,1.0,1.0,2
942,3,fail|pass|stale,True,True,1125899906842623|1,A|B,inconsistent,pending,False,4.569029158653223e-14,4.569029158653223e-14,2
943,3,fail|pass|stale,True,True,1|1,A|A,inconsistent,pending,False,1.0,0.0,1
944,3,fail|pass|other_build,False,False,1|0,A|B,committed,pending,True,0.0,0.0,1
945,3,fail|pass|other_build,False,False,1|1,A|B,open,pending,False,1.0,1.0,2
946,3,fail|pass|other_build,False,False,1125899906842623|1,A|B,open,pending,False,4.569029158653223e-14,4.569029158653223e-14,2
947,3,fail|pass|other_build,False,False,1|1,A|A,committed,pending,True,1.0,0.0,1
948,3,fail|pass|other_build,False,True,1|0,A|B,inconsistent,pending,False,0.0,0.0,1
949,3,fail|pass|other_build,False,True,1|1,A|B,inconsistent,pending,False,1.0,1.0,2
950,3,fail|pass|other_build,False,True,1125899906842623|1,A|B,inconsistent,pending,False,4.569029158653223e-14,4.569029158653223e-14,2
951,3,fail|pass|other_build,False,True,1|1,A|A,inconsistent,pending,False,1.0,0.0,1
952,3,fail|pass|other_build,True,False,1|0,A|B,committed,pending,True,0.0,0.0,1
953,3,fail|pass|other_build,True,False,1|1,A|B,open,pending,False,1.0,1.0,2
954,3,fail|pass|other_build,True,False,1125899906842623|1,A|B,open,pending,False,4.569029158653223e-14,4.569029158653223e-14,2
955,3,fail|pass|other_build,True,False,1|1,A|A,committed,pending,True,1.0,0.0,1
956,3,fail|pass|other_build,True,True,1|0,A|B,inconsistent,pending,False,0.0,0.0,1
957,3,fail|pass|other_build,True,True,1|1,A|B,inconsistent,pending,False,1.0,1.0,2
958,3,fail|pass|other_build,True,True,1125899906842623|1,A|B,inconsistent,pending,False,4.569029158653223e-14,4.569029158653223e-14,2
959,3,fail|pass|other_build,True,True,1|1,A|A,inconsistent,pending,False,1.0,0.0,1
960,3,fail|fail|pass,False,False,1|0,A|B,committed,pending,True,0.0,0.0,1
961,3,fail|fail|pass,False,False,1|1,A|B,open,pending,False,1.0,1.0,2
962,3,fail|fail|pass,False,False,1125899906842623|1,A|B,open,pending,False,4.569029158653223e-14,4.569029158653223e-14,2
963,3,fail|fail|pass,False,False,1|1,A|A,committed,pending,True,1.0,0.0,1
964,3,fail|fail|pass,False,True,1|0,A|B,inconsistent,pending,False,0.0,0.0,1
965,3,fail|fail|pass,False,True,1|1,A|B,inconsistent,pending,False,1.0,1.0,2
966,3,fail|fail|pass,False,True,1125899906842623|1,A|B,inconsistent,pending,False,4.569029158653223e-14,4.569029158653223e-14,2
967,3,fail|fail|pass,False,True,1|1,A|A,inconsistent,pending,False,1.0,0.0,1
968,3,fail|fail|pass,True,False,1|0,A|B,committed,failed,True,0.0,0.0,1
969,3,fail|fail|pass,True,False,1|1,A|B,open,failed,False,1.0,1.0,2
970,3,fail|fail|pass,True,False,1125899906842623|1,A|B,open,failed,False,4.569029158653223e-14,4.569029158653223e-14,2
971,3,fail|fail|pass,True,False,1|1,A|A,committed,failed,True,1.0,0.0,1
972,3,fail|fail|pass,True,True,1|0,A|B,inconsistent,pending,False,0.0,0.0,1
973,3,fail|fail|pass,True,True,1|1,A|B,inconsistent,pending,False,1.0,1.0,2
974,3,fail|fail|pass,True,True,1125899906842623|1,A|B,inconsistent,pending,False,4.569029158653223e-14,4.569029158653223e-14,2
975,3,fail|fail|pass,True,True,1|1,A|A,inconsistent,pending,False,1.0,0.0,1
976,3,fail|fail|fail,False,False,1|0,A|B,committed,pending,True,0.0,0.0,1
977,3,fail|fail|fail,False,False,1|1,A|B,open,pending,False,1.0,1.0,2
978,3,fail|fail|fail,False,False,1125899906842623|1,A|B,open,pending,False,4.569029158653223e-14,4.569029158653223e-14,2
979,3,fail|fail|fail,False,False,1|1,A|A,committed,pending,True,1.0,0.0,1
980,3,fail|fail|fail,False,True,1|0,A|B,inconsistent,pending,False,0.0,0.0,1
981,3,fail|fail|fail,False,True,1|1,A|B,inconsistent,pending,False,1.0,1.0,2
982,3,fail|fail|fail,False,True,1125899906842623|1,A|B,inconsistent,pending,False,4.569029158653223e-14,4.569029158653223e-14,2
983,3,fail|fail|fail,False,True,1|1,A|A,inconsistent,pending,False,1.0,0.0,1
984,3,fail|fail|fail,True,False,1|0,A|B,committed,failed,True,0.0,0.0,1
985,3,fail|fail|fail,True,False,1|1,A|B,open,failed,False,1.0,1.0,2
986,3,fail|fail|fail,True,False,1125899906842623|1,A|B,open,failed,False,4.569029158653223e-14,4.569029158653223e-14,2
987,3,fail|fail|fail,True,False,1|1,A|A,committed,failed,True,1.0,0.0,1
988,3,fail|fail|fail,True,True,1|0,A|B,inconsistent,pending,False,0.0,0.0,1
989,3,fail|fail|fail,True,True,1|1,A|B,inconsistent,pending,False,1.0,1.0,2
990,3,fail|fail|fail,True,True,1125899906842623|1,A|B,inconsistent,pending,False,4.569029158653223e-14,4.569029158653223e-14,2
991,3,fail|fail|fail,True,True,1|1,A|A,inconsistent,pending,False,1.0,0.0,1
992,3,fail|fail|missing,False,False,1|0,A|B,committed,pending,True,0.0,0.0,1
993,3,fail|fail|missing,False,False,1|1,A|B,open,pending,False,1.0,1.0,2
994,3,fail|fail|missing,False,False,1125899906842623|1,A|B,open,pending,False,4.569029158653223e-14,4.569029158653223e-14,2
995,3,fail|fail|missing,False,False,1|1,A|A,committed,pending,True,1.0,0.0,1
996,3,fail|fail|missing,False,True,1|0,A|B,inconsistent,pending,False,0.0,0.0,1
997,3,fail|fail|missing,False,True,1|1,A|B,inconsistent,pending,False,1.0,1.0,2
998,3,fail|fail|missing,False,True,1125899906842623|1,A|B,inconsistent,pending,False,4.569029158653223e-14,4.569029158653223e-14,2
999,3,fail|fail|missing,False,True,1|1,A|A,inconsistent,pending,False,1.0,0.0,1
1000,3,fail|fail|missing,True,False,1|0,A|B,committed,pending,True,0.0,0.0,1
1001,3,fail|fail|missing,True,False,1|1,A|B,open,pending,False,1.0,1.0,2
1002,3,fail|fail|missing,True,False,1125899906842623|1,A|B,open,pending,False,4.569029158653223e-14,4.569029158653223e-14,2
1003,3,fail|fail|missing,True,False,1|1,A|A,committed,pending,True,1.0,0.0,1
1004,3,fail|fail|missing,True,True,1|0,A|B,inconsistent,pending,False,0.0,0.0,1
1005,3,fail|fail|missing,True,True,1|1,A|B,inconsistent,pending,False,1.0,1.0,2
1006,3,fail|fail|missing,True,True,1125899906842623|1,A|B,inconsistent,pending,False,4.569029158653223e-14,4.569029158653223e-14,2
1007,3,fail|fail|missing,True,True,1|1,A|A,inconsistent,pending,False,1.0,0.0,1
1008,3,fail|fail|stale,False,False,1|0,A|B,committed,pending,True,0.0,0.0,1
1009,3,fail|fail|stale,False,False,1|1,A|B,open,pending,False,1.0,1.0,2
1010,3,fail|fail|stale,False,False,1125899906842623|1,A|B,open,pending,False,4.569029158653223e-14,4.569029158653223e-14,2
1011,3,fail|fail|stale,False,False,1|1,A|A,committed,pending,True,1.0,0.0,1
1012,3,fail|fail|stale,False,True,1|0,A|B,inconsistent,pending,False,0.0,0.0,1
1013,3,fail|fail|stale,False,True,1|1,A|B,inconsistent,pending,False,1.0,1.0,2
1014,3,fail|fail|stale,False,True,1125899906842623|1,A|B,inconsistent,pending,False,4.569029158653223e-14,4.569029158653223e-14,2
1015,3,fail|fail|stale,False,True,1|1,A|A,inconsistent,pending,False,1.0,0.0,1
1016,3,fail|fail|stale,True,False,1|0,A|B,committed,pending,True,0.0,0.0,1
1017,3,fail|fail|stale,True,False,1|1,A|B,open,pending,False,1.0,1.0,2
1018,3,fail|fail|stale,True,False,1125899906842623|1,A|B,open,pending,False,4.569029158653223e-14,4.569029158653223e-14,2
1019,3,fail|fail|stale,True,False,1|1,A|A,committed,pending,True,1.0,0.0,1
1020,3,fail|fail|stale,True,True,1|0,A|B,inconsistent,pending,False,0.0,0.0,1
1021,3,fail|fail|stale,True,True,1|1,A|B,inconsistent,pending,False,1.0,1.0,2
1022,3,fail|fail|stale,True,True,1125899906842623|1,A|B,inconsistent,pending,False,4.569029158653223e-14,4.569029158653223e-14,2
1023,3,fail|fail|stale,True,True,1|1,A|A,inconsistent,pending,False,1.0,0.0,1
1024,3,fail|fail|other_build,False,False,1|0,A|B,committed,pending,True,0.0,0.0,1
1025,3,fail|fail|other_build,False,False,1|1,A|B,open,pending,False,1.0,1.0,2
1026,3,fail|fail|other_build,False,False,1125899906842623|1,A|B,open,pending,False,4.569029158653223e-14,4.569029158653223e-14,2
1027,3,fail|fail|other_build,False,False,1|1,A|A,committed,pending,True,1.0,0.0,1
1028,3,fail|fail|other_build,False,True,1|0,A|B,inconsistent,pending,False,0.0,0.0,1
1029,3,fail|fail|other_build,False,True,1|1,A|B,inconsistent,pending,False,1.0,1.0,2
1030,3,fail|fail|other_build,False,True,1125899906842623|1,A|B,inconsistent,pending,False,4.569029158653223e-14,4.569029158653223e-14,2
1031,3,fail|fail|other_build,False,True,1|1,A|A,inconsistent,pending,False,1.0,0.0,1
1032,3,fail|fail|other_build,True,False,1|0,A|B,committed,pending,True,0.0,0.0,1
1033,3,fail|fail|other_build,True,False,1|1,A|B,open,pending,False,1.0,1.0,2
1034,3,fail|fail|other_build,True,False,1125899906842623|1,A|B,open,pending,False,4.569029158653223e-14,4.569029158653223e-14,2
1035,3,fail|fail|other_build,True,False,1|1,A|A,committed,pending,True,1.0,0.0,1
1036,3,fail|fail|other_build,True,True,1|0,A|B,inconsistent,pending,False,0.0,0.0,1
1037,3,fail|fail|other_build,True,True,1|1,A|B,inconsistent,pending,False,1.0,1.0,2
1038,3,fail|fail|other_build,True,True,1125899906842623|1,A|B,inconsistent,pending,False,4.569029158653223e-14,4.569029158653223e-14,2
1039,3,fail|fail|other_build,True,True,1|1,A|A,inconsistent,pending,False,1.0,0.0,1
1040,3,fail|missing|pass,False,False,1|0,A|B,committed,pending,True,0.0,0.0,1
1041,3,fail|missing|pass,False,False,1|1,A|B,open,pending,False,1.0,1.0,2
1042,3,fail|missing|pass,False,False,1125899906842623|1,A|B,open,pending,False,4.569029158653223e-14,4.569029158653223e-14,2
1043,3,fail|missing|pass,False,False,1|1,A|A,committed,pending,True,1.0,0.0,1
1044,3,fail|missing|pass,False,True,1|0,A|B,inconsistent,pending,False,0.0,0.0,1
1045,3,fail|missing|pass,False,True,1|1,A|B,inconsistent,pending,False,1.0,1.0,2
1046,3,fail|missing|pass,False,True,1125899906842623|1,A|B,inconsistent,pending,False,4.569029158653223e-14,4.569029158653223e-14,2
1047,3,fail|missing|pass,False,True,1|1,A|A,inconsistent,pending,False,1.0,0.0,1
1048,3,fail|missing|pass,True,False,1|0,A|B,committed,pending,True,0.0,0.0,1
1049,3,fail|missing|pass,True,False,1|1,A|B,open,pending,False,1.0,1.0,2
1050,3,fail|missing|pass,True,False,1125899906842623|1,A|B,open,pending,False,4.569029158653223e-14,4.569029158653223e-14,2
1051,3,fail|missing|pass,True,False,1|1,A|A,committed,pending,True,1.0,0.0,1
1052,3,fail|missing|pass,True,True,1|0,A|B,inconsistent,pending,False,0.0,0.0,1
1053,3,fail|missing|pass,True,True,1|1,A|B,inconsistent,pending,False,1.0,1.0,2
1054,3,fail|missing|pass,True,True,1125899906842623|1,A|B,inconsistent,pending,False,4.569029158653223e-14,4.569029158653223e-14,2
1055,3,fail|missing|pass,True,True,1|1,A|A,inconsistent,pending,False,1.0,0.0,1
1056,3,fail|missing|fail,False,False,1|0,A|B,committed,pending,True,0.0,0.0,1
1057,3,fail|missing|fail,False,False,1|1,A|B,open,pending,False,1.0,1.0,2
1058,3,fail|missing|fail,False,False,1125899906842623|1,A|B,open,pending,False,4.569029158653223e-14,4.569029158653223e-14,2
1059,3,fail|missing|fail,False,False,1|1,A|A,committed,pending,True,1.0,0.0,1
1060,3,fail|missing|fail,False,True,1|0,A|B,inconsistent,pending,False,0.0,0.0,1
1061,3,fail|missing|fail,False,True,1|1,A|B,inconsistent,pending,False,1.0,1.0,2
1062,3,fail|missing|fail,False,True,1125899906842623|1,A|B,inconsistent,pending,False,4.569029158653223e-14,4.569029158653223e-14,2
1063,3,fail|missing|fail,False,True,1|1,A|A,inconsistent,pending,False,1.0,0.0,1
1064,3,fail|missing|fail,True,False,1|0,A|B,committed,pending,True,0.0,0.0,1
1065,3,fail|missing|fail,True,False,1|1,A|B,open,pending,False,1.0,1.0,2
1066,3,fail|missing|fail,True,False,1125899906842623|1,A|B,open,pending,False,4.569029158653223e-14,4.569029158653223e-14,2
1067,3,fail|missing|fail,True,False,1|1,A|A,committed,pending,True,1.0,0.0,1
1068,3,fail|missing|fail,True,True,1|0,A|B,inconsistent,pending,False,0.0,0.0,1
1069,3,fail|missing|fail,True,True,1|1,A|B,inconsistent,pending,False,1.0,1.0,2
1070,3,fail|missing|fail,True,True,1125899906842623|1,A|B,inconsistent,pending,False,4.569029158653223e-14,4.569029158653223e-14,2
1071,3,fail|missing|fail,True,True,1|1,A|A,inconsistent,pending,False,1.0,0.0,1
1072,3,fail|missing|missing,False,False,1|0,A|B,committed,pending,True,0.0,0.0,1
1073,3,fail|missing|missing,False,False,1|1,A|B,open,pending,False,1.0,1.0,2
1074,3,fail|missing|missing,False,False,1125899906842623|1,A|B,open,pending,False,4.569029158653223e-14,4.569029158653223e-14,2
1075,3,fail|missing|missing,False,False,1|1,A|A,committed,pending,True,1.0,0.0,1
1076,3,fail|missing|missing,False,True,1|0,A|B,inconsistent,pending,False,0.0,0.0,1
1077,3,fail|missing|missing,False,True,1|1,A|B,inconsistent,pending,False,1.0,1.0,2
1078,3,fail|missing|missing,False,True,1125899906842623|1,A|B,inconsistent,pending,False,4.569029158653223e-14,4.569029158653223e-14,2
1079,3,fail|missing|missing,False,True,1|1,A|A,inconsistent,pending,False,1.0,0.0,1
1080,3,fail|missing|missing,True,False,1|0,A|B,committed,pending,True,0.0,0.0,1
1081,3,fail|missing|missing,True,False,1|1,A|B,open,pending,False,1.0,1.0,2
1082,3,fail|missing|missing,True,False,1125899906842623|1,A|B,open,pending,False,4.569029158653223e-14,4.569029158653223e-14,2
1083,3,fail|missing|missing,True,False,1|1,A|A,committed,pending,True,1.0,0.0,1
1084,3,fail|missing|missing,True,True,1|0,A|B,inconsistent,pending,False,0.0,0.0,1
1085,3,fail|missing|missing,True,True,1|1,A|B,inconsistent,pending,False,1.0,1.0,2
1086,3,fail|missing|missing,True,True,1125899906842623|1,A|B,inconsistent,pending,False,4.569029158653223e-14,4.569029158653223e-14,2
1087,3,fail|missing|missing,True,True,1|1,A|A,inconsistent,pending,False,1.0,0.0,1
1088,3,fail|missing|stale,False,False,1|0,A|B,committed,pending,True,0.0,0.0,1
1089,3,fail|missing|stale,False,False,1|1,A|B,open,pending,False,1.0,1.0,2
1090,3,fail|missing|stale,False,False,1125899906842623|1,A|B,open,pending,False,4.569029158653223e-14,4.569029158653223e-14,2
1091,3,fail|missing|stale,False,False,1|1,A|A,committed,pending,True,1.0,0.0,1
1092,3,fail|missing|stale,False,True,1|0,A|B,inconsistent,pending,False,0.0,0.0,1
1093,3,fail|missing|stale,False,True,1|1,A|B,inconsistent,pending,False,1.0,1.0,2
1094,3,fail|missing|stale,False,True,1125899906842623|1,A|B,inconsistent,pending,False,4.569029158653223e-14,4.569029158653223e-14,2
1095,3,fail|missing|stale,False,True,1|1,A|A,inconsistent,pending,False,1.0,0.0,1
1096,3,fail|missing|stale,True,False,1|0,A|B,committed,pending,True,0.0,0.0,1
1097,3,fail|missing|stale,True,False,1|1,A|B,open,pending,False,1.0,1.0,2
1098,3,fail|missing|stale,True,False,1125899906842623|1,A|B,open,pending,False,4.569029158653223e-14,4.569029158653223e-14,2
1099,3,fail|missing|stale,True,False,1|1,A|A,committed,pending,True,1.0,0.0,1
1100,3,fail|missing|stale,True,True,1|0,A|B,inconsistent,pending,False,0.0,0.0,1
1101,3,fail|missing|stale,True,True,1|1,A|B,inconsistent,pending,False,1.0,1.0,2
1102,3,fail|missing|stale,True,True,1125899906842623|1,A|B,inconsistent,pending,False,4.569029158653223e-14,4.569029158653223e-14,2
1103,3,fail|missing|stale,True,True,1|1,A|A,inconsistent,pending,False,1.0,0.0,1
1104,3,fail|missing|other_build,False,False,1|0,A|B,committed,pending,True,0.0,0.0,1
1105,3,fail|missing|other_build,False,False,1|1,A|B,open,pending,False,1.0,1.0,2
1106,3,fail|missing|other_build,False,False,1125899906842623|1,A|B,open,pending,False,4.569029158653223e-14,4.569029158653223e-14,2
1107,3,fail|missing|other_build,False,False,1|1,A|A,committed,pending,True,1.0,0.0,1
1108,3,fail|missing|other_build,False,True,1|0,A|B,inconsistent,pending,False,0.0,0.0,1
1109,3,fail|missing|other_build,False,True,1|1,A|B,inconsistent,pending,False,1.0,1.0,2
1110,3,fail|missing|other_build,False,True,1125899906842623|1,A|B,inconsistent,pending,False,4.569029158653223e-14,4.569029158653223e-14,2
1111,3,fail|missing|other_build,False,True,1|1,A|A,inconsistent,pending,False,1.0,0.0,1
1112,3,fail|missing|other_build,True,False,1|0,A|B,committed,pending,True,0.0,0.0,1
1113,3,fail|missing|other_build,True,False,1|1,A|B,open,pending,False,1.0,1.0,2
1114,3,fail|missing|other_build,True,False,1125899906842623|1,A|B,open,pending,False,4.569029158653223e-14,4.569029158653223e-14,2
1115,3,fail|missing|other_build,True,False,1|1,A|A,committed,pending,True,1.0,0.0,1
1116,3,fail|missing|other_build,True,True,1|0,A|B,inconsistent,pending,False,0.0,0.0,1
1117,3,fail|missing|other_build,True,True,1|1,A|B,inconsistent,pending,False,1.0,1.0,2
1118,3,fail|missing|other_build,True,True,1125899906842623|1,A|B,inconsistent,pending,False,4.569029158653223e-14,4.569029158653223e-14,2
1119,3,fail|missing|other_build,True,True,1|1,A|A,inconsistent,pending,False,1.0,0.0,1
1120,3,fail|stale|pass,False,False,1|0,A|B,committed,pending,True,0.0,0.0,1
1121,3,fail|stale|pass,False,False,1|1,A|B,open,pending,False,1.0,1.0,2
1122,3,fail|stale|pass,False,False,1125899906842623|1,A|B,open,pending,False,4.569029158653223e-14,4.569029158653223e-14,2
1123,3,fail|stale|pass,False,False,1|1,A|A,committed,pending,True,1.0,0.0,1
1124,3,fail|stale|pass,False,True,1|0,A|B,inconsistent,pending,False,0.0,0.0,1
1125,3,fail|stale|pass,False,True,1|1,A|B,inconsistent,pending,False,1.0,1.0,2
1126,3,fail|stale|pass,False,True,1125899906842623|1,A|B,inconsistent,pending,False,4.569029158653223e-14,4.569029158653223e-14,2
1127,3,fail|stale|pass,False,True,1|1,A|A,inconsistent,pending,False,1.0,0.0,1
1128,3,fail|stale|pass,True,False,1|0,A|B,committed,pending,True,0.0,0.0,1
1129,3,fail|stale|pass,True,False,1|1,A|B,open,pending,False,1.0,1.0,2
1130,3,fail|stale|pass,True,False,1125899906842623|1,A|B,open,pending,False,4.569029158653223e-14,4.569029158653223e-14,2
1131,3,fail|stale|pass,True,False,1|1,A|A,committed,pending,True,1.0,0.0,1
1132,3,fail|stale|pass,True,True,1|0,A|B,inconsistent,pending,False,0.0,0.0,1
1133,3,fail|stale|pass,True,True,1|1,A|B,inconsistent,pending,False,1.0,1.0,2
1134,3,fail|stale|pass,True,True,1125899906842623|1,A|B,inconsistent,pending,False,4.569029158653223e-14,4.569029158653223e-14,2
1135,3,fail|stale|pass,True,True,1|1,A|A,inconsistent,pending,False,1.0,0.0,1
1136,3,fail|stale|fail,False,False,1|0,A|B,committed,pending,True,0.0,0.0,1
1137,3,fail|stale|fail,False,False,1|1,A|B,open,pending,False,1.0,1.0,2
1138,3,fail|stale|fail,False,False,1125899906842623|1,A|B,open,pending,False,4.569029158653223e-14,4.569029158653223e-14,2
1139,3,fail|stale|fail,False,False,1|1,A|A,committed,pending,True,1.0,0.0,1
1140,3,fail|stale|fail,False,True,1|0,A|B,inconsistent,pending,False,0.0,0.0,1
1141,3,fail|stale|fail,False,True,1|1,A|B,inconsistent,pending,False,1.0,1.0,2
1142,3,fail|stale|fail,False,True,1125899906842623|1,A|B,inconsistent,pending,False,4.569029158653223e-14,4.569029158653223e-14,2
1143,3,fail|stale|fail,False,True,1|1,A|A,inconsistent,pending,False,1.0,0.0,1
1144,3,fail|stale|fail,True,False,1|0,A|B,committed,pending,True,0.0,0.0,1
1145,3,fail|stale|fail,True,False,1|1,A|B,open,pending,False,1.0,1.0,2
1146,3,fail|stale|fail,True,False,1125899906842623|1,A|B,open,pending,False,4.569029158653223e-14,4.569029158653223e-14,2
1147,3,fail|stale|fail,True,False,1|1,A|A,committed,pending,True,1.0,0.0,1
1148,3,fail|stale|fail,True,True,1|0,A|B,inconsistent,pending,False,0.0,0.0,1
1149,3,fail|stale|fail,True,True,1|1,A|B,inconsistent,pending,False,1.0,1.0,2
1150,3,fail|stale|fail,True,True,1125899906842623|1,A|B,inconsistent,pending,False,4.569029158653223e-14,4.569029158653223e-14,2
1151,3,fail|stale|fail,True,True,1|1,A|A,inconsistent,pending,False,1.0,0.0,1
1152,3,fail|stale|missing,False,False,1|0,A|B,committed,pending,True,0.0,0.0,1
1153,3,fail|stale|missing,False,False,1|1,A|B,open,pending,False,1.0,1.0,2
1154,3,fail|stale|missing,False,False,1125899906842623|1,A|B,open,pending,False,4.569029158653223e-14,4.569029158653223e-14,2
1155,3,fail|stale|missing,False,False,1|1,A|A,committed,pending,True,1.0,0.0,1
1156,3,fail|stale|missing,False,True,1|0,A|B,inconsistent,pending,False,0.0,0.0,1
1157,3,fail|stale|missing,False,True,1|1,A|B,inconsistent,pending,False,1.0,1.0,2
1158,3,fail|stale|missing,False,True,1125899906842623|1,A|B,inconsistent,pending,False,4.569029158653223e-14,4.569029158653223e-14,2
1159,3,fail|stale|missing,False,True,1|1,A|A,inconsistent,pending,False,1.0,0.0,1
1160,3,fail|stale|missing,True,False,1|0,A|B,committed,pending,True,0.0,0.0,1
1161,3,fail|stale|missing,True,False,1|1,A|B,open,pending,False,1.0,1.0,2
1162,3,fail|stale|missing,True,False,1125899906842623|1,A|B,open,pending,False,4.569029158653223e-14,4.569029158653223e-14,2
1163,3,fail|stale|missing,True,False,1|1,A|A,committed,pending,True,1.0,0.0,1
1164,3,fail|stale|missing,True,True,1|0,A|B,inconsistent,pending,False,0.0,0.0,1
1165,3,fail|stale|missing,True,True,1|1,A|B,inconsistent,pending,False,1.0,1.0,2
1166,3,fail|stale|missing,True,True,1125899906842623|1,A|B,inconsistent,pending,False,4.569029158653223e-14,4.569029158653223e-14,2
1167,3,fail|stale|missing,True,True,1|1,A|A,inconsistent,pending,False,1.0,0.0,1
1168,3,fail|stale|stale,False,False,1|0,A|B,committed,pending,True,0.0,0.0,1
1169,3,fail|stale|stale,False,False,1|1,A|B,open,pending,False,1.0,1.0,2
1170,3,fail|stale|stale,False,False,1125899906842623|1,A|B,open,pending,False,4.569029158653223e-14,4.569029158653223e-14,2
1171,3,fail|stale|stale,False,False,1|1,A|A,committed,pending,True,1.0,0.0,1
1172,3,fail|stale|stale,False,True,1|0,A|B,inconsistent,pending,False,0.0,0.0,1
1173,3,fail|stale|stale,False,True,1|1,A|B,inconsistent,pending,False,1.0,1.0,2
1174,3,fail|stale|stale,False,True,1125899906842623|1,A|B,inconsistent,pending,False,4.569029158653223e-14,4.569029158653223e-14,2
1175,3,fail|stale|stale,False,True,1|1,A|A,inconsistent,pending,False,1.0,0.0,1
1176,3,fail|stale|stale,True,False,1|0,A|B,committed,pending,True,0.0,0.0,1
1177,3,fail|stale|stale,True,False,1|1,A|B,open,pending,False,1.0,1.0,2
1178,3,fail|stale|stale,True,False,1125899906842623|1,A|B,open,pending,False,4.569029158653223e-14,4.569029158653223e-14,2
1179,3,fail|stale|stale,True,False,1|1,A|A,committed,pending,True,1.0,0.0,1
1180,3,fail|stale|stale,True,True,1|0,A|B,inconsistent,pending,False,0.0,0.0,1
1181,3,fail|stale|stale,True,True,1|1,A|B,inconsistent,pending,False,1.0,1.0,2
1182,3,fail|stale|stale,True,True,1125899906842623|1,A|B,inconsistent,pending,False,4.569029158653223e-14,4.569029158653223e-14,2
1183,3,fail|stale|stale,True,True,1|1,A|A,inconsistent,pending,False,1.0,0.0,1
1184,3,fail|stale|other_build,False,False,1|0,A|B,committed,pending,True,0.0,0.0,1
1185,3,fail|stale|other_build,False,False,1|1,A|B,open,pending,False,1.0,1.0,2
1186,3,fail|stale|other_build,False,False,1125899906842623|1,A|B,open,pending,False,4.569029158653223e-14,4.569029158653223e-14,2
1187,3,fail|stale|other_build,False,False,1|1,A|A,committed,pending,True,1.0,0.0,1
1188,3,fail|stale|other_build,False,True,1|0,A|B,inconsistent,pending,False,0.0,0.0,1
1189,3,fail|stale|other_build,False,True,1|1,A|B,inconsistent,pending,False,1.0,1.0,2
1190,3,fail|stale|other_build,False,True,1125899906842623|1,A|B,inconsistent,pending,False,4.569029158653223e-14,4.569029158653223e-14,2
1191,3,fail|stale|other_build,False,True,1|1,A|A,inconsistent,pending,False,1.0,0.0,1
1192,3,fail|stale|other_build,True,False,1|0,A|B,committed,pending,True,0.0,0.0,1
1193,3,fail|stale|other_build,True,False,1|1,A|B,open,pending,False,1.0,1.0,2
1194,3,fail|stale|other_build,True,False,1125899906842623|1,A|B,open,pending,False,4.569029158653223e-14,4.569029158653223e-14,2
1195,3,fail|stale|other_build,True,False,1|1,A|A,committed,pending,True,1.0,0.0,1
1196,3,fail|stale|other_build,True,True,1|0,A|B,inconsistent,pending,False,0.0,0.0,1
1197,3,fail|stale|other_build,True,True,1|1,A|B,inconsistent,pending,False,1.0,1.0,2
1198,3,fail|stale|other_build,True,True,1125899906842623|1,A|B,inconsistent,pending,False,4.569029158653223e-14,4.569029158653223e-14,2
1199,3,fail|stale|other_build,True,True,1|1,A|A,inconsistent,pending,False,1.0,0.0,1
1200,3,fail|other_build|pass,False,False,1|0,A|B,committed,pending,True,0.0,0.0,1
1201,3,fail|other_build|pass,False,False,1|1,A|B,open,pending,False,1.0,1.0,2
1202,3,fail|other_build|pass,False,False,1125899906842623|1,A|B,open,pending,False,4.569029158653223e-14,4.569029158653223e-14,2
1203,3,fail|other_build|pass,False,False,1|1,A|A,committed,pending,True,1.0,0.0,1
1204,3,fail|other_build|pass,False,True,1|0,A|B,inconsistent,pending,False,0.0,0.0,1
1205,3,fail|other_build|pass,False,True,1|1,A|B,inconsistent,pending,False,1.0,1.0,2
1206,3,fail|other_build|pass,False,True,1125899906842623|1,A|B,inconsistent,pending,False,4.569029158653223e-14,4.569029158653223e-14,2
1207,3,fail|other_build|pass,False,True,1|1,A|A,inconsistent,pending,False,1.0,0.0,1
1208,3,fail|other_build|pass,True,False,1|0,A|B,committed,pending,True,0.0,0.0,1
1209,3,fail|other_build|pass,True,False,1|1,A|B,open,pending,False,1.0,1.0,2
1210,3,fail|other_build|pass,True,False,1125899906842623|1,A|B,open,pending,False,4.569029158653223e-14,4.569029158653223e-14,2
1211,3,fail|other_build|pass,True,False,1|1,A|A,committed,pending,True,1.0,0.0,1
1212,3,fail|other_build|pass,True,True,1|0,A|B,inconsistent,pending,False,0.0,0.0,1
1213,3,fail|other_build|pass,True,True,1|1,A|B,inconsistent,pending,False,1.0,1.0,2
1214,3,fail|other_build|pass,True,True,1125899906842623|1,A|B,inconsistent,pending,False,4.569029158653223e-14,4.569029158653223e-14,2
1215,3,fail|other_build|pass,True,True,1|1,A|A,inconsistent,pending,False,1.0,0.0,1
1216,3,fail|other_build|fail,False,False,1|0,A|B,committed,pending,True,0.0,0.0,1
1217,3,fail|other_build|fail,False,False,1|1,A|B,open,pending,False,1.0,1.0,2
1218,3,fail|other_build|fail,False,False,1125899906842623|1,A|B,open,pending,False,4.569029158653223e-14,4.569029158653223e-14,2
1219,3,fail|other_build|fail,False,False,1|1,A|A,committed,pending,True,1.0,0.0,1
1220,3,fail|other_build|fail,False,True,1|0,A|B,inconsistent,pending,False,0.0,0.0,1
1221,3,fail|other_build|fail,False,True,1|1,A|B,inconsistent,pending,False,1.0,1.0,2
1222,3,fail|other_build|fail,False,True,1125899906842623|1,A|B,inconsistent,pending,False,4.569029158653223e-14,4.569029158653223e-14,2
1223,3,fail|other_build|fail,False,True,1|1,A|A,inconsistent,pending,False,1.0,0.0,1
1224,3,fail|other_build|fail,True,False,1|0,A|B,committed,pending,True,0.0,0.0,1
1225,3,fail|other_build|fail,True,False,1|1,A|B,open,pending,False,1.0,1.0,2
1226,3,fail|other_build|fail,True,False,1125899906842623|1,A|B,open,pending,False,4.569029158653223e-14,4.569029158653223e-14,2
1227,3,fail|other_build|fail,True,False,1|1,A|A,committed,pending,True,1.0,0.0,1
1228,3,fail|other_build|fail,True,True,1|0,A|B,inconsistent,pending,False,0.0,0.0,1
1229,3,fail|other_build|fail,True,True,1|1,A|B,inconsistent,pending,False,1.0,1.0,2
1230,3,fail|other_build|fail,True,True,1125899906842623|1,A|B,inconsistent,pending,False,4.569029158653223e-14,4.569029158653223e-14,2
1231,3,fail|other_build|fail,True,True,1|1,A|A,inconsistent,pending,False,1.0,0.0,1
1232,3,fail|other_build|missing,False,False,1|0,A|B,committed,pending,True,0.0,0.0,1
1233,3,fail|other_build|missing,False,False,1|1,A|B,open,pending,False,1.0,1.0,2
1234,3,fail|other_build|missing,False,False,1125899906842623|1,A|B,open,pending,False,4.569029158653223e-14,4.569029158653223e-14,2
1235,3,fail|other_build|missing,False,False,1|1,A|A,committed,pending,True,1.0,0.0,1
1236,3,fail|other_build|missing,False,True,1|0,A|B,inconsistent,pending,False,0.0,0.0,1
1237,3,fail|other_build|missing,False,True,1|1,A|B,inconsistent,pending,False,1.0,1.0,2
1238,3,fail|other_build|missing,False,True,1125899906842623|1,A|B,inconsistent,pending,False,4.569029158653223e-14,4.569029158653223e-14,2
1239,3,fail|other_build|missing,False,True,1|1,A|A,inconsistent,pending,False,1.0,0.0,1
1240,3,fail|other_build|missing,True,False,1|0,A|B,committed,pending,True,0.0,0.0,1
1241,3,fail|other_build|missing,True,False,1|1,A|B,open,pending,False,1.0,1.0,2
1242,3,fail|other_build|missing,True,False,1125899906842623|1,A|B,open,pending,False,4.569029158653223e-14,4.569029158653223e-14,2
1243,3,fail|other_build|missing,True,False,1|1,A|A,committed,pending,True,1.0,0.0,1
1244,3,fail|other_build|missing,True,True,1|0,A|B,inconsistent,pending,False,0.0,0.0,1
1245,3,fail|other_build|missing,True,True,1|1,A|B,inconsistent,pending,False,1.0,1.0,2
1246,3,fail|other_build|missing,True,True,1125899906842623|1,A|B,inconsistent,pending,False,4.569029158653223e-14,4.569029158653223e-14,2
1247,3,fail|other_build|missing,True,True,1|1,A|A,inconsistent,pending,False,1.0,0.0,1
1248,3,fail|other_build|stale,False,False,1|0,A|B,committed,pending,True,0.0,0.0,1
1249,3,fail|other_build|stale,False,False,1|1,A|B,open,pending,False,1.0,1.0,2
1250,3,fail|other_build|stale,False,False,1125899906842623|1,A|B,open,pending,False,4.569029158653223e-14,4.569029158653223e-14,2
1251,3,fail|other_build|stale,False,False,1|1,A|A,committed,pending,True,1.0,0.0,1
1252,3,fail|other_build|stale,False,True,1|0,A|B,inconsistent,pending,False,0.0,0.0,1
1253,3,fail|other_build|stale,False,True,1|1,A|B,inconsistent,pending,False,1.0,1.0,2
1254,3,fail|other_build|stale,False,True,1125899906842623|1,A|B,inconsistent,pending,False,4.569029158653223e-14,4.569029158653223e-14,2
1255,3,fail|other_build|stale,False,True,1|1,A|A,inconsistent,pending,False,1.0,0.0,1
1256,3,fail|other_build|stale,True,False,1|0,A|B,committed,pending,True,0.0,0.0,1
1257,3,fail|other_build|stale,True,False,1|1,A|B,open,pending,False,1.0,1.0,2
1258,3,fail|other_build|stale,True,False,1125899906842623|1,A|B,open,pending,False,4.569029158653223e-14,4.569029158653223e-14,2
1259,3,fail|other_build|stale,True,False,1|1,A|A,committed,pending,True,1.0,0.0,1
1260,3,fail|other_build|stale,True,True,1|0,A|B,inconsistent,pending,False,0.0,0.0,1
1261,3,fail|other_build|stale,True,True,1|1,A|B,inconsistent,pending,False,1.0,1.0,2
1262,3,fail|other_build|stale,True,True,1125899906842623|1,A|B,inconsistent,pending,False,4.569029158653223e-14,4.569029158653223e-14,2
1263,3,fail|other_build|stale,True,True,1|1,A|A,inconsistent,pending,False,1.0,0.0,1
1264,3,fail|other_build|other_build,False,False,1|0,A|B,committed,pending,True,0.0,0.0,1
1265,3,fail|other_build|other_build,False,False,1|1,A|B,open,pending,False,1.0,1.0,2
1266,3,fail|other_build|other_build,False,False,1125899906842623|1,A|B,open,pending,False,4.569029158653223e-14,4.569029158653223e-14,2
1267,3,fail|other_build|other_build,False,False,1|1,A|A,committed,pending,True,1.0,0.0,1
1268,3,fail|other_build|other_build,False,True,1|0,A|B,inconsistent,pending,False,0.0,0.0,1
1269,3,fail|other_build|other_build,False,True,1|1,A|B,inconsistent,pending,False,1.0,1.0,2
1270,3,fail|other_build|other_build,False,True,1125899906842623|1,A|B,inconsistent,pending,False,4.569029158653223e-14,4.569029158653223e-14,2
1271,3,fail|other_build|other_build,False,True,1|1,A|A,inconsistent,pending,False,1.0,0.0,1
1272,3,fail|other_build|other_build,True,False,1|0,A|B,committed,pending,True,0.0,0.0,1
1273,3,fail|other_build|other_build,True,False,1|1,A|B,open,pending,False,1.0,1.0,2
1274,3,fail|other_build|other_build,True,False,1125899906842623|1,A|B,open,pending,False,4.569029158653223e-14,4.569029158653223e-14,2
1275,3,fail|other_build|other_build,True,False,1|1,A|A,committed,pending,True,1.0,0.0,1
1276,3,fail|other_build|other_build,True,True,1|0,A|B,inconsistent,pending,False,0.0,0.0,1
1277,3,fail|other_build|other_build,True,True,1|1,A|B,inconsistent,pending,False,1.0,1.0,2
1278,3,fail|other_build|other_build,True,True,1125899906842623|1,A|B,inconsistent,pending,False,4.569029158653223e-14,4.569029158653223e-14,2
1279,3,fail|other_build|other_build,True,True,1|1,A|A,inconsistent,pending,False,1.0,0.0,1
1280,3,missing|pass|pass,False,False,1|0,A|B,committed,pending,True,0.0,0.0,1
1281,3,missing|pass|pass,False,False,1|1,A|B,open,pending,False,1.0,1.0,2
1282,3,missing|pass|pass,False,False,1125899906842623|1,A|B,open,pending,False,4.569029158653223e-14,4.569029158653223e-14,2
1283,3,missing|pass|pass,False,False,1|1,A|A,committed,pending,True,1.0,0.0,1
1284,3,missing|pass|pass,False,True,1|0,A|B,inconsistent,pending,False,0.0,0.0,1
1285,3,missing|pass|pass,False,True,1|1,A|B,inconsistent,pending,False,1.0,1.0,2
1286,3,missing|pass|pass,False,True,1125899906842623|1,A|B,inconsistent,pending,False,4.569029158653223e-14,4.569029158653223e-14,2
1287,3,missing|pass|pass,False,True,1|1,A|A,inconsistent,pending,False,1.0,0.0,1
1288,3,missing|pass|pass,True,False,1|0,A|B,committed,pending,True,0.0,0.0,1
1289,3,missing|pass|pass,True,False,1|1,A|B,open,pending,False,1.0,1.0,2
1290,3,missing|pass|pass,True,False,1125899906842623|1,A|B,open,pending,False,4.569029158653223e-14,4.569029158653223e-14,2
1291,3,missing|pass|pass,True,False,1|1,A|A,committed,pending,True,1.0,0.0,1
1292,3,missing|pass|pass,True,True,1|0,A|B,inconsistent,pending,False,0.0,0.0,1
1293,3,missing|pass|pass,True,True,1|1,A|B,inconsistent,pending,False,1.0,1.0,2
1294,3,missing|pass|pass,True,True,1125899906842623|1,A|B,inconsistent,pending,False,4.569029158653223e-14,4.569029158653223e-14,2
1295,3,missing|pass|pass,True,True,1|1,A|A,inconsistent,pending,False,1.0,0.0,1
1296,3,missing|pass|fail,False,False,1|0,A|B,committed,pending,True,0.0,0.0,1
1297,3,missing|pass|fail,False,False,1|1,A|B,open,pending,False,1.0,1.0,2
1298,3,missing|pass|fail,False,False,1125899906842623|1,A|B,open,pending,False,4.569029158653223e-14,4.569029158653223e-14,2
1299,3,missing|pass|fail,False,False,1|1,A|A,committed,pending,True,1.0,0.0,1
1300,3,missing|pass|fail,False,True,1|0,A|B,inconsistent,pending,False,0.0,0.0,1
1301,3,missing|pass|fail,False,True,1|1,A|B,inconsistent,pending,False,1.0,1.0,2
1302,3,missing|pass|fail,False,True,1125899906842623|1,A|B,inconsistent,pending,False,4.569029158653223e-14,4.569029158653223e-14,2
1303,3,missing|pass|fail,False,True,1|1,A|A,inconsistent,pending,False,1.0,0.0,1
1304,3,missing|pass|fail,True,False,1|0,A|B,committed,pending,True,0.0,0.0,1
1305,3,missing|pass|fail,True,False,1|1,A|B,open,pending,False,1.0,1.0,2
1306,3,missing|pass|fail,True,False,1125899906842623|1,A|B,open,pending,False,4.569029158653223e-14,4.569029158653223e-14,2
1307,3,missing|pass|fail,True,False,1|1,A|A,committed,pending,True,1.0,0.0,1
1308,3,missing|pass|fail,True,True,1|0,A|B,inconsistent,pending,False,0.0,0.0,1
1309,3,missing|pass|fail,True,True,1|1,A|B,inconsistent,pending,False,1.0,1.0,2
1310,3,missing|pass|fail,True,True,1125899906842623|1,A|B,inconsistent,pending,False,4.569029158653223e-14,4.569029158653223e-14,2
1311,3,missing|pass|fail,True,True,1|1,A|A,inconsistent,pending,False,1.0,0.0,1
1312,3,missing|pass|missing,False,False,1|0,A|B,committed,pending,True,0.0,0.0,1
1313,3,missing|pass|missing,False,False,1|1,A|B,open,pending,False,1.0,1.0,2
1314,3,missing|pass|missing,False,False,1125899906842623|1,A|B,open,pending,False,4.569029158653223e-14,4.569029158653223e-14,2
1315,3,missing|pass|missing,False,False,1|1,A|A,committed,pending,True,1.0,0.0,1
1316,3,missing|pass|missing,False,True,1|0,A|B,inconsistent,pending,False,0.0,0.0,1
1317,3,missing|pass|missing,False,True,1|1,A|B,inconsistent,pending,False,1.0,1.0,2
1318,3,missing|pass|missing,False,True,1125899906842623|1,A|B,inconsistent,pending,False,4.569029158653223e-14,4.569029158653223e-14,2
1319,3,missing|pass|missing,False,True,1|1,A|A,inconsistent,pending,False,1.0,0.0,1
1320,3,missing|pass|missing,True,False,1|0,A|B,committed,pending,True,0.0,0.0,1
1321,3,missing|pass|missing,True,False,1|1,A|B,open,pending,False,1.0,1.0,2
1322,3,missing|pass|missing,True,False,1125899906842623|1,A|B,open,pending,False,4.569029158653223e-14,4.569029158653223e-14,2
1323,3,missing|pass|missing,True,False,1|1,A|A,committed,pending,True,1.0,0.0,1
1324,3,missing|pass|missing,True,True,1|0,A|B,inconsistent,pending,False,0.0,0.0,1
1325,3,missing|pass|missing,True,True,1|1,A|B,inconsistent,pending,False,1.0,1.0,2
1326,3,missing|pass|missing,True,True,1125899906842623|1,A|B,inconsistent,pending,False,4.569029158653223e-14,4.569029158653223e-14,2
1327,3,missing|pass|missing,True,True,1|1,A|A,inconsistent,pending,False,1.0,0.0,1
1328,3,missing|pass|stale,False,False,1|0,A|B,committed,pending,True,0.0,0.0,1
1329,3,missing|pass|stale,False,False,1|1,A|B,open,pending,False,1.0,1.0,2
1330,3,missing|pass|stale,False,False,1125899906842623|1,A|B,open,pending,False,4.569029158653223e-14,4.569029158653223e-14,2
1331,3,missing|pass|stale,False,False,1|1,A|A,committed,pending,True,1.0,0.0,1
1332,3,missing|pass|stale,False,True,1|0,A|B,inconsistent,pending,False,0.0,0.0,1
1333,3,missing|pass|stale,False,True,1|1,A|B,inconsistent,pending,False,1.0,1.0,2
1334,3,missing|pass|stale,False,True,1125899906842623|1,A|B,inconsistent,pending,False,4.569029158653223e-14,4.569029158653223e-14,2
1335,3,missing|pass|stale,False,True,1|1,A|A,inconsistent,pending,False,1.0,0.0,1
1336,3,missing|pass|stale,True,False,1|0,A|B,committed,pending,True,0.0,0.0,1
1337,3,missing|pass|stale,True,False,1|1,A|B,open,pending,False,1.0,1.0,2
1338,3,missing|pass|stale,True,False,1125899906842623|1,A|B,open,pending,False,4.569029158653223e-14,4.569029158653223e-14,2
1339,3,missing|pass|stale,True,False,1|1,A|A,committed,pending,True,1.0,0.0,1
1340,3,missing|pass|stale,True,True,1|0,A|B,inconsistent,pending,False,0.0,0.0,1
1341,3,missing|pass|stale,True,True,1|1,A|B,inconsistent,pending,False,1.0,1.0,2
1342,3,missing|pass|stale,True,True,1125899906842623|1,A|B,inconsistent,pending,False,4.569029158653223e-14,4.569029158653223e-14,2
1343,3,missing|pass|stale,True,True,1|1,A|A,inconsistent,pending,False,1.0,0.0,1
1344,3,missing|pass|other_build,False,False,1|0,A|B,committed,pending,True,0.0,0.0,1
1345,3,missing|pass|other_build,False,False,1|1,A|B,open,pending,False,1.0,1.0,2
1346,3,missing|pass|other_build,False,False,1125899906842623|1,A|B,open,pending,False,4.569029158653223e-14,4.569029158653223e-14,2
1347,3,missing|pass|other_build,False,False,1|1,A|A,committed,pending,True,1.0,0.0,1
1348,3,missing|pass|other_build,False,True,1|0,A|B,inconsistent,pending,False,0.0,0.0,1
1349,3,missing|pass|other_build,False,True,1|1,A|B,inconsistent,pending,False,1.0,1.0,2
1350,3,missing|pass|other_build,False,True,1125899906842623|1,A|B,inconsistent,pending,False,4.569029158653223e-14,4.569029158653223e-14,2
1351,3,missing|pass|other_build,False,True,1|1,A|A,inconsistent,pending,False,1.0,0.0,1
1352,3,missing|pass|other_build,True,False,1|0,A|B,committed,pending,True,0.0,0.0,1
1353,3,missing|pass|other_build,True,False,1|1,A|B,open,pending,False,1.0,1.0,2
1354,3,missing|pass|other_build,True,False,1125899906842623|1,A|B,open,pending,False,4.569029158653223e-14,4.569029158653223e-14,2
1355,3,missing|pass|other_build,True,False,1|1,A|A,committed,pending,True,1.0,0.0,1
1356,3,missing|pass|other_build,True,True,1|0,A|B,inconsistent,pending,False,0.0,0.0,1
1357,3,missing|pass|other_build,True,True,1|1,A|B,inconsistent,pending,False,1.0,1.0,2
1358,3,missing|pass|other_build,True,True,1125899906842623|1,A|B,inconsistent,pending,False,4.569029158653223e-14,4.569029158653223e-14,2
1359,3,missing|pass|other_build,True,True,1|1,A|A,inconsistent,pending,False,1.0,0.0,1
1360,3,missing|fail|pass,False,False,1|0,A|B,committed,pending,True,0.0,0.0,1
1361,3,missing|fail|pass,False,False,1|1,A|B,open,pending,False,1.0,1.0,2
1362,3,missing|fail|pass,False,False,1125899906842623|1,A|B,open,pending,False,4.569029158653223e-14,4.569029158653223e-14,2
1363,3,missing|fail|pass,False,False,1|1,A|A,committed,pending,True,1.0,0.0,1
1364,3,missing|fail|pass,False,True,1|0,A|B,inconsistent,pending,False,0.0,0.0,1
1365,3,missing|fail|pass,False,True,1|1,A|B,inconsistent,pending,False,1.0,1.0,2
1366,3,missing|fail|pass,False,True,1125899906842623|1,A|B,inconsistent,pending,False,4.569029158653223e-14,4.569029158653223e-14,2
1367,3,missing|fail|pass,False,True,1|1,A|A,inconsistent,pending,False,1.0,0.0,1
1368,3,missing|fail|pass,True,False,1|0,A|B,committed,pending,True,0.0,0.0,1
1369,3,missing|fail|pass,True,False,1|1,A|B,open,pending,False,1.0,1.0,2
1370,3,missing|fail|pass,True,False,1125899906842623|1,A|B,open,pending,False,4.569029158653223e-14,4.569029158653223e-14,2
1371,3,missing|fail|pass,True,False,1|1,A|A,committed,pending,True,1.0,0.0,1
1372,3,missing|fail|pass,True,True,1|0,A|B,inconsistent,pending,False,0.0,0.0,1
1373,3,missing|fail|pass,True,True,1|1,A|B,inconsistent,pending,False,1.0,1.0,2
1374,3,missing|fail|pass,True,True,1125899906842623|1,A|B,inconsistent,pending,False,4.569029158653223e-14,4.569029158653223e-14,2
1375,3,missing|fail|pass,True,True,1|1,A|A,inconsistent,pending,False,1.0,0.0,1
1376,3,missing|fail|fail,False,False,1|0,A|B,committed,pending,True,0.0,0.0,1
1377,3,missing|fail|fail,False,False,1|1,A|B,open,pending,False,1.0,1.0,2
1378,3,missing|fail|fail,False,False,1125899906842623|1,A|B,open,pending,False,4.569029158653223e-14,4.569029158653223e-14,2
1379,3,missing|fail|fail,False,False,1|1,A|A,committed,pending,True,1.0,0.0,1
1380,3,missing|fail|fail,False,True,1|0,A|B,inconsistent,pending,False,0.0,0.0,1
1381,3,missing|fail|fail,False,True,1|1,A|B,inconsistent,pending,False,1.0,1.0,2
1382,3,missing|fail|fail,False,True,1125899906842623|1,A|B,inconsistent,pending,False,4.569029158653223e-14,4.569029158653223e-14,2
1383,3,missing|fail|fail,False,True,1|1,A|A,inconsistent,pending,False,1.0,0.0,1
1384,3,missing|fail|fail,True,False,1|0,A|B,committed,pending,True,0.0,0.0,1
1385,3,missing|fail|fail,True,False,1|1,A|B,open,pending,False,1.0,1.0,2
1386,3,missing|fail|fail,True,False,1125899906842623|1,A|B,open,pending,False,4.569029158653223e-14,4.569029158653223e-14,2
1387,3,missing|fail|fail,True,False,1|1,A|A,committed,pending,True,1.0,0.0,1
1388,3,missing|fail|fail,True,True,1|0,A|B,inconsistent,pending,False,0.0,0.0,1
1389,3,missing|fail|fail,True,True,1|1,A|B,inconsistent,pending,False,1.0,1.0,2
1390,3,missing|fail|fail,True,True,1125899906842623|1,A|B,inconsistent,pending,False,4.569029158653223e-14,4.569029158653223e-14,2
1391,3,missing|fail|fail,True,True,1|1,A|A,inconsistent,pending,False,1.0,0.0,1
1392,3,missing|fail|missing,False,False,1|0,A|B,committed,pending,True,0.0,0.0,1
1393,3,missing|fail|missing,False,False,1|1,A|B,open,pending,False,1.0,1.0,2
1394,3,missing|fail|missing,False,False,1125899906842623|1,A|B,open,pending,False,4.569029158653223e-14,4.569029158653223e-14,2
1395,3,missing|fail|missing,False,False,1|1,A|A,committed,pending,True,1.0,0.0,1
1396,3,missing|fail|missing,False,True,1|0,A|B,inconsistent,pending,False,0.0,0.0,1
1397,3,missing|fail|missing,False,True,1|1,A|B,inconsistent,pending,False,1.0,1.0,2
1398,3,missing|fail|missing,False,True,1125899906842623|1,A|B,inconsistent,pending,False,4.569029158653223e-14,4.569029158653223e-14,2
1399,3,missing|fail|missing,False,True,1|1,A|A,inconsistent,pending,False,1.0,0.0,1
1400,3,missing|fail|missing,True,False,1|0,A|B,committed,pending,True,0.0,0.0,1
1401,3,missing|fail|missing,True,False,1|1,A|B,open,pending,False,1.0,1.0,2
1402,3,missing|fail|missing,True,False,1125899906842623|1,A|B,open,pending,False,4.569029158653223e-14,4.569029158653223e-14,2
1403,3,missing|fail|missing,True,False,1|1,A|A,committed,pending,True,1.0,0.0,1
1404,3,missing|fail|missing,True,True,1|0,A|B,inconsistent,pending,False,0.0,0.0,1
1405,3,missing|fail|missing,True,True,1|1,A|B,inconsistent,pending,False,1.0,1.0,2
1406,3,missing|fail|missing,True,True,1125899906842623|1,A|B,inconsistent,pending,False,4.569029158653223e-14,4.569029158653223e-14,2
1407,3,missing|fail|missing,True,True,1|1,A|A,inconsistent,pending,False,1.0,0.0,1
1408,3,missing|fail|stale,False,False,1|0,A|B,committed,pending,True,0.0,0.0,1
1409,3,missing|fail|stale,False,False,1|1,A|B,open,pending,False,1.0,1.0,2
1410,3,missing|fail|stale,False,False,1125899906842623|1,A|B,open,pending,False,4.569029158653223e-14,4.569029158653223e-14,2
1411,3,missing|fail|stale,False,False,1|1,A|A,committed,pending,True,1.0,0.0,1
1412,3,missing|fail|stale,False,True,1|0,A|B,inconsistent,pending,False,0.0,0.0,1
1413,3,missing|fail|stale,False,True,1|1,A|B,inconsistent,pending,False,1.0,1.0,2
1414,3,missing|fail|stale,False,True,1125899906842623|1,A|B,inconsistent,pending,False,4.569029158653223e-14,4.569029158653223e-14,2
1415,3,missing|fail|stale,False,True,1|1,A|A,inconsistent,pending,False,1.0,0.0,1
1416,3,missing|fail|stale,True,False,1|0,A|B,committed,pending,True,0.0,0.0,1
1417,3,missing|fail|stale,True,False,1|1,A|B,open,pending,False,1.0,1.0,2
1418,3,missing|fail|stale,True,False,1125899906842623|1,A|B,open,pending,False,4.569029158653223e-14,4.569029158653223e-14,2
1419,3,missing|fail|stale,True,False,1|1,A|A,committed,pending,True,1.0,0.0,1
1420,3,missing|fail|stale,True,True,1|0,A|B,inconsistent,pending,False,0.0,0.0,1
1421,3,missing|fail|stale,True,True,1|1,A|B,inconsistent,pending,False,1.0,1.0,2
1422,3,missing|fail|stale,True,True,1125899906842623|1,A|B,inconsistent,pending,False,4.569029158653223e-14,4.569029158653223e-14,2
1423,3,missing|fail|stale,True,True,1|1,A|A,inconsistent,pending,False,1.0,0.0,1
1424,3,missing|fail|other_build,False,False,1|0,A|B,committed,pending,True,0.0,0.0,1
1425,3,missing|fail|other_build,False,False,1|1,A|B,open,pending,False,1.0,1.0,2
1426,3,missing|fail|other_build,False,False,1125899906842623|1,A|B,open,pending,False,4.569029158653223e-14,4.569029158653223e-14,2
1427,3,missing|fail|other_build,False,False,1|1,A|A,committed,pending,True,1.0,0.0,1
1428,3,missing|fail|other_build,False,True,1|0,A|B,inconsistent,pending,False,0.0,0.0,1
1429,3,missing|fail|other_build,False,True,1|1,A|B,inconsistent,pending,False,1.0,1.0,2
1430,3,missing|fail|other_build,False,True,1125899906842623|1,A|B,inconsistent,pending,False,4.569029158653223e-14,4.569029158653223e-14,2
1431,3,missing|fail|other_build,False,True,1|1,A|A,inconsistent,pending,False,1.0,0.0,1
1432,3,missing|fail|other_build,True,False,1|0,A|B,committed,pending,True,0.0,0.0,1
1433,3,missing|fail|other_build,True,False,1|1,A|B,open,pending,False,1.0,1.0,2
1434,3,missing|fail|other_build,True,False,1125899906842623|1,A|B,open,pending,False,4.569029158653223e-14,4.569029158653223e-14,2
1435,3,missing|fail|other_build,True,False,1|1,A|A,committed,pending,True,1.0,0.0,1
1436,3,missing|fail|other_build,True,True,1|0,A|B,inconsistent,pending,False,0.0,0.0,1
1437,3,missing|fail|other_build,True,True,1|1,A|B,inconsistent,pending,False,1.0,1.0,2
1438,3,missing|fail|other_build,True,True,1125899906842623|1,A|B,inconsistent,pending,False,4.569029158653223e-14,4.569029158653223e-14,2
1439,3,missing|fail|other_build,True,True,1|1,A|A,inconsistent,pending,False,1.0,0.0,1
1440,3,missing|missing|pass,False,False,1|0,A|B,committed,pending,True,0.0,0.0,1
1441,3,missing|missing|pass,False,False,1|1,A|B,open,pending,False,1.0,1.0,2
1442,3,missing|missing|pass,False,False,1125899906842623|1,A|B,open,pending,False,4.569029158653223e-14,4.569029158653223e-14,2
1443,3,missing|missing|pass,False,False,1|1,A|A,committed,pending,True,1.0,0.0,1
1444,3,missing|missing|pass,False,True,1|0,A|B,inconsistent,pending,False,0.0,0.0,1
1445,3,missing|missing|pass,False,True,1|1,A|B,inconsistent,pending,False,1.0,1.0,2
1446,3,missing|missing|pass,False,True,1125899906842623|1,A|B,inconsistent,pending,False,4.569029158653223e-14,4.569029158653223e-14,2
1447,3,missing|missing|pass,False,True,1|1,A|A,inconsistent,pending,False,1.0,0.0,1
1448,3,missing|missing|pass,True,False,1|0,A|B,committed,pending,True,0.0,0.0,1
1449,3,missing|missing|pass,True,False,1|1,A|B,open,pending,False,1.0,1.0,2
1450,3,missing|missing|pass,True,False,1125899906842623|1,A|B,open,pending,False,4.569029158653223e-14,4.569029158653223e-14,2
1451,3,missing|missing|pass,True,False,1|1,A|A,committed,pending,True,1.0,0.0,1
1452,3,missing|missing|pass,True,True,1|0,A|B,inconsistent,pending,False,0.0,0.0,1
1453,3,missing|missing|pass,True,True,1|1,A|B,inconsistent,pending,False,1.0,1.0,2
1454,3,missing|missing|pass,True,True,1125899906842623|1,A|B,inconsistent,pending,False,4.569029158653223e-14,4.569029158653223e-14,2
1455,3,missing|missing|pass,True,True,1|1,A|A,inconsistent,pending,False,1.0,0.0,1
1456,3,missing|missing|fail,False,False,1|0,A|B,committed,pending,True,0.0,0.0,1
1457,3,missing|missing|fail,False,False,1|1,A|B,open,pending,False,1.0,1.0,2
1458,3,missing|missing|fail,False,False,1125899906842623|1,A|B,open,pending,False,4.569029158653223e-14,4.569029158653223e-14,2
1459,3,missing|missing|fail,False,False,1|1,A|A,committed,pending,True,1.0,0.0,1
1460,3,missing|missing|fail,False,True,1|0,A|B,inconsistent,pending,False,0.0,0.0,1
1461,3,missing|missing|fail,False,True,1|1,A|B,inconsistent,pending,False,1.0,1.0,2
1462,3,missing|missing|fail,False,True,1125899906842623|1,A|B,inconsistent,pending,False,4.569029158653223e-14,4.569029158653223e-14,2
1463,3,missing|missing|fail,False,True,1|1,A|A,inconsistent,pending,False,1.0,0.0,1
1464,3,missing|missing|fail,True,False,1|0,A|B,committed,pending,True,0.0,0.0,1
1465,3,missing|missing|fail,True,False,1|1,A|B,open,pending,False,1.0,1.0,2
1466,3,missing|missing|fail,True,False,1125899906842623|1,A|B,open,pending,False,4.569029158653223e-14,4.569029158653223e-14,2
1467,3,missing|missing|fail,True,False,1|1,A|A,committed,pending,True,1.0,0.0,1
1468,3,missing|missing|fail,True,True,1|0,A|B,inconsistent,pending,False,0.0,0.0,1
1469,3,missing|missing|fail,True,True,1|1,A|B,inconsistent,pending,False,1.0,1.0,2
1470,3,missing|missing|fail,True,True,1125899906842623|1,A|B,inconsistent,pending,False,4.569029158653223e-14,4.569029158653223e-14,2
1471,3,missing|missing|fail,True,True,1|1,A|A,inconsistent,pending,False,1.0,0.0,1
1472,3,missing|missing|missing,False,False,1|0,A|B,committed,pending,True,0.0,0.0,1
1473,3,missing|missing|missing,False,False,1|1,A|B,open,pending,False,1.0,1.0,2
1474,3,missing|missing|missing,False,False,1125899906842623|1,A|B,open,pending,False,4.569029158653223e-14,4.569029158653223e-14,2
1475,3,missing|missing|missing,False,False,1|1,A|A,committed,pending,True,1.0,0.0,1
1476,3,missing|missing|missing,False,True,1|0,A|B,inconsistent,pending,False,0.0,0.0,1
1477,3,missing|missing|missing,False,True,1|1,A|B,inconsistent,pending,False,1.0,1.0,2
1478,3,missing|missing|missing,False,True,1125899906842623|1,A|B,inconsistent,pending,False,4.569029158653223e-14,4.569029158653223e-14,2
1479,3,missing|missing|missing,False,True,1|1,A|A,inconsistent,pending,False,1.0,0.0,1
1480,3,missing|missing|missing,True,False,1|0,A|B,committed,pending,True,0.0,0.0,1
1481,3,missing|missing|missing,True,False,1|1,A|B,open,pending,False,1.0,1.0,2
1482,3,missing|missing|missing,True,False,1125899906842623|1,A|B,open,pending,False,4.569029158653223e-14,4.569029158653223e-14,2
1483,3,missing|missing|missing,True,False,1|1,A|A,committed,pending,True,1.0,0.0,1
1484,3,missing|missing|missing,True,True,1|0,A|B,inconsistent,pending,False,0.0,0.0,1
1485,3,missing|missing|missing,True,True,1|1,A|B,inconsistent,pending,False,1.0,1.0,2
1486,3,missing|missing|missing,True,True,1125899906842623|1,A|B,inconsistent,pending,False,4.569029158653223e-14,4.569029158653223e-14,2
1487,3,missing|missing|missing,True,True,1|1,A|A,inconsistent,pending,False,1.0,0.0,1
1488,3,missing|missing|stale,False,False,1|0,A|B,committed,pending,True,0.0,0.0,1
1489,3,missing|missing|stale,False,False,1|1,A|B,open,pending,False,1.0,1.0,2
1490,3,missing|missing|stale,False,False,1125899906842623|1,A|B,open,pending,False,4.569029158653223e-14,4.569029158653223e-14,2
1491,3,missing|missing|stale,False,False,1|1,A|A,committed,pending,True,1.0,0.0,1
1492,3,missing|missing|stale,False,True,1|0,A|B,inconsistent,pending,False,0.0,0.0,1
1493,3,missing|missing|stale,False,True,1|1,A|B,inconsistent,pending,False,1.0,1.0,2
1494,3,missing|missing|stale,False,True,1125899906842623|1,A|B,inconsistent,pending,False,4.569029158653223e-14,4.569029158653223e-14,2
1495,3,missing|missing|stale,False,True,1|1,A|A,inconsistent,pending,False,1.0,0.0,1
1496,3,missing|missing|stale,True,False,1|0,A|B,committed,pending,True,0.0,0.0,1
1497,3,missing|missing|stale,True,False,1|1,A|B,open,pending,False,1.0,1.0,2
1498,3,missing|missing|stale,True,False,1125899906842623|1,A|B,open,pending,False,4.569029158653223e-14,4.569029158653223e-14,2
1499,3,missing|missing|stale,True,False,1|1,A|A,committed,pending,True,1.0,0.0,1
1500,3,missing|missing|stale,True,True,1|0,A|B,inconsistent,pending,False,0.0,0.0,1
1501,3,missing|missing|stale,True,True,1|1,A|B,inconsistent,pending,False,1.0,1.0,2
1502,3,missing|missing|stale,True,True,1125899906842623|1,A|B,inconsistent,pending,False,4.569029158653223e-14,4.569029158653223e-14,2
1503,3,missing|missing|stale,True,True,1|1,A|A,inconsistent,pending,False,1.0,0.0,1
1504,3,missing|missing|other_build,False,False,1|0,A|B,committed,pending,True,0.0,0.0,1
1505,3,missing|missing|other_build,False,False,1|1,A|B,open,pending,False,1.0,1.0,2
1506,3,missing|missing|other_build,False,False,1125899906842623|1,A|B,open,pending,False,4.569029158653223e-14,4.569029158653223e-14,2
1507,3,missing|missing|other_build,False,False,1|1,A|A,committed,pending,True,1.0,0.0,1
1508,3,missing|missing|other_build,False,True,1|0,A|B,inconsistent,pending,False,0.0,0.0,1
1509,3,missing|missing|other_build,False,True,1|1,A|B,inconsistent,pending,False,1.0,1.0,2
1510,3,missing|missing|other_build,False,True,1125899906842623|1,A|B,inconsistent,pending,False,4.569029158653223e-14,4.569029158653223e-14,2
1511,3,missing|missing|other_build,False,True,1|1,A|A,inconsistent,pending,False,1.0,0.0,1
1512,3,missing|missing|other_build,True,False,1|0,A|B,committed,pending,True,0.0,0.0,1
1513,3,missing|missing|other_build,True,False,1|1,A|B,open,pending,False,1.0,1.0,2
1514,3,missing|missing|other_build,True,False,1125899906842623|1,A|B,open,pending,False,4.569029158653223e-14,4.569029158653223e-14,2
1515,3,missing|missing|other_build,True,False,1|1,A|A,committed,pending,True,1.0,0.0,1
1516,3,missing|missing|other_build,True,True,1|0,A|B,inconsistent,pending,False,0.0,0.0,1
1517,3,missing|missing|other_build,True,True,1|1,A|B,inconsistent,pending,False,1.0,1.0,2
1518,3,missing|missing|other_build,True,True,1125899906842623|1,A|B,inconsistent,pending,False,4.569029158653223e-14,4.569029158653223e-14,2
1519,3,missing|missing|other_build,True,True,1|1,A|A,inconsistent,pending,False,1.0,0.0,1
1520,3,missing|stale|pass,False,False,1|0,A|B,committed,pending,True,0.0,0.0,1
1521,3,missing|stale|pass,False,False,1|1,A|B,open,pending,False,1.0,1.0,2
1522,3,missing|stale|pass,False,False,1125899906842623|1,A|B,open,pending,False,4.569029158653223e-14,4.569029158653223e-14,2
1523,3,missing|stale|pass,False,False,1|1,A|A,committed,pending,True,1.0,0.0,1
1524,3,missing|stale|pass,False,True,1|0,A|B,inconsistent,pending,False,0.0,0.0,1
1525,3,missing|stale|pass,False,True,1|1,A|B,inconsistent,pending,False,1.0,1.0,2
1526,3,missing|stale|pass,False,True,1125899906842623|1,A|B,inconsistent,pending,False,4.569029158653223e-14,4.569029158653223e-14,2
1527,3,missing|stale|pass,False,True,1|1,A|A,inconsistent,pending,False,1.0,0.0,1
1528,3,missing|stale|pass,True,False,1|0,A|B,committed,pending,True,0.0,0.0,1
1529,3,missing|stale|pass,True,False,1|1,A|B,open,pending,False,1.0,1.0,2
1530,3,missing|stale|pass,True,False,1125899906842623|1,A|B,open,pending,False,4.569029158653223e-14,4.569029158653223e-14,2
1531,3,missing|stale|pass,True,False,1|1,A|A,committed,pending,True,1.0,0.0,1
1532,3,missing|stale|pass,True,True,1|0,A|B,inconsistent,pending,False,0.0,0.0,1
1533,3,missing|stale|pass,True,True,1|1,A|B,inconsistent,pending,False,1.0,1.0,2
1534,3,missing|stale|pass,True,True,1125899906842623|1,A|B,inconsistent,pending,False,4.569029158653223e-14,4.569029158653223e-14,2
1535,3,missing|stale|pass,True,True,1|1,A|A,inconsistent,pending,False,1.0,0.0,1
1536,3,missing|stale|fail,False,False,1|0,A|B,committed,pending,True,0.0,0.0,1
1537,3,missing|stale|fail,False,False,1|1,A|B,open,pending,False,1.0,1.0,2
1538,3,missing|stale|fail,False,False,1125899906842623|1,A|B,open,pending,False,4.569029158653223e-14,4.569029158653223e-14,2
1539,3,missing|stale|fail,False,False,1|1,A|A,committed,pending,True,1.0,0.0,1
1540,3,missing|stale|fail,False,True,1|0,A|B,inconsistent,pending,False,0.0,0.0,1
1541,3,missing|stale|fail,False,True,1|1,A|B,inconsistent,pending,False,1.0,1.0,2
1542,3,missing|stale|fail,False,True,1125899906842623|1,A|B,inconsistent,pending,False,4.569029158653223e-14,4.569029158653223e-14,2
1543,3,missing|stale|fail,False,True,1|1,A|A,inconsistent,pending,False,1.0,0.0,1
1544,3,missing|stale|fail,True,False,1|0,A|B,committed,pending,True,0.0,0.0,1
1545,3,missing|stale|fail,True,False,1|1,A|B,open,pending,False,1.0,1.0,2
1546,3,missing|stale|fail,True,False,1125899906842623|1,A|B,open,pending,False,4.569029158653223e-14,4.569029158653223e-14,2
1547,3,missing|stale|fail,True,False,1|1,A|A,committed,pending,True,1.0,0.0,1
1548,3,missing|stale|fail,True,True,1|0,A|B,inconsistent,pending,False,0.0,0.0,1
1549,3,missing|stale|fail,True,True,1|1,A|B,inconsistent,pending,False,1.0,1.0,2
1550,3,missing|stale|fail,True,True,1125899906842623|1,A|B,inconsistent,pending,False,4.569029158653223e-14,4.569029158653223e-14,2
1551,3,missing|stale|fail,True,True,1|1,A|A,inconsistent,pending,False,1.0,0.0,1
1552,3,missing|stale|missing,False,False,1|0,A|B,committed,pending,True,0.0,0.0,1
1553,3,missing|stale|missing,False,False,1|1,A|B,open,pending,False,1.0,1.0,2
1554,3,missing|stale|missing,False,False,1125899906842623|1,A|B,open,pending,False,4.569029158653223e-14,4.569029158653223e-14,2
1555,3,missing|stale|missing,False,False,1|1,A|A,committed,pending,True,1.0,0.0,1
1556,3,missing|stale|missing,False,True,1|0,A|B,inconsistent,pending,False,0.0,0.0,1
1557,3,missing|stale|missing,False,True,1|1,A|B,inconsistent,pending,False,1.0,1.0,2
1558,3,missing|stale|missing,False,True,1125899906842623|1,A|B,inconsistent,pending,False,4.569029158653223e-14,4.569029158653223e-14,2
1559,3,missing|stale|missing,False,True,1|1,A|A,inconsistent,pending,False,1.0,0.0,1
1560,3,missing|stale|missing,True,False,1|0,A|B,committed,pending,True,0.0,0.0,1
1561,3,missing|stale|missing,True,False,1|1,A|B,open,pending,False,1.0,1.0,2
1562,3,missing|stale|missing,True,False,1125899906842623|1,A|B,open,pending,False,4.569029158653223e-14,4.569029158653223e-14,2
1563,3,missing|stale|missing,True,False,1|1,A|A,committed,pending,True,1.0,0.0,1
1564,3,missing|stale|missing,True,True,1|0,A|B,inconsistent,pending,False,0.0,0.0,1
1565,3,missing|stale|missing,True,True,1|1,A|B,inconsistent,pending,False,1.0,1.0,2
1566,3,missing|stale|missing,True,True,1125899906842623|1,A|B,inconsistent,pending,False,4.569029158653223e-14,4.569029158653223e-14,2
1567,3,missing|stale|missing,True,True,1|1,A|A,inconsistent,pending,False,1.0,0.0,1
1568,3,missing|stale|stale,False,False,1|0,A|B,committed,pending,True,0.0,0.0,1
1569,3,missing|stale|stale,False,False,1|1,A|B,open,pending,False,1.0,1.0,2
1570,3,missing|stale|stale,False,False,1125899906842623|1,A|B,open,pending,False,4.569029158653223e-14,4.569029158653223e-14,2
1571,3,missing|stale|stale,False,False,1|1,A|A,committed,pending,True,1.0,0.0,1
1572,3,missing|stale|stale,False,True,1|0,A|B,inconsistent,pending,False,0.0,0.0,1
1573,3,missing|stale|stale,False,True,1|1,A|B,inconsistent,pending,False,1.0,1.0,2
1574,3,missing|stale|stale,False,True,1125899906842623|1,A|B,inconsistent,pending,False,4.569029158653223e-14,4.569029158653223e-14,2
1575,3,missing|stale|stale,False,True,1|1,A|A,inconsistent,pending,False,1.0,0.0,1
1576,3,missing|stale|stale,True,False,1|0,A|B,committed,pending,True,0.0,0.0,1
1577,3,missing|stale|stale,True,False,1|1,A|B,open,pending,False,1.0,1.0,2
1578,3,missing|stale|stale,True,False,1125899906842623|1,A|B,open,pending,False,4.569029158653223e-14,4.569029158653223e-14,2
1579,3,missing|stale|stale,True,False,1|1,A|A,committed,pending,True,1.0,0.0,1
1580,3,missing|stale|stale,True,True,1|0,A|B,inconsistent,pending,False,0.0,0.0,1
1581,3,missing|stale|stale,True,True,1|1,A|B,inconsistent,pending,False,1.0,1.0,2
1582,3,missing|stale|stale,True,True,1125899906842623|1,A|B,inconsistent,pending,False,4.569029158653223e-14,4.569029158653223e-14,2
1583,3,missing|stale|stale,True,True,1|1,A|A,inconsistent,pending,False,1.0,0.0,1
1584,3,missing|stale|other_build,False,False,1|0,A|B,committed,pending,True,0.0,0.0,1
1585,3,missing|stale|other_build,False,False,1|1,A|B,open,pending,False,1.0,1.0,2
1586,3,missing|stale|other_build,False,False,1125899906842623|1,A|B,open,pending,False,4.569029158653223e-14,4.569029158653223e-14,2
1587,3,missing|stale|other_build,False,False,1|1,A|A,committed,pending,True,1.0,0.0,1
1588,3,missing|stale|other_build,False,True,1|0,A|B,inconsistent,pending,False,0.0,0.0,1
1589,3,missing|stale|other_build,False,True,1|1,A|B,inconsistent,pending,False,1.0,1.0,2
1590,3,missing|stale|other_build,False,True,1125899906842623|1,A|B,inconsistent,pending,False,4.569029158653223e-14,4.569029158653223e-14,2
1591,3,missing|stale|other_build,False,True,1|1,A|A,inconsistent,pending,False,1.0,0.0,1
1592,3,missing|stale|other_build,True,False,1|0,A|B,committed,pending,True,0.0,0.0,1
1593,3,missing|stale|other_build,True,False,1|1,A|B,open,pending,False,1.0,1.0,2
1594,3,missing|stale|other_build,True,False,1125899906842623|1,A|B,open,pending,False,4.569029158653223e-14,4.569029158653223e-14,2
1595,3,missing|stale|other_build,True,False,1|1,A|A,committed,pending,True,1.0,0.0,1
1596,3,missing|stale|other_build,True,True,1|0,A|B,inconsistent,pending,False,0.0,0.0,1
1597,3,missing|stale|other_build,True,True,1|1,A|B,inconsistent,pending,False,1.0,1.0,2
1598,3,missing|stale|other_build,True,True,1125899906842623|1,A|B,inconsistent,pending,False,4.569029158653223e-14,4.569029158653223e-14,2
1599,3,missing|stale|other_build,True,True,1|1,A|A,inconsistent,pending,False,1.0,0.0,1
1600,3,missing|other_build|pass,False,False,1|0,A|B,committed,pending,True,0.0,0.0,1
1601,3,missing|other_build|pass,False,False,1|1,A|B,open,pending,False,1.0,1.0,2
1602,3,missing|other_build|pass,False,False,1125899906842623|1,A|B,open,pending,False,4.569029158653223e-14,4.569029158653223e-14,2
1603,3,missing|other_build|pass,False,False,1|1,A|A,committed,pending,True,1.0,0.0,1
1604,3,missing|other_build|pass,False,True,1|0,A|B,inconsistent,pending,False,0.0,0.0,1
1605,3,missing|other_build|pass,False,True,1|1,A|B,inconsistent,pending,False,1.0,1.0,2
1606,3,missing|other_build|pass,False,True,1125899906842623|1,A|B,inconsistent,pending,False,4.569029158653223e-14,4.569029158653223e-14,2
1607,3,missing|other_build|pass,False,True,1|1,A|A,inconsistent,pending,False,1.0,0.0,1
1608,3,missing|other_build|pass,True,False,1|0,A|B,committed,pending,True,0.0,0.0,1
1609,3,missing|other_build|pass,True,False,1|1,A|B,open,pending,False,1.0,1.0,2
1610,3,missing|other_build|pass,True,False,1125899906842623|1,A|B,open,pending,False,4.569029158653223e-14,4.569029158653223e-14,2
1611,3,missing|other_build|pass,True,False,1|1,A|A,committed,pending,True,1.0,0.0,1
1612,3,missing|other_build|pass,True,True,1|0,A|B,inconsistent,pending,False,0.0,0.0,1
1613,3,missing|other_build|pass,True,True,1|1,A|B,inconsistent,pending,False,1.0,1.0,2
1614,3,missing|other_build|pass,True,True,1125899906842623|1,A|B,inconsistent,pending,False,4.569029158653223e-14,4.569029158653223e-14,2
1615,3,missing|other_build|pass,True,True,1|1,A|A,inconsistent,pending,False,1.0,0.0,1
1616,3,missing|other_build|fail,False,False,1|0,A|B,committed,pending,True,0.0,0.0,1
1617,3,missing|other_build|fail,False,False,1|1,A|B,open,pending,False,1.0,1.0,2
1618,3,missing|other_build|fail,False,False,1125899906842623|1,A|B,open,pending,False,4.569029158653223e-14,4.569029158653223e-14,2
1619,3,missing|other_build|fail,False,False,1|1,A|A,committed,pending,True,1.0,0.0,1
1620,3,missing|other_build|fail,False,True,1|0,A|B,inconsistent,pending,False,0.0,0.0,1
1621,3,missing|other_build|fail,False,True,1|1,A|B,inconsistent,pending,False,1.0,1.0,2
1622,3,missing|other_build|fail,False,True,1125899906842623|1,A|B,inconsistent,pending,False,4.569029158653223e-14,4.569029158653223e-14,2
1623,3,missing|other_build|fail,False,True,1|1,A|A,inconsistent,pending,False,1.0,0.0,1
1624,3,missing|other_build|fail,True,False,1|0,A|B,committed,pending,True,0.0,0.0,1
1625,3,missing|other_build|fail,True,False,1|1,A|B,open,pending,False,1.0,1.0,2
1626,3,missing|other_build|fail,True,False,1125899906842623|1,A|B,open,pending,False,4.569029158653223e-14,4.569029158653223e-14,2
1627,3,missing|other_build|fail,True,False,1|1,A|A,committed,pending,True,1.0,0.0,1
1628,3,missing|other_build|fail,True,True,1|0,A|B,inconsistent,pending,False,0.0,0.0,1
1629,3,missing|other_build|fail,True,True,1|1,A|B,inconsistent,pending,False,1.0,1.0,2
1630,3,missing|other_build|fail,True,True,1125899906842623|1,A|B,inconsistent,pending,False,4.569029158653223e-14,4.569029158653223e-14,2
1631,3,missing|other_build|fail,True,True,1|1,A|A,inconsistent,pending,False,1.0,0.0,1
1632,3,missing|other_build|missing,False,False,1|0,A|B,committed,pending,True,0.0,0.0,1
1633,3,missing|other_build|missing,False,False,1|1,A|B,open,pending,False,1.0,1.0,2
1634,3,missing|other_build|missing,False,False,1125899906842623|1,A|B,open,pending,False,4.569029158653223e-14,4.569029158653223e-14,2
1635,3,missing|other_build|missing,False,False,1|1,A|A,committed,pending,True,1.0,0.0,1
1636,3,missing|other_build|missing,False,True,1|0,A|B,inconsistent,pending,False,0.0,0.0,1
1637,3,missing|other_build|missing,False,True,1|1,A|B,inconsistent,pending,False,1.0,1.0,2
1638,3,missing|other_build|missing,False,True,1125899906842623|1,A|B,inconsistent,pending,False,4.569029158653223e-14,4.569029158653223e-14,2
1639,3,missing|other_build|missing,False,True,1|1,A|A,inconsistent,pending,False,1.0,0.0,1
1640,3,missing|other_build|missing,True,False,1|0,A|B,committed,pending,True,0.0,0.0,1
1641,3,missing|other_build|missing,True,False,1|1,A|B,open,pending,False,1.0,1.0,2
1642,3,missing|other_build|missing,True,False,1125899906842623|1,A|B,open,pending,False,4.569029158653223e-14,4.569029158653223e-14,2
1643,3,missing|other_build|missing,True,False,1|1,A|A,committed,pending,True,1.0,0.0,1
1644,3,missing|other_build|missing,True,True,1|0,A|B,inconsistent,pending,False,0.0,0.0,1
1645,3,missing|other_build|missing,True,True,1|1,A|B,inconsistent,pending,False,1.0,1.0,2
1646,3,missing|other_build|missing,True,True,1125899906842623|1,A|B,inconsistent,pending,False,4.569029158653223e-14,4.569029158653223e-14,2
1647,3,missing|other_build|missing,True,True,1|1,A|A,inconsistent,pending,False,1.0,0.0,1
1648,3,missing|other_build|stale,False,False,1|0,A|B,committed,pending,True,0.0,0.0,1
1649,3,missing|other_build|stale,False,False,1|1,A|B,open,pending,False,1.0,1.0,2
1650,3,missing|other_build|stale,False,False,1125899906842623|1,A|B,open,pending,False,4.569029158653223e-14,4.569029158653223e-14,2
1651,3,missing|other_build|stale,False,False,1|1,A|A,committed,pending,True,1.0,0.0,1
1652,3,missing|other_build|stale,False,True,1|0,A|B,inconsistent,pending,False,0.0,0.0,1
1653,3,missing|other_build|stale,False,True,1|1,A|B,inconsistent,pending,False,1.0,1.0,2
1654,3,missing|other_build|stale,False,True,1125899906842623|1,A|B,inconsistent,pending,False,4.569029158653223e-14,4.569029158653223e-14,2
1655,3,missing|other_build|stale,False,True,1|1,A|A,inconsistent,pending,False,1.0,0.0,1
1656,3,missing|other_build|stale,True,False,1|0,A|B,committed,pending,True,0.0,0.0,1
1657,3,missing|other_build|stale,True,False,1|1,A|B,open,pending,False,1.0,1.0,2
1658,3,missing|other_build|stale,True,False,1125899906842623|1,A|B,open,pending,False,4.569029158653223e-14,4.569029158653223e-14,2
1659,3,missing|other_build|stale,True,False,1|1,A|A,committed,pending,True,1.0,0.0,1
1660,3,missing|other_build|stale,True,True,1|0,A|B,inconsistent,pending,False,0.0,0.0,1
1661,3,missing|other_build|stale,True,True,1|1,A|B,inconsistent,pending,False,1.0,1.0,2
1662,3,missing|other_build|stale,True,True,1125899906842623|1,A|B,inconsistent,pending,False,4.569029158653223e-14,4.569029158653223e-14,2
1663,3,missing|other_build|stale,True,True,1|1,A|A,inconsistent,pending,False,1.0,0.0,1
1664,3,missing|other_build|other_build,False,False,1|0,A|B,committed,pending,True,0.0,0.0,1
1665,3,missing|other_build|other_build,False,False,1|1,A|B,open,pending,False,1.0,1.0,2
1666,3,missing|other_build|other_build,False,False,1125899906842623|1,A|B,open,pending,False,4.569029158653223e-14,4.569029158653223e-14,2
1667,3,missing|other_build|other_build,False,False,1|1,A|A,committed,pending,True,1.0,0.0,1
1668,3,missing|other_build|other_build,False,True,1|0,A|B,inconsistent,pending,False,0.0,0.0,1
1669,3,missing|other_build|other_build,False,True,1|1,A|B,inconsistent,pending,False,1.0,1.0,2
1670,3,missing|other_build|other_build,False,True,1125899906842623|1,A|B,inconsistent,pending,False,4.569029158653223e-14,4.569029158653223e-14,2
1671,3,missing|other_build|other_build,False,True,1|1,A|A,inconsistent,pending,False,1.0,0.0,1
1672,3,missing|other_build|other_build,True,False,1|0,A|B,committed,pending,True,0.0,0.0,1
1673,3,missing|other_build|other_build,True,False,1|1,A|B,open,pending,False,1.0,1.0,2
1674,3,missing|other_build|other_build,True,False,1125899906842623|1,A|B,open,pending,False,4.569029158653223e-14,4.569029158653223e-14,2
1675,3,missing|other_build|other_build,True,False,1|1,A|A,committed,pending,True,1.0,0.0,1
1676,3,missing|other_build|other_build,True,True,1|0,A|B,inconsistent,pending,False,0.0,0.0,1
1677,3,missing|other_build|other_build,True,True,1|1,A|B,inconsistent,pending,False,1.0,1.0,2
1678,3,missing|other_build|other_build,True,True,1125899906842623|1,A|B,inconsistent,pending,False,4.569029158653223e-14,4.569029158653223e-14,2
1679,3,missing|other_build|other_build,True,True,1|1,A|A,inconsistent,pending,False,1.0,0.0,1
1680,3,stale|pass|pass,False,False,1|0,A|B,committed,pending,True,0.0,0.0,1
1681,3,stale|pass|pass,False,False,1|1,A|B,open,pending,False,1.0,1.0,2
1682,3,stale|pass|pass,False,False,1125899906842623|1,A|B,open,pending,False,4.569029158653223e-14,4.569029158653223e-14,2
1683,3,stale|pass|pass,False,False,1|1,A|A,committed,pending,True,1.0,0.0,1
1684,3,stale|pass|pass,False,True,1|0,A|B,inconsistent,pending,False,0.0,0.0,1
1685,3,stale|pass|pass,False,True,1|1,A|B,inconsistent,pending,False,1.0,1.0,2
1686,3,stale|pass|pass,False,True,1125899906842623|1,A|B,inconsistent,pending,False,4.569029158653223e-14,4.569029158653223e-14,2
1687,3,stale|pass|pass,False,True,1|1,A|A,inconsistent,pending,False,1.0,0.0,1
1688,3,stale|pass|pass,True,False,1|0,A|B,committed,pending,True,0.0,0.0,1
1689,3,stale|pass|pass,True,False,1|1,A|B,open,pending,False,1.0,1.0,2
1690,3,stale|pass|pass,True,False,1125899906842623|1,A|B,open,pending,False,4.569029158653223e-14,4.569029158653223e-14,2
1691,3,stale|pass|pass,True,False,1|1,A|A,committed,pending,True,1.0,0.0,1
1692,3,stale|pass|pass,True,True,1|0,A|B,inconsistent,pending,False,0.0,0.0,1
1693,3,stale|pass|pass,True,True,1|1,A|B,inconsistent,pending,False,1.0,1.0,2
1694,3,stale|pass|pass,True,True,1125899906842623|1,A|B,inconsistent,pending,False,4.569029158653223e-14,4.569029158653223e-14,2
1695,3,stale|pass|pass,True,True,1|1,A|A,inconsistent,pending,False,1.0,0.0,1
1696,3,stale|pass|fail,False,False,1|0,A|B,committed,pending,True,0.0,0.0,1
1697,3,stale|pass|fail,False,False,1|1,A|B,open,pending,False,1.0,1.0,2
1698,3,stale|pass|fail,False,False,1125899906842623|1,A|B,open,pending,False,4.569029158653223e-14,4.569029158653223e-14,2
1699,3,stale|pass|fail,False,False,1|1,A|A,committed,pending,True,1.0,0.0,1
1700,3,stale|pass|fail,False,True,1|0,A|B,inconsistent,pending,False,0.0,0.0,1
1701,3,stale|pass|fail,False,True,1|1,A|B,inconsistent,pending,False,1.0,1.0,2
1702,3,stale|pass|fail,False,True,1125899906842623|1,A|B,inconsistent,pending,False,4.569029158653223e-14,4.569029158653223e-14,2
1703,3,stale|pass|fail,False,True,1|1,A|A,inconsistent,pending,False,1.0,0.0,1
1704,3,stale|pass|fail,True,False,1|0,A|B,committed,pending,True,0.0,0.0,1
1705,3,stale|pass|fail,True,False,1|1,A|B,open,pending,False,1.0,1.0,2
1706,3,stale|pass|fail,True,False,1125899906842623|1,A|B,open,pending,False,4.569029158653223e-14,4.569029158653223e-14,2
1707,3,stale|pass|fail,True,False,1|1,A|A,committed,pending,True,1.0,0.0,1
1708,3,stale|pass|fail,True,True,1|0,A|B,inconsistent,pending,False,0.0,0.0,1
1709,3,stale|pass|fail,True,True,1|1,A|B,inconsistent,pending,False,1.0,1.0,2
1710,3,stale|pass|fail,True,True,1125899906842623|1,A|B,inconsistent,pending,False,4.569029158653223e-14,4.569029158653223e-14,2
1711,3,stale|pass|fail,True,True,1|1,A|A,inconsistent,pending,False,1.0,0.0,1
1712,3,stale|pass|missing,False,False,1|0,A|B,committed,pending,True,0.0,0.0,1
1713,3,stale|pass|missing,False,False,1|1,A|B,open,pending,False,1.0,1.0,2
1714,3,stale|pass|missing,False,False,1125899906842623|1,A|B,open,pending,False,4.569029158653223e-14,4.569029158653223e-14,2
1715,3,stale|pass|missing,False,False,1|1,A|A,committed,pending,True,1.0,0.0,1
1716,3,stale|pass|missing,False,True,1|0,A|B,inconsistent,pending,False,0.0,0.0,1
1717,3,stale|pass|missing,False,True,1|1,A|B,inconsistent,pending,False,1.0,1.0,2
1718,3,stale|pass|missing,False,True,1125899906842623|1,A|B,inconsistent,pending,False,4.569029158653223e-14,4.569029158653223e-14,2
1719,3,stale|pass|missing,False,True,1|1,A|A,inconsistent,pending,False,1.0,0.0,1
1720,3,stale|pass|missing,True,False,1|0,A|B,committed,pending,True,0.0,0.0,1
1721,3,stale|pass|missing,True,False,1|1,A|B,open,pending,False,1.0,1.0,2
1722,3,stale|pass|missing,True,False,1125899906842623|1,A|B,open,pending,False,4.569029158653223e-14,4.569029158653223e-14,2
1723,3,stale|pass|missing,True,False,1|1,A|A,committed,pending,True,1.0,0.0,1
1724,3,stale|pass|missing,True,True,1|0,A|B,inconsistent,pending,False,0.0,0.0,1
1725,3,stale|pass|missing,True,True,1|1,A|B,inconsistent,pending,False,1.0,1.0,2
1726,3,stale|pass|missing,True,True,1125899906842623|1,A|B,inconsistent,pending,False,4.569029158653223e-14,4.569029158653223e-14,2
1727,3,stale|pass|missing,True,True,1|1,A|A,inconsistent,pending,False,1.0,0.0,1
1728,3,stale|pass|stale,False,False,1|0,A|B,committed,pending,True,0.0,0.0,1
1729,3,stale|pass|stale,False,False,1|1,A|B,open,pending,False,1.0,1.0,2
1730,3,stale|pass|stale,False,False,1125899906842623|1,A|B,open,pending,False,4.569029158653223e-14,4.569029158653223e-14,2
1731,3,stale|pass|stale,False,False,1|1,A|A,committed,pending,True,1.0,0.0,1
1732,3,stale|pass|stale,False,True,1|0,A|B,inconsistent,pending,False,0.0,0.0,1
1733,3,stale|pass|stale,False,True,1|1,A|B,inconsistent,pending,False,1.0,1.0,2
1734,3,stale|pass|stale,False,True,1125899906842623|1,A|B,inconsistent,pending,False,4.569029158653223e-14,4.569029158653223e-14,2
1735,3,stale|pass|stale,False,True,1|1,A|A,inconsistent,pending,False,1.0,0.0,1
1736,3,stale|pass|stale,True,False,1|0,A|B,committed,pending,True,0.0,0.0,1
1737,3,stale|pass|stale,True,False,1|1,A|B,open,pending,False,1.0,1.0,2
1738,3,stale|pass|stale,True,False,1125899906842623|1,A|B,open,pending,False,4.569029158653223e-14,4.569029158653223e-14,2
1739,3,stale|pass|stale,True,False,1|1,A|A,committed,pending,True,1.0,0.0,1
1740,3,stale|pass|stale,True,True,1|0,A|B,inconsistent,pending,False,0.0,0.0,1
1741,3,stale|pass|stale,True,True,1|1,A|B,inconsistent,pending,False,1.0,1.0,2
1742,3,stale|pass|stale,True,True,1125899906842623|1,A|B,inconsistent,pending,False,4.569029158653223e-14,4.569029158653223e-14,2
1743,3,stale|pass|stale,True,True,1|1,A|A,inconsistent,pending,False,1.0,0.0,1
1744,3,stale|pass|other_build,False,False,1|0,A|B,committed,pending,True,0.0,0.0,1
1745,3,stale|pass|other_build,False,False,1|1,A|B,open,pending,False,1.0,1.0,2
1746,3,stale|pass|other_build,False,False,1125899906842623|1,A|B,open,pending,False,4.569029158653223e-14,4.569029158653223e-14,2
1747,3,stale|pass|other_build,False,False,1|1,A|A,committed,pending,True,1.0,0.0,1
1748,3,stale|pass|other_build,False,True,1|0,A|B,inconsistent,pending,False,0.0,0.0,1
1749,3,stale|pass|other_build,False,True,1|1,A|B,inconsistent,pending,False,1.0,1.0,2
1750,3,stale|pass|other_build,False,True,1125899906842623|1,A|B,inconsistent,pending,False,4.569029158653223e-14,4.569029158653223e-14,2
1751,3,stale|pass|other_build,False,True,1|1,A|A,inconsistent,pending,False,1.0,0.0,1
1752,3,stale|pass|other_build,True,False,1|0,A|B,committed,pending,True,0.0,0.0,1
1753,3,stale|pass|other_build,True,False,1|1,A|B,open,pending,False,1.0,1.0,2
1754,3,stale|pass|other_build,True,False,1125899906842623|1,A|B,open,pending,False,4.569029158653223e-14,4.569029158653223e-14,2
1755,3,stale|pass|other_build,True,False,1|1,A|A,committed,pending,True,1.0,0.0,1
1756,3,stale|pass|other_build,True,True,1|0,A|B,inconsistent,pending,False,0.0,0.0,1
1757,3,stale|pass|other_build,True,True,1|1,A|B,inconsistent,pending,False,1.0,1.0,2
1758,3,stale|pass|other_build,True,True,1125899906842623|1,A|B,inconsistent,pending,False,4.569029158653223e-14,4.569029158653223e-14,2
1759,3,stale|pass|other_build,True,True,1|1,A|A,inconsistent,pending,False,1.0,0.0,1
1760,3,stale|fail|pass,False,False,1|0,A|B,committed,pending,True,0.0,0.0,1
1761,3,stale|fail|pass,False,False,1|1,A|B,open,pending,False,1.0,1.0,2
1762,3,stale|fail|pass,False,False,1125899906842623|1,A|B,open,pending,False,4.569029158653223e-14,4.569029158653223e-14,2
1763,3,stale|fail|pass,False,False,1|1,A|A,committed,pending,True,1.0,0.0,1
1764,3,stale|fail|pass,False,True,1|0,A|B,inconsistent,pending,False,0.0,0.0,1
1765,3,stale|fail|pass,False,True,1|1,A|B,inconsistent,pending,False,1.0,1.0,2
1766,3,stale|fail|pass,False,True,1125899906842623|1,A|B,inconsistent,pending,False,4.569029158653223e-14,4.569029158653223e-14,2
1767,3,stale|fail|pass,False,True,1|1,A|A,inconsistent,pending,False,1.0,0.0,1
1768,3,stale|fail|pass,True,False,1|0,A|B,committed,pending,True,0.0,0.0,1
1769,3,stale|fail|pass,True,False,1|1,A|B,open,pending,False,1.0,1.0,2
1770,3,stale|fail|pass,True,False,1125899906842623|1,A|B,open,pending,False,4.569029158653223e-14,4.569029158653223e-14,2
1771,3,stale|fail|pass,True,False,1|1,A|A,committed,pending,True,1.0,0.0,1
1772,3,stale|fail|pass,True,True,1|0,A|B,inconsistent,pending,False,0.0,0.0,1
1773,3,stale|fail|pass,True,True,1|1,A|B,inconsistent,pending,False,1.0,1.0,2
1774,3,stale|fail|pass,True,True,1125899906842623|1,A|B,inconsistent,pending,False,4.569029158653223e-14,4.569029158653223e-14,2
1775,3,stale|fail|pass,True,True,1|1,A|A,inconsistent,pending,False,1.0,0.0,1
1776,3,stale|fail|fail,False,False,1|0,A|B,committed,pending,True,0.0,0.0,1
1777,3,stale|fail|fail,False,False,1|1,A|B,open,pending,False,1.0,1.0,2
1778,3,stale|fail|fail,False,False,1125899906842623|1,A|B,open,pending,False,4.569029158653223e-14,4.569029158653223e-14,2
1779,3,stale|fail|fail,False,False,1|1,A|A,committed,pending,True,1.0,0.0,1
1780,3,stale|fail|fail,False,True,1|0,A|B,inconsistent,pending,False,0.0,0.0,1
1781,3,stale|fail|fail,False,True,1|1,A|B,inconsistent,pending,False,1.0,1.0,2
1782,3,stale|fail|fail,False,True,1125899906842623|1,A|B,inconsistent,pending,False,4.569029158653223e-14,4.569029158653223e-14,2
1783,3,stale|fail|fail,False,True,1|1,A|A,inconsistent,pending,False,1.0,0.0,1
1784,3,stale|fail|fail,True,False,1|0,A|B,committed,pending,True,0.0,0.0,1
1785,3,stale|fail|fail,True,False,1|1,A|B,open,pending,False,1.0,1.0,2
1786,3,stale|fail|fail,True,False,1125899906842623|1,A|B,open,pending,False,4.569029158653223e-14,4.569029158653223e-14,2
1787,3,stale|fail|fail,True,False,1|1,A|A,committed,pending,True,1.0,0.0,1
1788,3,stale|fail|fail,True,True,1|0,A|B,inconsistent,pending,False,0.0,0.0,1
1789,3,stale|fail|fail,True,True,1|1,A|B,inconsistent,pending,False,1.0,1.0,2
1790,3,stale|fail|fail,True,True,1125899906842623|1,A|B,inconsistent,pending,False,4.569029158653223e-14,4.569029158653223e-14,2
1791,3,stale|fail|fail,True,True,1|1,A|A,inconsistent,pending,False,1.0,0.0,1
1792,3,stale|fail|missing,False,False,1|0,A|B,committed,pending,True,0.0,0.0,1
1793,3,stale|fail|missing,False,False,1|1,A|B,open,pending,False,1.0,1.0,2
1794,3,stale|fail|missing,False,False,1125899906842623|1,A|B,open,pending,False,4.569029158653223e-14,4.569029158653223e-14,2
1795,3,stale|fail|missing,False,False,1|1,A|A,committed,pending,True,1.0,0.0,1
1796,3,stale|fail|missing,False,True,1|0,A|B,inconsistent,pending,False,0.0,0.0,1
1797,3,stale|fail|missing,False,True,1|1,A|B,inconsistent,pending,False,1.0,1.0,2
1798,3,stale|fail|missing,False,True,1125899906842623|1,A|B,inconsistent,pending,False,4.569029158653223e-14,4.569029158653223e-14,2
1799,3,stale|fail|missing,False,True,1|1,A|A,inconsistent,pending,False,1.0,0.0,1
1800,3,stale|fail|missing,True,False,1|0,A|B,committed,pending,True,0.0,0.0,1
1801,3,stale|fail|missing,True,False,1|1,A|B,open,pending,False,1.0,1.0,2
1802,3,stale|fail|missing,True,False,1125899906842623|1,A|B,open,pending,False,4.569029158653223e-14,4.569029158653223e-14,2
1803,3,stale|fail|missing,True,False,1|1,A|A,committed,pending,True,1.0,0.0,1
1804,3,stale|fail|missing,True,True,1|0,A|B,inconsistent,pending,False,0.0,0.0,1
1805,3,stale|fail|missing,True,True,1|1,A|B,inconsistent,pending,False,1.0,1.0,2
1806,3,stale|fail|missing,True,True,1125899906842623|1,A|B,inconsistent,pending,False,4.569029158653223e-14,4.569029158653223e-14,2
1807,3,stale|fail|missing,True,True,1|1,A|A,inconsistent,pending,False,1.0,0.0,1
1808,3,stale|fail|stale,False,False,1|0,A|B,committed,pending,True,0.0,0.0,1
1809,3,stale|fail|stale,False,False,1|1,A|B,open,pending,False,1.0,1.0,2
1810,3,stale|fail|stale,False,False,1125899906842623|1,A|B,open,pending,False,4.569029158653223e-14,4.569029158653223e-14,2
1811,3,stale|fail|stale,False,False,1|1,A|A,committed,pending,True,1.0,0.0,1
1812,3,stale|fail|stale,False,True,1|0,A|B,inconsistent,pending,False,0.0,0.0,1
1813,3,stale|fail|stale,False,True,1|1,A|B,inconsistent,pending,False,1.0,1.0,2
1814,3,stale|fail|stale,False,True,1125899906842623|1,A|B,inconsistent,pending,False,4.569029158653223e-14,4.569029158653223e-14,2
1815,3,stale|fail|stale,False,True,1|1,A|A,inconsistent,pending,False,1.0,0.0,1
1816,3,stale|fail|stale,True,False,1|0,A|B,committed,pending,True,0.0,0.0,1
1817,3,stale|fail|stale,True,False,1|1,A|B,open,pending,False,1.0,1.0,2
1818,3,stale|fail|stale,True,False,1125899906842623|1,A|B,open,pending,False,4.569029158653223e-14,4.569029158653223e-14,2
1819,3,stale|fail|stale,True,False,1|1,A|A,committed,pending,True,1.0,0.0,1
1820,3,stale|fail|stale,True,True,1|0,A|B,inconsistent,pending,False,0.0,0.0,1
1821,3,stale|fail|stale,True,True,1|1,A|B,inconsistent,pending,False,1.0,1.0,2
1822,3,stale|fail|stale,True,True,1125899906842623|1,A|B,inconsistent,pending,False,4.569029158653223e-14,4.569029158653223e-14,2
1823,3,stale|fail|stale,True,True,1|1,A|A,inconsistent,pending,False,1.0,0.0,1
1824,3,stale|fail|other_build,False,False,1|0,A|B,committed,pending,True,0.0,0.0,1
1825,3,stale|fail|other_build,False,False,1|1,A|B,open,pending,False,1.0,1.0,2
1826,3,stale|fail|other_build,False,False,1125899906842623|1,A|B,open,pending,False,4.569029158653223e-14,4.569029158653223e-14,2
1827,3,stale|fail|other_build,False,False,1|1,A|A,committed,pending,True,1.0,0.0,1
1828,3,stale|fail|other_build,False,True,1|0,A|B,inconsistent,pending,False,0.0,0.0,1
1829,3,stale|fail|other_build,False,True,1|1,A|B,inconsistent,pending,False,1.0,1.0,2
1830,3,stale|fail|other_build,False,True,1125899906842623|1,A|B,inconsistent,pending,False,4.569029158653223e-14,4.569029158653223e-14,2
1831,3,stale|fail|other_build,False,True,1|1,A|A,inconsistent,pending,False,1.0,0.0,1
1832,3,stale|fail|other_build,True,False,1|0,A|B,committed,pending,True,0.0,0.0,1
1833,3,stale|fail|other_build,True,False,1|1,A|B,open,pending,False,1.0,1.0,2
1834,3,stale|fail|other_build,True,False,1125899906842623|1,A|B,open,pending,False,4.569029158653223e-14,4.569029158653223e-14,2
1835,3,stale|fail|other_build,True,False,1|1,A|A,committed,pending,True,1.0,0.0,1
1836,3,stale|fail|other_build,True,True,1|0,A|B,inconsistent,pending,False,0.0,0.0,1
1837,3,stale|fail|other_build,True,True,1|1,A|B,inconsistent,pending,False,1.0,1.0,2
1838,3,stale|fail|other_build,True,True,1125899906842623|1,A|B,inconsistent,pending,False,4.569029158653223e-14,4.569029158653223e-14,2
1839,3,stale|fail|other_build,True,True,1|1,A|A,inconsistent,pending,False,1.0,0.0,1
1840,3,stale|missing|pass,False,False,1|0,A|B,committed,pending,True,0.0,0.0,1
1841,3,stale|missing|pass,False,False,1|1,A|B,open,pending,False,1.0,1.0,2
1842,3,stale|missing|pass,False,False,1125899906842623|1,A|B,open,pending,False,4.569029158653223e-14,4.569029158653223e-14,2
1843,3,stale|missing|pass,False,False,1|1,A|A,committed,pending,True,1.0,0.0,1
1844,3,stale|missing|pass,False,True,1|0,A|B,inconsistent,pending,False,0.0,0.0,1
1845,3,stale|missing|pass,False,True,1|1,A|B,inconsistent,pending,False,1.0,1.0,2
1846,3,stale|missing|pass,False,True,1125899906842623|1,A|B,inconsistent,pending,False,4.569029158653223e-14,4.569029158653223e-14,2
1847,3,stale|missing|pass,False,True,1|1,A|A,inconsistent,pending,False,1.0,0.0,1
1848,3,stale|missing|pass,True,False,1|0,A|B,committed,pending,True,0.0,0.0,1
1849,3,stale|missing|pass,True,False,1|1,A|B,open,pending,False,1.0,1.0,2
1850,3,stale|missing|pass,True,False,1125899906842623|1,A|B,open,pending,False,4.569029158653223e-14,4.569029158653223e-14,2
1851,3,stale|missing|pass,True,False,1|1,A|A,committed,pending,True,1.0,0.0,1
1852,3,stale|missing|pass,True,True,1|0,A|B,inconsistent,pending,False,0.0,0.0,1
1853,3,stale|missing|pass,True,True,1|1,A|B,inconsistent,pending,False,1.0,1.0,2
1854,3,stale|missing|pass,True,True,1125899906842623|1,A|B,inconsistent,pending,False,4.569029158653223e-14,4.569029158653223e-14,2
1855,3,stale|missing|pass,True,True,1|1,A|A,inconsistent,pending,False,1.0,0.0,1
1856,3,stale|missing|fail,False,False,1|0,A|B,committed,pending,True,0.0,0.0,1
1857,3,stale|missing|fail,False,False,1|1,A|B,open,pending,False,1.0,1.0,2
1858,3,stale|missing|fail,False,False,1125899906842623|1,A|B,open,pending,False,4.569029158653223e-14,4.569029158653223e-14,2
1859,3,stale|missing|fail,False,False,1|1,A|A,committed,pending,True,1.0,0.0,1
1860,3,stale|missing|fail,False,True,1|0,A|B,inconsistent,pending,False,0.0,0.0,1
1861,3,stale|missing|fail,False,True,1|1,A|B,inconsistent,pending,False,1.0,1.0,2
1862,3,stale|missing|fail,False,True,1125899906842623|1,A|B,inconsistent,pending,False,4.569029158653223e-14,4.569029158653223e-14,2
1863,3,stale|missing|fail,False,True,1|1,A|A,inconsistent,pending,False,1.0,0.0,1
1864,3,stale|missing|fail,True,False,1|0,A|B,committed,pending,True,0.0,0.0,1
1865,3,stale|missing|fail,True,False,1|1,A|B,open,pending,False,1.0,1.0,2
1866,3,stale|missing|fail,True,False,1125899906842623|1,A|B,open,pending,False,4.569029158653223e-14,4.569029158653223e-14,2
1867,3,stale|missing|fail,True,False,1|1,A|A,committed,pending,True,1.0,0.0,1
1868,3,stale|missing|fail,True,True,1|0,A|B,inconsistent,pending,False,0.0,0.0,1
1869,3,stale|missing|fail,True,True,1|1,A|B,inconsistent,pending,False,1.0,1.0,2
1870,3,stale|missing|fail,True,True,1125899906842623|1,A|B,inconsistent,pending,False,4.569029158653223e-14,4.569029158653223e-14,2
1871,3,stale|missing|fail,True,True,1|1,A|A,inconsistent,pending,False,1.0,0.0,1
1872,3,stale|missing|missing,False,False,1|0,A|B,committed,pending,True,0.0,0.0,1
1873,3,stale|missing|missing,False,False,1|1,A|B,open,pending,False,1.0,1.0,2
1874,3,stale|missing|missing,False,False,1125899906842623|1,A|B,open,pending,False,4.569029158653223e-14,4.569029158653223e-14,2
1875,3,stale|missing|missing,False,False,1|1,A|A,committed,pending,True,1.0,0.0,1
1876,3,stale|missing|missing,False,True,1|0,A|B,inconsistent,pending,False,0.0,0.0,1
1877,3,stale|missing|missing,False,True,1|1,A|B,inconsistent,pending,False,1.0,1.0,2
1878,3,stale|missing|missing,False,True,1125899906842623|1,A|B,inconsistent,pending,False,4.569029158653223e-14,4.569029158653223e-14,2
1879,3,stale|missing|missing,False,True,1|1,A|A,inconsistent,pending,False,1.0,0.0,1
1880,3,stale|missing|missing,True,False,1|0,A|B,committed,pending,True,0.0,0.0,1
1881,3,stale|missing|missing,True,False,1|1,A|B,open,pending,False,1.0,1.0,2
1882,3,stale|missing|missing,True,False,1125899906842623|1,A|B,open,pending,False,4.569029158653223e-14,4.569029158653223e-14,2
1883,3,stale|missing|missing,True,False,1|1,A|A,committed,pending,True,1.0,0.0,1
1884,3,stale|missing|missing,True,True,1|0,A|B,inconsistent,pending,False,0.0,0.0,1
1885,3,stale|missing|missing,True,True,1|1,A|B,inconsistent,pending,False,1.0,1.0,2
1886,3,stale|missing|missing,True,True,1125899906842623|1,A|B,inconsistent,pending,False,4.569029158653223e-14,4.569029158653223e-14,2
1887,3,stale|missing|missing,True,True,1|1,A|A,inconsistent,pending,False,1.0,0.0,1
1888,3,stale|missing|stale,False,False,1|0,A|B,committed,pending,True,0.0,0.0,1
1889,3,stale|missing|stale,False,False,1|1,A|B,open,pending,False,1.0,1.0,2
1890,3,stale|missing|stale,False,False,1125899906842623|1,A|B,open,pending,False,4.569029158653223e-14,4.569029158653223e-14,2
1891,3,stale|missing|stale,False,False,1|1,A|A,committed,pending,True,1.0,0.0,1
1892,3,stale|missing|stale,False,True,1|0,A|B,inconsistent,pending,False,0.0,0.0,1
1893,3,stale|missing|stale,False,True,1|1,A|B,inconsistent,pending,False,1.0,1.0,2
1894,3,stale|missing|stale,False,True,1125899906842623|1,A|B,inconsistent,pending,False,4.569029158653223e-14,4.569029158653223e-14,2
1895,3,stale|missing|stale,False,True,1|1,A|A,inconsistent,pending,False,1.0,0.0,1
1896,3,stale|missing|stale,True,False,1|0,A|B,committed,pending,True,0.0,0.0,1
1897,3,stale|missing|stale,True,False,1|1,A|B,open,pending,False,1.0,1.0,2
1898,3,stale|missing|stale,True,False,1125899906842623|1,A|B,open,pending,False,4.569029158653223e-14,4.569029158653223e-14,2
1899,3,stale|missing|stale,True,False,1|1,A|A,committed,pending,True,1.0,0.0,1
1900,3,stale|missing|stale,True,True,1|0,A|B,inconsistent,pending,False,0.0,0.0,1
1901,3,stale|missing|stale,True,True,1|1,A|B,inconsistent,pending,False,1.0,1.0,2
1902,3,stale|missing|stale,True,True,1125899906842623|1,A|B,inconsistent,pending,False,4.569029158653223e-14,4.569029158653223e-14,2
1903,3,stale|missing|stale,True,True,1|1,A|A,inconsistent,pending,False,1.0,0.0,1
1904,3,stale|missing|other_build,False,False,1|0,A|B,committed,pending,True,0.0,0.0,1
1905,3,stale|missing|other_build,False,False,1|1,A|B,open,pending,False,1.0,1.0,2
1906,3,stale|missing|other_build,False,False,1125899906842623|1,A|B,open,pending,False,4.569029158653223e-14,4.569029158653223e-14,2
1907,3,stale|missing|other_build,False,False,1|1,A|A,committed,pending,True,1.0,0.0,1
1908,3,stale|missing|other_build,False,True,1|0,A|B,inconsistent,pending,False,0.0,0.0,1
1909,3,stale|missing|other_build,False,True,1|1,A|B,inconsistent,pending,False,1.0,1.0,2
1910,3,stale|missing|other_build,False,True,1125899906842623|1,A|B,inconsistent,pending,False,4.569029158653223e-14,4.569029158653223e-14,2
1911,3,stale|missing|other_build,False,True,1|1,A|A,inconsistent,pending,False,1.0,0.0,1
1912,3,stale|missing|other_build,True,False,1|0,A|B,committed,pending,True,0.0,0.0,1
1913,3,stale|missing|other_build,True,False,1|1,A|B,open,pending,False,1.0,1.0,2
1914,3,stale|missing|other_build,True,False,1125899906842623|1,A|B,open,pending,False,4.569029158653223e-14,4.569029158653223e-14,2
1915,3,stale|missing|other_build,True,False,1|1,A|A,committed,pending,True,1.0,0.0,1
1916,3,stale|missing|other_build,True,True,1|0,A|B,inconsistent,pending,False,0.0,0.0,1
1917,3,stale|missing|other_build,True,True,1|1,A|B,inconsistent,pending,False,1.0,1.0,2
1918,3,stale|missing|other_build,True,True,1125899906842623|1,A|B,inconsistent,pending,False,4.569029158653223e-14,4.569029158653223e-14,2
1919,3,stale|missing|other_build,True,True,1|1,A|A,inconsistent,pending,False,1.0,0.0,1
1920,3,stale|stale|pass,False,False,1|0,A|B,committed,pending,True,0.0,0.0,1
1921,3,stale|stale|pass,False,False,1|1,A|B,open,pending,False,1.0,1.0,2
1922,3,stale|stale|pass,False,False,1125899906842623|1,A|B,open,pending,False,4.569029158653223e-14,4.569029158653223e-14,2
1923,3,stale|stale|pass,False,False,1|1,A|A,committed,pending,True,1.0,0.0,1
1924,3,stale|stale|pass,False,True,1|0,A|B,inconsistent,pending,False,0.0,0.0,1
1925,3,stale|stale|pass,False,True,1|1,A|B,inconsistent,pending,False,1.0,1.0,2
1926,3,stale|stale|pass,False,True,1125899906842623|1,A|B,inconsistent,pending,False,4.569029158653223e-14,4.569029158653223e-14,2
1927,3,stale|stale|pass,False,True,1|1,A|A,inconsistent,pending,False,1.0,0.0,1
1928,3,stale|stale|pass,True,False,1|0,A|B,committed,pending,True,0.0,0.0,1
1929,3,stale|stale|pass,True,False,1|1,A|B,open,pending,False,1.0,1.0,2
1930,3,stale|stale|pass,True,False,1125899906842623|1,A|B,open,pending,False,4.569029158653223e-14,4.569029158653223e-14,2
1931,3,stale|stale|pass,True,False,1|1,A|A,committed,pending,True,1.0,0.0,1
1932,3,stale|stale|pass,True,True,1|0,A|B,inconsistent,pending,False,0.0,0.0,1
1933,3,stale|stale|pass,True,True,1|1,A|B,inconsistent,pending,False,1.0,1.0,2
1934,3,stale|stale|pass,True,True,1125899906842623|1,A|B,inconsistent,pending,False,4.569029158653223e-14,4.569029158653223e-14,2
1935,3,stale|stale|pass,True,True,1|1,A|A,inconsistent,pending,False,1.0,0.0,1
1936,3,stale|stale|fail,False,False,1|0,A|B,committed,pending,True,0.0,0.0,1
1937,3,stale|stale|fail,False,False,1|1,A|B,open,pending,False,1.0,1.0,2
1938,3,stale|stale|fail,False,False,1125899906842623|1,A|B,open,pending,False,4.569029158653223e-14,4.569029158653223e-14,2
1939,3,stale|stale|fail,False,False,1|1,A|A,committed,pending,True,1.0,0.0,1
1940,3,stale|stale|fail,False,True,1|0,A|B,inconsistent,pending,False,0.0,0.0,1
1941,3,stale|stale|fail,False,True,1|1,A|B,inconsistent,pending,False,1.0,1.0,2
1942,3,stale|stale|fail,False,True,1125899906842623|1,A|B,inconsistent,pending,False,4.569029158653223e-14,4.569029158653223e-14,2
1943,3,stale|stale|fail,False,True,1|1,A|A,inconsistent,pending,False,1.0,0.0,1
1944,3,stale|stale|fail,True,False,1|0,A|B,committed,pending,True,0.0,0.0,1
1945,3,stale|stale|fail,True,False,1|1,A|B,open,pending,False,1.0,1.0,2
1946,3,stale|stale|fail,True,False,1125899906842623|1,A|B,open,pending,False,4.569029158653223e-14,4.569029158653223e-14,2
1947,3,stale|stale|fail,True,False,1|1,A|A,committed,pending,True,1.0,0.0,1
1948,3,stale|stale|fail,True,True,1|0,A|B,inconsistent,pending,False,0.0,0.0,1
1949,3,stale|stale|fail,True,True,1|1,A|B,inconsistent,pending,False,1.0,1.0,2
1950,3,stale|stale|fail,True,True,1125899906842623|1,A|B,inconsistent,pending,False,4.569029158653223e-14,4.569029158653223e-14,2
1951,3,stale|stale|fail,True,True,1|1,A|A,inconsistent,pending,False,1.0,0.0,1
1952,3,stale|stale|missing,False,False,1|0,A|B,committed,pending,True,0.0,0.0,1
1953,3,stale|stale|missing,False,False,1|1,A|B,open,pending,False,1.0,1.0,2
1954,3,stale|stale|missing,False,False,1125899906842623|1,A|B,open,pending,False,4.569029158653223e-14,4.569029158653223e-14,2
1955,3,stale|stale|missing,False,False,1|1,A|A,committed,pending,True,1.0,0.0,1
1956,3,stale|stale|missing,False,True,1|0,A|B,inconsistent,pending,False,0.0,0.0,1
1957,3,stale|stale|missing,False,True,1|1,A|B,inconsistent,pending,False,1.0,1.0,2
1958,3,stale|stale|missing,False,True,1125899906842623|1,A|B,inconsistent,pending,False,4.569029158653223e-14,4.569029158653223e-14,2
1959,3,stale|stale|missing,False,True,1|1,A|A,inconsistent,pending,False,1.0,0.0,1
1960,3,stale|stale|missing,True,False,1|0,A|B,committed,pending,True,0.0,0.0,1
1961,3,stale|stale|missing,True,False,1|1,A|B,open,pending,False,1.0,1.0,2
1962,3,stale|stale|missing,True,False,1125899906842623|1,A|B,open,pending,False,4.569029158653223e-14,4.569029158653223e-14,2
1963,3,stale|stale|missing,True,False,1|1,A|A,committed,pending,True,1.0,0.0,1
1964,3,stale|stale|missing,True,True,1|0,A|B,inconsistent,pending,False,0.0,0.0,1
1965,3,stale|stale|missing,True,True,1|1,A|B,inconsistent,pending,False,1.0,1.0,2
1966,3,stale|stale|missing,True,True,1125899906842623|1,A|B,inconsistent,pending,False,4.569029158653223e-14,4.569029158653223e-14,2
1967,3,stale|stale|missing,True,True,1|1,A|A,inconsistent,pending,False,1.0,0.0,1
1968,3,stale|stale|stale,False,False,1|0,A|B,committed,pending,True,0.0,0.0,1
1969,3,stale|stale|stale,False,False,1|1,A|B,open,pending,False,1.0,1.0,2
1970,3,stale|stale|stale,False,False,1125899906842623|1,A|B,open,pending,False,4.569029158653223e-14,4.569029158653223e-14,2
1971,3,stale|stale|stale,False,False,1|1,A|A,committed,pending,True,1.0,0.0,1
1972,3,stale|stale|stale,False,True,1|0,A|B,inconsistent,pending,False,0.0,0.0,1
1973,3,stale|stale|stale,False,True,1|1,A|B,inconsistent,pending,False,1.0,1.0,2
1974,3,stale|stale|stale,False,True,1125899906842623|1,A|B,inconsistent,pending,False,4.569029158653223e-14,4.569029158653223e-14,2
1975,3,stale|stale|stale,False,True,1|1,A|A,inconsistent,pending,False,1.0,0.0,1
1976,3,stale|stale|stale,True,False,1|0,A|B,committed,pending,True,0.0,0.0,1
1977,3,stale|stale|stale,True,False,1|1,A|B,open,pending,False,1.0,1.0,2
1978,3,stale|stale|stale,True,False,1125899906842623|1,A|B,open,pending,False,4.569029158653223e-14,4.569029158653223e-14,2
1979,3,stale|stale|stale,True,False,1|1,A|A,committed,pending,True,1.0,0.0,1
1980,3,stale|stale|stale,True,True,1|0,A|B,inconsistent,pending,False,0.0,0.0,1
1981,3,stale|stale|stale,True,True,1|1,A|B,inconsistent,pending,False,1.0,1.0,2
1982,3,stale|stale|stale,True,True,1125899906842623|1,A|B,inconsistent,pending,False,4.569029158653223e-14,4.569029158653223e-14,2
1983,3,stale|stale|stale,True,True,1|1,A|A,inconsistent,pending,False,1.0,0.0,1
1984,3,stale|stale|other_build,False,False,1|0,A|B,committed,pending,True,0.0,0.0,1
1985,3,stale|stale|other_build,False,False,1|1,A|B,open,pending,False,1.0,1.0,2
1986,3,stale|stale|other_build,False,False,1125899906842623|1,A|B,open,pending,False,4.569029158653223e-14,4.569029158653223e-14,2
1987,3,stale|stale|other_build,False,False,1|1,A|A,committed,pending,True,1.0,0.0,1
1988,3,stale|stale|other_build,False,True,1|0,A|B,inconsistent,pending,False,0.0,0.0,1
1989,3,stale|stale|other_build,False,True,1|1,A|B,inconsistent,pending,False,1.0,1.0,2
1990,3,stale|stale|other_build,False,True,1125899906842623|1,A|B,inconsistent,pending,False,4.569029158653223e-14,4.569029158653223e-14,2
1991,3,stale|stale|other_build,False,True,1|1,A|A,inconsistent,pending,False,1.0,0.0,1
1992,3,stale|stale|other_build,True,False,1|0,A|B,committed,pending,True,0.0,0.0,1
1993,3,stale|stale|other_build,True,False,1|1,A|B,open,pending,False,1.0,1.0,2
1994,3,stale|stale|other_build,True,False,1125899906842623|1,A|B,open,pending,False,4.569029158653223e-14,4.569029158653223e-14,2
1995,3,stale|stale|other_build,True,False,1|1,A|A,committed,pending,True,1.0,0.0,1
1996,3,stale|stale|other_build,True,True,1|0,A|B,inconsistent,pending,False,0.0,0.0,1
1997,3,stale|stale|other_build,True,True,1|1,A|B,inconsistent,pending,False,1.0,1.0,2
1998,3,stale|stale|other_build,True,True,1125899906842623|1,A|B,inconsistent,pending,False,4.569029158653223e-14,4.569029158653223e-14,2
1999,3,stale|stale|other_build,True,True,1|1,A|A,inconsistent,pending,False,1.0,0.0,1
2000,3,stale|other_build|pass,False,False,1|0,A|B,committed,pending,True,0.0,0.0,1
2001,3,stale|other_build|pass,False,False,1|1,A|B,open,pending,False,1.0,1.0,2
2002,3,stale|other_build|pass,False,False,1125899906842623|1,A|B,open,pending,False,4.569029158653223e-14,4.569029158653223e-14,2
2003,3,stale|other_build|pass,False,False,1|1,A|A,committed,pending,True,1.0,0.0,1
2004,3,stale|other_build|pass,False,True,1|0,A|B,inconsistent,pending,False,0.0,0.0,1
2005,3,stale|other_build|pass,False,True,1|1,A|B,inconsistent,pending,False,1.0,1.0,2
2006,3,stale|other_build|pass,False,True,1125899906842623|1,A|B,inconsistent,pending,False,4.569029158653223e-14,4.569029158653223e-14,2
2007,3,stale|other_build|pass,False,True,1|1,A|A,inconsistent,pending,False,1.0,0.0,1
2008,3,stale|other_build|pass,True,False,1|0,A|B,committed,pending,True,0.0,0.0,1
2009,3,stale|other_build|pass,True,False,1|1,A|B,open,pending,False,1.0,1.0,2
2010,3,stale|other_build|pass,True,False,1125899906842623|1,A|B,open,pending,False,4.569029158653223e-14,4.569029158653223e-14,2
2011,3,stale|other_build|pass,True,False,1|1,A|A,committed,pending,True,1.0,0.0,1
2012,3,stale|other_build|pass,True,True,1|0,A|B,inconsistent,pending,False,0.0,0.0,1
2013,3,stale|other_build|pass,True,True,1|1,A|B,inconsistent,pending,False,1.0,1.0,2
2014,3,stale|other_build|pass,True,True,1125899906842623|1,A|B,inconsistent,pending,False,4.569029158653223e-14,4.569029158653223e-14,2
2015,3,stale|other_build|pass,True,True,1|1,A|A,inconsistent,pending,False,1.0,0.0,1
2016,3,stale|other_build|fail,False,False,1|0,A|B,committed,pending,True,0.0,0.0,1
2017,3,stale|other_build|fail,False,False,1|1,A|B,open,pending,False,1.0,1.0,2
2018,3,stale|other_build|fail,False,False,1125899906842623|1,A|B,open,pending,False,4.569029158653223e-14,4.569029158653223e-14,2
2019,3,stale|other_build|fail,False,False,1|1,A|A,committed,pending,True,1.0,0.0,1
2020,3,stale|other_build|fail,False,True,1|0,A|B,inconsistent,pending,False,0.0,0.0,1
2021,3,stale|other_build|fail,False,True,1|1,A|B,inconsistent,pending,False,1.0,1.0,2
2022,3,stale|other_build|fail,False,True,1125899906842623|1,A|B,inconsistent,pending,False,4.569029158653223e-14,4.569029158653223e-14,2
2023,3,stale|other_build|fail,False,True,1|1,A|A,inconsistent,pending,False,1.0,0.0,1
2024,3,stale|other_build|fail,True,False,1|0,A|B,committed,pending,True,0.0,0.0,1
2025,3,stale|other_build|fail,True,False,1|1,A|B,open,pending,False,1.0,1.0,2
2026,3,stale|other_build|fail,True,False,1125899906842623|1,A|B,open,pending,False,4.569029158653223e-14,4.569029158653223e-14,2
2027,3,stale|other_build|fail,True,False,1|1,A|A,committed,pending,True,1.0,0.0,1
2028,3,stale|other_build|fail,True,True,1|0,A|B,inconsistent,pending,False,0.0,0.0,1
2029,3,stale|other_build|fail,True,True,1|1,A|B,inconsistent,pending,False,1.0,1.0,2
2030,3,stale|other_build|fail,True,True,1125899906842623|1,A|B,inconsistent,pending,False,4.569029158653223e-14,4.569029158653223e-14,2
2031,3,stale|other_build|fail,True,True,1|1,A|A,inconsistent,pending,False,1.0,0.0,1
2032,3,stale|other_build|missing,False,False,1|0,A|B,committed,pending,True,0.0,0.0,1
2033,3,stale|other_build|missing,False,False,1|1,A|B,open,pending,False,1.0,1.0,2
2034,3,stale|other_build|missing,False,False,1125899906842623|1,A|B,open,pending,False,4.569029158653223e-14,4.569029158653223e-14,2
2035,3,stale|other_build|missing,False,False,1|1,A|A,committed,pending,True,1.0,0.0,1
2036,3,stale|other_build|missing,False,True,1|0,A|B,inconsistent,pending,False,0.0,0.0,1
2037,3,stale|other_build|missing,False,True,1|1,A|B,inconsistent,pending,False,1.0,1.0,2
2038,3,stale|other_build|missing,False,True,1125899906842623|1,A|B,inconsistent,pending,False,4.569029158653223e-14,4.569029158653223e-14,2
2039,3,stale|other_build|missing,False,True,1|1,A|A,inconsistent,pending,False,1.0,0.0,1
2040,3,stale|other_build|missing,True,False,1|0,A|B,committed,pending,True,0.0,0.0,1
2041,3,stale|other_build|missing,True,False,1|1,A|B,open,pending,False,1.0,1.0,2
2042,3,stale|other_build|missing,True,False,1125899906842623|1,A|B,open,pending,False,4.569029158653223e-14,4.569029158653223e-14,2
2043,3,stale|other_build|missing,True,False,1|1,A|A,committed,pending,True,1.0,0.0,1
2044,3,stale|other_build|missing,True,True,1|0,A|B,inconsistent,pending,False,0.0,0.0,1
2045,3,stale|other_build|missing,True,True,1|1,A|B,inconsistent,pending,False,1.0,1.0,2
2046,3,stale|other_build|missing,True,True,1125899906842623|1,A|B,inconsistent,pending,False,4.569029158653223e-14,4.569029158653223e-14,2
2047,3,stale|other_build|missing,True,True,1|1,A|A,inconsistent,pending,False,1.0,0.0,1
2048,3,stale|other_build|stale,False,False,1|0,A|B,committed,pending,True,0.0,0.0,1
2049,3,stale|other_build|stale,False,False,1|1,A|B,open,pending,False,1.0,1.0,2
2050,3,stale|other_build|stale,False,False,1125899906842623|1,A|B,open,pending,False,4.569029158653223e-14,4.569029158653223e-14,2
2051,3,stale|other_build|stale,False,False,1|1,A|A,committed,pending,True,1.0,0.0,1
2052,3,stale|other_build|stale,False,True,1|0,A|B,inconsistent,pending,False,0.0,0.0,1
2053,3,stale|other_build|stale,False,True,1|1,A|B,inconsistent,pending,False,1.0,1.0,2
2054,3,stale|other_build|stale,False,True,1125899906842623|1,A|B,inconsistent,pending,False,4.569029158653223e-14,4.569029158653223e-14,2
2055,3,stale|other_build|stale,False,True,1|1,A|A,inconsistent,pending,False,1.0,0.0,1
2056,3,stale|other_build|stale,True,False,1|0,A|B,committed,pending,True,0.0,0.0,1
2057,3,stale|other_build|stale,True,False,1|1,A|B,open,pending,False,1.0,1.0,2
2058,3,stale|other_build|stale,True,False,1125899906842623|1,A|B,open,pending,False,4.569029158653223e-14,4.569029158653223e-14,2
2059,3,stale|other_build|stale,True,False,1|1,A|A,committed,pending,True,1.0,0.0,1
2060,3,stale|other_build|stale,True,True,1|0,A|B,inconsistent,pending,False,0.0,0.0,1
2061,3,stale|other_build|stale,True,True,1|1,A|B,inconsistent,pending,False,1.0,1.0,2
2062,3,stale|other_build|stale,True,True,1125899906842623|1,A|B,inconsistent,pending,False,4.569029158653223e-14,4.569029158653223e-14,2
2063,3,stale|other_build|stale,True,True,1|1,A|A,inconsistent,pending,False,1.0,0.0,1
2064,3,stale|other_build|other_build,False,False,1|0,A|B,committed,pending,True,0.0,0.0,1
2065,3,stale|other_build|other_build,False,False,1|1,A|B,open,pending,False,1.0,1.0,2
2066,3,stale|other_build|other_build,False,False,1125899906842623|1,A|B,open,pending,False,4.569029158653223e-14,4.569029158653223e-14,2
2067,3,stale|other_build|other_build,False,False,1|1,A|A,committed,pending,True,1.0,0.0,1
2068,3,stale|other_build|other_build,False,True,1|0,A|B,inconsistent,pending,False,0.0,0.0,1
2069,3,stale|other_build|other_build,False,True,1|1,A|B,inconsistent,pending,False,1.0,1.0,2
2070,3,stale|other_build|other_build,False,True,1125899906842623|1,A|B,inconsistent,pending,False,4.569029158653223e-14,4.569029158653223e-14,2
2071,3,stale|other_build|other_build,False,True,1|1,A|A,inconsistent,pending,False,1.0,0.0,1
2072,3,stale|other_build|other_build,True,False,1|0,A|B,committed,pending,True,0.0,0.0,1
2073,3,stale|other_build|other_build,True,False,1|1,A|B,open,pending,False,1.0,1.0,2
2074,3,stale|other_build|other_build,True,False,1125899906842623|1,A|B,open,pending,False,4.569029158653223e-14,4.569029158653223e-14,2
2075,3,stale|other_build|other_build,True,False,1|1,A|A,committed,pending,True,1.0,0.0,1
2076,3,stale|other_build|other_build,True,True,1|0,A|B,inconsistent,pending,False,0.0,0.0,1
2077,3,stale|other_build|other_build,True,True,1|1,A|B,inconsistent,pending,False,1.0,1.0,2
2078,3,stale|other_build|other_build,True,True,1125899906842623|1,A|B,inconsistent,pending,False,4.569029158653223e-14,4.569029158653223e-14,2
2079,3,stale|other_build|other_build,True,True,1|1,A|A,inconsistent,pending,False,1.0,0.0,1
2080,3,other_build|pass|pass,False,False,1|0,A|B,committed,pending,True,0.0,0.0,1
2081,3,other_build|pass|pass,False,False,1|1,A|B,open,pending,False,1.0,1.0,2
2082,3,other_build|pass|pass,False,False,1125899906842623|1,A|B,open,pending,False,4.569029158653223e-14,4.569029158653223e-14,2
2083,3,other_build|pass|pass,False,False,1|1,A|A,committed,pending,True,1.0,0.0,1
2084,3,other_build|pass|pass,False,True,1|0,A|B,inconsistent,pending,False,0.0,0.0,1
2085,3,other_build|pass|pass,False,True,1|1,A|B,inconsistent,pending,False,1.0,1.0,2
2086,3,other_build|pass|pass,False,True,1125899906842623|1,A|B,inconsistent,pending,False,4.569029158653223e-14,4.569029158653223e-14,2
2087,3,other_build|pass|pass,False,True,1|1,A|A,inconsistent,pending,False,1.0,0.0,1
2088,3,other_build|pass|pass,True,False,1|0,A|B,committed,pending,True,0.0,0.0,1
2089,3,other_build|pass|pass,True,False,1|1,A|B,open,pending,False,1.0,1.0,2
2090,3,other_build|pass|pass,True,False,1125899906842623|1,A|B,open,pending,False,4.569029158653223e-14,4.569029158653223e-14,2
2091,3,other_build|pass|pass,True,False,1|1,A|A,committed,pending,True,1.0,0.0,1
2092,3,other_build|pass|pass,True,True,1|0,A|B,inconsistent,pending,False,0.0,0.0,1
2093,3,other_build|pass|pass,True,True,1|1,A|B,inconsistent,pending,False,1.0,1.0,2
2094,3,other_build|pass|pass,True,True,1125899906842623|1,A|B,inconsistent,pending,False,4.569029158653223e-14,4.569029158653223e-14,2
2095,3,other_build|pass|pass,True,True,1|1,A|A,inconsistent,pending,False,1.0,0.0,1
2096,3,other_build|pass|fail,False,False,1|0,A|B,committed,pending,True,0.0,0.0,1
2097,3,other_build|pass|fail,False,False,1|1,A|B,open,pending,False,1.0,1.0,2
2098,3,other_build|pass|fail,False,False,1125899906842623|1,A|B,open,pending,False,4.569029158653223e-14,4.569029158653223e-14,2
2099,3,other_build|pass|fail,False,False,1|1,A|A,committed,pending,True,1.0,0.0,1
2100,3,other_build|pass|fail,False,True,1|0,A|B,inconsistent,pending,False,0.0,0.0,1
2101,3,other_build|pass|fail,False,True,1|1,A|B,inconsistent,pending,False,1.0,1.0,2
2102,3,other_build|pass|fail,False,True,1125899906842623|1,A|B,inconsistent,pending,False,4.569029158653223e-14,4.569029158653223e-14,2
2103,3,other_build|pass|fail,False,True,1|1,A|A,inconsistent,pending,False,1.0,0.0,1
2104,3,other_build|pass|fail,True,False,1|0,A|B,committed,pending,True,0.0,0.0,1
2105,3,other_build|pass|fail,True,False,1|1,A|B,open,pending,False,1.0,1.0,2
2106,3,other_build|pass|fail,True,False,1125899906842623|1,A|B,open,pending,False,4.569029158653223e-14,4.569029158653223e-14,2
2107,3,other_build|pass|fail,True,False,1|1,A|A,committed,pending,True,1.0,0.0,1
2108,3,other_build|pass|fail,True,True,1|0,A|B,inconsistent,pending,False,0.0,0.0,1
2109,3,other_build|pass|fail,True,True,1|1,A|B,inconsistent,pending,False,1.0,1.0,2
2110,3,other_build|pass|fail,True,True,1125899906842623|1,A|B,inconsistent,pending,False,4.569029158653223e-14,4.569029158653223e-14,2
2111,3,other_build|pass|fail,True,True,1|1,A|A,inconsistent,pending,False,1.0,0.0,1
2112,3,other_build|pass|missing,False,False,1|0,A|B,committed,pending,True,0.0,0.0,1
2113,3,other_build|pass|missing,False,False,1|1,A|B,open,pending,False,1.0,1.0,2
2114,3,other_build|pass|missing,False,False,1125899906842623|1,A|B,open,pending,False,4.569029158653223e-14,4.569029158653223e-14,2
2115,3,other_build|pass|missing,False,False,1|1,A|A,committed,pending,True,1.0,0.0,1
2116,3,other_build|pass|missing,False,True,1|0,A|B,inconsistent,pending,False,0.0,0.0,1
2117,3,other_build|pass|missing,False,True,1|1,A|B,inconsistent,pending,False,1.0,1.0,2
2118,3,other_build|pass|missing,False,True,1125899906842623|1,A|B,inconsistent,pending,False,4.569029158653223e-14,4.569029158653223e-14,2
2119,3,other_build|pass|missing,False,True,1|1,A|A,inconsistent,pending,False,1.0,0.0,1
2120,3,other_build|pass|missing,True,False,1|0,A|B,committed,pending,True,0.0,0.0,1
2121,3,other_build|pass|missing,True,False,1|1,A|B,open,pending,False,1.0,1.0,2
2122,3,other_build|pass|missing,True,False,1125899906842623|1,A|B,open,pending,False,4.569029158653223e-14,4.569029158653223e-14,2
2123,3,other_build|pass|missing,True,False,1|1,A|A,committed,pending,True,1.0,0.0,1
2124,3,other_build|pass|missing,True,True,1|0,A|B,inconsistent,pending,False,0.0,0.0,1
2125,3,other_build|pass|missing,True,True,1|1,A|B,inconsistent,pending,False,1.0,1.0,2
2126,3,other_build|pass|missing,True,True,1125899906842623|1,A|B,inconsistent,pending,False,4.569029158653223e-14,4.569029158653223e-14,2
2127,3,other_build|pass|missing,True,True,1|1,A|A,inconsistent,pending,False,1.0,0.0,1
2128,3,other_build|pass|stale,False,False,1|0,A|B,committed,pending,True,0.0,0.0,1
2129,3,other_build|pass|stale,False,False,1|1,A|B,open,pending,False,1.0,1.0,2
2130,3,other_build|pass|stale,False,False,1125899906842623|1,A|B,open,pending,False,4.569029158653223e-14,4.569029158653223e-14,2
2131,3,other_build|pass|stale,False,False,1|1,A|A,committed,pending,True,1.0,0.0,1
2132,3,other_build|pass|stale,False,True,1|0,A|B,inconsistent,pending,False,0.0,0.0,1
2133,3,other_build|pass|stale,False,True,1|1,A|B,inconsistent,pending,False,1.0,1.0,2
2134,3,other_build|pass|stale,False,True,1125899906842623|1,A|B,inconsistent,pending,False,4.569029158653223e-14,4.569029158653223e-14,2
2135,3,other_build|pass|stale,False,True,1|1,A|A,inconsistent,pending,False,1.0,0.0,1
2136,3,other_build|pass|stale,True,False,1|0,A|B,committed,pending,True,0.0,0.0,1
2137,3,other_build|pass|stale,True,False,1|1,A|B,open,pending,False,1.0,1.0,2
2138,3,other_build|pass|stale,True,False,1125899906842623|1,A|B,open,pending,False,4.569029158653223e-14,4.569029158653223e-14,2
2139,3,other_build|pass|stale,True,False,1|1,A|A,committed,pending,True,1.0,0.0,1
2140,3,other_build|pass|stale,True,True,1|0,A|B,inconsistent,pending,False,0.0,0.0,1
2141,3,other_build|pass|stale,True,True,1|1,A|B,inconsistent,pending,False,1.0,1.0,2
2142,3,other_build|pass|stale,True,True,1125899906842623|1,A|B,inconsistent,pending,False,4.569029158653223e-14,4.569029158653223e-14,2
2143,3,other_build|pass|stale,True,True,1|1,A|A,inconsistent,pending,False,1.0,0.0,1
2144,3,other_build|pass|other_build,False,False,1|0,A|B,committed,pending,True,0.0,0.0,1
2145,3,other_build|pass|other_build,False,False,1|1,A|B,open,pending,False,1.0,1.0,2
2146,3,other_build|pass|other_build,False,False,1125899906842623|1,A|B,open,pending,False,4.569029158653223e-14,4.569029158653223e-14,2
2147,3,other_build|pass|other_build,False,False,1|1,A|A,committed,pending,True,1.0,0.0,1
2148,3,other_build|pass|other_build,False,True,1|0,A|B,inconsistent,pending,False,0.0,0.0,1
2149,3,other_build|pass|other_build,False,True,1|1,A|B,inconsistent,pending,False,1.0,1.0,2
2150,3,other_build|pass|other_build,False,True,1125899906842623|1,A|B,inconsistent,pending,False,4.569029158653223e-14,4.569029158653223e-14,2
2151,3,other_build|pass|other_build,False,True,1|1,A|A,inconsistent,pending,False,1.0,0.0,1
2152,3,other_build|pass|other_build,True,False,1|0,A|B,committed,pending,True,0.0,0.0,1
2153,3,other_build|pass|other_build,True,False,1|1,A|B,open,pending,False,1.0,1.0,2
2154,3,other_build|pass|other_build,True,False,1125899906842623|1,A|B,open,pending,False,4.569029158653223e-14,4.569029158653223e-14,2
2155,3,other_build|pass|other_build,True,False,1|1,A|A,committed,pending,True,1.0,0.0,1
2156,3,other_build|pass|other_build,True,True,1|0,A|B,inconsistent,pending,False,0.0,0.0,1
2157,3,other_build|pass|other_build,True,True,1|1,A|B,inconsistent,pending,False,1.0,1.0,2
2158,3,other_build|pass|other_build,True,True,1125899906842623|1,A|B,inconsistent,pending,False,4.569029158653223e-14,4.569029158653223e-14,2
2159,3,other_build|pass|other_build,True,True,1|1,A|A,inconsistent,pending,False,1.0,0.0,1
2160,3,other_build|fail|pass,False,False,1|0,A|B,committed,pending,True,0.0,0.0,1
2161,3,other_build|fail|pass,False,False,1|1,A|B,open,pending,False,1.0,1.0,2
2162,3,other_build|fail|pass,False,False,1125899906842623|1,A|B,open,pending,False,4.569029158653223e-14,4.569029158653223e-14,2
2163,3,other_build|fail|pass,False,False,1|1,A|A,committed,pending,True,1.0,0.0,1
2164,3,other_build|fail|pass,False,True,1|0,A|B,inconsistent,pending,False,0.0,0.0,1
2165,3,other_build|fail|pass,False,True,1|1,A|B,inconsistent,pending,False,1.0,1.0,2
2166,3,other_build|fail|pass,False,True,1125899906842623|1,A|B,inconsistent,pending,False,4.569029158653223e-14,4.569029158653223e-14,2
2167,3,other_build|fail|pass,False,True,1|1,A|A,inconsistent,pending,False,1.0,0.0,1
2168,3,other_build|fail|pass,True,False,1|0,A|B,committed,pending,True,0.0,0.0,1
2169,3,other_build|fail|pass,True,False,1|1,A|B,open,pending,False,1.0,1.0,2
2170,3,other_build|fail|pass,True,False,1125899906842623|1,A|B,open,pending,False,4.569029158653223e-14,4.569029158653223e-14,2
2171,3,other_build|fail|pass,True,False,1|1,A|A,committed,pending,True,1.0,0.0,1
2172,3,other_build|fail|pass,True,True,1|0,A|B,inconsistent,pending,False,0.0,0.0,1
2173,3,other_build|fail|pass,True,True,1|1,A|B,inconsistent,pending,False,1.0,1.0,2
2174,3,other_build|fail|pass,True,True,1125899906842623|1,A|B,inconsistent,pending,False,4.569029158653223e-14,4.569029158653223e-14,2
2175,3,other_build|fail|pass,True,True,1|1,A|A,inconsistent,pending,False,1.0,0.0,1
2176,3,other_build|fail|fail,False,False,1|0,A|B,committed,pending,True,0.0,0.0,1
2177,3,other_build|fail|fail,False,False,1|1,A|B,open,pending,False,1.0,1.0,2
2178,3,other_build|fail|fail,False,False,1125899906842623|1,A|B,open,pending,False,4.569029158653223e-14,4.569029158653223e-14,2
2179,3,other_build|fail|fail,False,False,1|1,A|A,committed,pending,True,1.0,0.0,1
2180,3,other_build|fail|fail,False,True,1|0,A|B,inconsistent,pending,False,0.0,0.0,1
2181,3,other_build|fail|fail,False,True,1|1,A|B,inconsistent,pending,False,1.0,1.0,2
2182,3,other_build|fail|fail,False,True,1125899906842623|1,A|B,inconsistent,pending,False,4.569029158653223e-14,4.569029158653223e-14,2
2183,3,other_build|fail|fail,False,True,1|1,A|A,inconsistent,pending,False,1.0,0.0,1
2184,3,other_build|fail|fail,True,False,1|0,A|B,committed,pending,True,0.0,0.0,1
2185,3,other_build|fail|fail,True,False,1|1,A|B,open,pending,False,1.0,1.0,2
2186,3,other_build|fail|fail,True,False,1125899906842623|1,A|B,open,pending,False,4.569029158653223e-14,4.569029158653223e-14,2
2187,3,other_build|fail|fail,True,False,1|1,A|A,committed,pending,True,1.0,0.0,1
2188,3,other_build|fail|fail,True,True,1|0,A|B,inconsistent,pending,False,0.0,0.0,1
2189,3,other_build|fail|fail,True,True,1|1,A|B,inconsistent,pending,False,1.0,1.0,2
2190,3,other_build|fail|fail,True,True,1125899906842623|1,A|B,inconsistent,pending,False,4.569029158653223e-14,4.569029158653223e-14,2
2191,3,other_build|fail|fail,True,True,1|1,A|A,inconsistent,pending,False,1.0,0.0,1
2192,3,other_build|fail|missing,False,False,1|0,A|B,committed,pending,True,0.0,0.0,1
2193,3,other_build|fail|missing,False,False,1|1,A|B,open,pending,False,1.0,1.0,2
2194,3,other_build|fail|missing,False,False,1125899906842623|1,A|B,open,pending,False,4.569029158653223e-14,4.569029158653223e-14,2
2195,3,other_build|fail|missing,False,False,1|1,A|A,committed,pending,True,1.0,0.0,1
2196,3,other_build|fail|missing,False,True,1|0,A|B,inconsistent,pending,False,0.0,0.0,1
2197,3,other_build|fail|missing,False,True,1|1,A|B,inconsistent,pending,False,1.0,1.0,2
2198,3,other_build|fail|missing,False,True,1125899906842623|1,A|B,inconsistent,pending,False,4.569029158653223e-14,4.569029158653223e-14,2
2199,3,other_build|fail|missing,False,True,1|1,A|A,inconsistent,pending,False,1.0,0.0,1
2200,3,other_build|fail|missing,True,False,1|0,A|B,committed,pending,True,0.0,0.0,1
2201,3,other_build|fail|missing,True,False,1|1,A|B,open,pending,False,1.0,1.0,2
2202,3,other_build|fail|missing,True,False,1125899906842623|1,A|B,open,pending,False,4.569029158653223e-14,4.569029158653223e-14,2
2203,3,other_build|fail|missing,True,False,1|1,A|A,committed,pending,True,1.0,0.0,1
2204,3,other_build|fail|missing,True,True,1|0,A|B,inconsistent,pending,False,0.0,0.0,1
2205,3,other_build|fail|missing,True,True,1|1,A|B,inconsistent,pending,False,1.0,1.0,2
2206,3,other_build|fail|missing,True,True,1125899906842623|1,A|B,inconsistent,pending,False,4.569029158653223e-14,4.569029158653223e-14,2
2207,3,other_build|fail|missing,True,True,1|1,A|A,inconsistent,pending,False,1.0,0.0,1
2208,3,other_build|fail|stale,False,False,1|0,A|B,committed,pending,True,0.0,0.0,1
2209,3,other_build|fail|stale,False,False,1|1,A|B,open,pending,False,1.0,1.0,2
2210,3,other_build|fail|stale,False,False,1125899906842623|1,A|B,open,pending,False,4.569029158653223e-14,4.569029158653223e-14,2
2211,3,other_build|fail|stale,False,False,1|1,A|A,committed,pending,True,1.0,0.0,1
2212,3,other_build|fail|stale,False,True,1|0,A|B,inconsistent,pending,False,0.0,0.0,1
2213,3,other_build|fail|stale,False,True,1|1,A|B,inconsistent,pending,False,1.0,1.0,2
2214,3,other_build|fail|stale,False,True,1125899906842623|1,A|B,inconsistent,pending,False,4.569029158653223e-14,4.569029158653223e-14,2
2215,3,other_build|fail|stale,False,True,1|1,A|A,inconsistent,pending,False,1.0,0.0,1
2216,3,other_build|fail|stale,True,False,1|0,A|B,committed,pending,True,0.0,0.0,1
2217,3,other_build|fail|stale,True,False,1|1,A|B,open,pending,False,1.0,1.0,2
2218,3,other_build|fail|stale,True,False,1125899906842623|1,A|B,open,pending,False,4.569029158653223e-14,4.569029158653223e-14,2
2219,3,other_build|fail|stale,True,False,1|1,A|A,committed,pending,True,1.0,0.0,1
2220,3,other_build|fail|stale,True,True,1|0,A|B,inconsistent,pending,False,0.0,0.0,1
2221,3,other_build|fail|stale,True,True,1|1,A|B,inconsistent,pending,False,1.0,1.0,2
2222,3,other_build|fail|stale,True,True,1125899906842623|1,A|B,inconsistent,pending,False,4.569029158653223e-14,4.569029158653223e-14,2
2223,3,other_build|fail|stale,True,True,1|1,A|A,inconsistent,pending,False,1.0,0.0,1
2224,3,other_build|fail|other_build,False,False,1|0,A|B,committed,pending,True,0.0,0.0,1
2225,3,other_build|fail|other_build,False,False,1|1,A|B,open,pending,False,1.0,1.0,2
2226,3,other_build|fail|other_build,False,False,1125899906842623|1,A|B,open,pending,False,4.569029158653223e-14,4.569029158653223e-14,2
2227,3,other_build|fail|other_build,False,False,1|1,A|A,committed,pending,True,1.0,0.0,1
2228,3,other_build|fail|other_build,False,True,1|0,A|B,inconsistent,pending,False,0.0,0.0,1
2229,3,other_build|fail|other_build,False,True,1|1,A|B,inconsistent,pending,False,1.0,1.0,2
2230,3,other_build|fail|other_build,False,True,1125899906842623|1,A|B,inconsistent,pending,False,4.569029158653223e-14,4.569029158653223e-14,2
2231,3,other_build|fail|other_build,False,True,1|1,A|A,inconsistent,pending,False,1.0,0.0,1
2232,3,other_build|fail|other_build,True,False,1|0,A|B,committed,pending,True,0.0,0.0,1
2233,3,other_build|fail|other_build,True,False,1|1,A|B,open,pending,False,1.0,1.0,2
2234,3,other_build|fail|other_build,True,False,1125899906842623|1,A|B,open,pending,False,4.569029158653223e-14,4.569029158653223e-14,2
2235,3,other_build|fail|other_build,True,False,1|1,A|A,committed,pending,True,1.0,0.0,1
2236,3,other_build|fail|other_build,True,True,1|0,A|B,inconsistent,pending,False,0.0,0.0,1
2237,3,other_build|fail|other_build,True,True,1|1,A|B,inconsistent,pending,False,1.0,1.0,2
2238,3,other_build|fail|other_build,True,True,1125899906842623|1,A|B,inconsistent,pending,False,4.569029158653223e-14,4.569029158653223e-14,2
2239,3,other_build|fail|other_build,True,True,1|1,A|A,inconsistent,pending,False,1.0,0.0,1
2240,3,other_build|missing|pass,False,False,1|0,A|B,committed,pending,True,0.0,0.0,1
2241,3,other_build|missing|pass,False,False,1|1,A|B,open,pending,False,1.0,1.0,2
2242,3,other_build|missing|pass,False,False,1125899906842623|1,A|B,open,pending,False,4.569029158653223e-14,4.569029158653223e-14,2
2243,3,other_build|missing|pass,False,False,1|1,A|A,committed,pending,True,1.0,0.0,1
2244,3,other_build|missing|pass,False,True,1|0,A|B,inconsistent,pending,False,0.0,0.0,1
2245,3,other_build|missing|pass,False,True,1|1,A|B,inconsistent,pending,False,1.0,1.0,2
2246,3,other_build|missing|pass,False,True,1125899906842623|1,A|B,inconsistent,pending,False,4.569029158653223e-14,4.569029158653223e-14,2
2247,3,other_build|missing|pass,False,True,1|1,A|A,inconsistent,pending,False,1.0,0.0,1
2248,3,other_build|missing|pass,True,False,1|0,A|B,committed,pending,True,0.0,0.0,1
2249,3,other_build|missing|pass,True,False,1|1,A|B,open,pending,False,1.0,1.0,2
2250,3,other_build|missing|pass,True,False,1125899906842623|1,A|B,open,pending,False,4.569029158653223e-14,4.569029158653223e-14,2
2251,3,other_build|missing|pass,True,False,1|1,A|A,committed,pending,True,1.0,0.0,1
2252,3,other_build|missing|pass,True,True,1|0,A|B,inconsistent,pending,False,0.0,0.0,1
2253,3,other_build|missing|pass,True,True,1|1,A|B,inconsistent,pending,False,1.0,1.0,2
2254,3,other_build|missing|pass,True,True,1125899906842623|1,A|B,inconsistent,pending,False,4.569029158653223e-14,4.569029158653223e-14,2
2255,3,other_build|missing|pass,True,True,1|1,A|A,inconsistent,pending,False,1.0,0.0,1
2256,3,other_build|missing|fail,False,False,1|0,A|B,committed,pending,True,0.0,0.0,1
2257,3,other_build|missing|fail,False,False,1|1,A|B,open,pending,False,1.0,1.0,2
2258,3,other_build|missing|fail,False,False,1125899906842623|1,A|B,open,pending,False,4.569029158653223e-14,4.569029158653223e-14,2
2259,3,other_build|missing|fail,False,False,1|1,A|A,committed,pending,True,1.0,0.0,1
2260,3,other_build|missing|fail,False,True,1|0,A|B,inconsistent,pending,False,0.0,0.0,1
2261,3,other_build|missing|fail,False,True,1|1,A|B,inconsistent,pending,False,1.0,1.0,2
2262,3,other_build|missing|fail,False,True,1125899906842623|1,A|B,inconsistent,pending,False,4.569029158653223e-14,4.569029158653223e-14,2
2263,3,other_build|missing|fail,False,True,1|1,A|A,inconsistent,pending,False,1.0,0.0,1
2264,3,other_build|missing|fail,True,False,1|0,A|B,committed,pending,True,0.0,0.0,1
2265,3,other_build|missing|fail,True,False,1|1,A|B,open,pending,False,1.0,1.0,2
2266,3,other_build|missing|fail,True,False,1125899906842623|1,A|B,open,pending,False,4.569029158653223e-14,4.569029158653223e-14,2
2267,3,other_build|missing|fail,True,False,1|1,A|A,committed,pending,True,1.0,0.0,1
2268,3,other_build|missing|fail,True,True,1|0,A|B,inconsistent,pending,False,0.0,0.0,1
2269,3,other_build|missing|fail,True,True,1|1,A|B,inconsistent,pending,False,1.0,1.0,2
2270,3,other_build|missing|fail,True,True,1125899906842623|1,A|B,inconsistent,pending,False,4.569029158653223e-14,4.569029158653223e-14,2
2271,3,other_build|missing|fail,True,True,1|1,A|A,inconsistent,pending,False,1.0,0.0,1
2272,3,other_build|missing|missing,False,False,1|0,A|B,committed,pending,True,0.0,0.0,1
2273,3,other_build|missing|missing,False,False,1|1,A|B,open,pending,False,1.0,1.0,2
2274,3,other_build|missing|missing,False,False,1125899906842623|1,A|B,open,pending,False,4.569029158653223e-14,4.569029158653223e-14,2
2275,3,other_build|missing|missing,False,False,1|1,A|A,committed,pending,True,1.0,0.0,1
2276,3,other_build|missing|missing,False,True,1|0,A|B,inconsistent,pending,False,0.0,0.0,1
2277,3,other_build|missing|missing,False,True,1|1,A|B,inconsistent,pending,False,1.0,1.0,2
2278,3,other_build|missing|missing,False,True,1125899906842623|1,A|B,inconsistent,pending,False,4.569029158653223e-14,4.569029158653223e-14,2
2279,3,other_build|missing|missing,False,True,1|1,A|A,inconsistent,pending,False,1.0,0.0,1
2280,3,other_build|missing|missing,True,False,1|0,A|B,committed,pending,True,0.0,0.0,1
2281,3,other_build|missing|missing,True,False,1|1,A|B,open,pending,False,1.0,1.0,2
2282,3,other_build|missing|missing,True,False,1125899906842623|1,A|B,open,pending,False,4.569029158653223e-14,4.569029158653223e-14,2
2283,3,other_build|missing|missing,True,False,1|1,A|A,committed,pending,True,1.0,0.0,1
2284,3,other_build|missing|missing,True,True,1|0,A|B,inconsistent,pending,False,0.0,0.0,1
2285,3,other_build|missing|missing,True,True,1|1,A|B,inconsistent,pending,False,1.0,1.0,2
2286,3,other_build|missing|missing,True,True,1125899906842623|1,A|B,inconsistent,pending,False,4.569029158653223e-14,4.569029158653223e-14,2
2287,3,other_build|missing|missing,True,True,1|1,A|A,inconsistent,pending,False,1.0,0.0,1
2288,3,other_build|missing|stale,False,False,1|0,A|B,committed,pending,True,0.0,0.0,1
2289,3,other_build|missing|stale,False,False,1|1,A|B,open,pending,False,1.0,1.0,2
2290,3,other_build|missing|stale,False,False,1125899906842623|1,A|B,open,pending,False,4.569029158653223e-14,4.569029158653223e-14,2
2291,3,other_build|missing|stale,False,False,1|1,A|A,committed,pending,True,1.0,0.0,1
2292,3,other_build|missing|stale,False,True,1|0,A|B,inconsistent,pending,False,0.0,0.0,1
2293,3,other_build|missing|stale,False,True,1|1,A|B,inconsistent,pending,False,1.0,1.0,2
2294,3,other_build|missing|stale,False,True,1125899906842623|1,A|B,inconsistent,pending,False,4.569029158653223e-14,4.569029158653223e-14,2
2295,3,other_build|missing|stale,False,True,1|1,A|A,inconsistent,pending,False,1.0,0.0,1
2296,3,other_build|missing|stale,True,False,1|0,A|B,committed,pending,True,0.0,0.0,1
2297,3,other_build|missing|stale,True,False,1|1,A|B,open,pending,False,1.0,1.0,2
2298,3,other_build|missing|stale,True,False,1125899906842623|1,A|B,open,pending,False,4.569029158653223e-14,4.569029158653223e-14,2
2299,3,other_build|missing|stale,True,False,1|1,A|A,committed,pending,True,1.0,0.0,1
2300,3,other_build|missing|stale,True,True,1|0,A|B,inconsistent,pending,False,0.0,0.0,1
2301,3,other_build|missing|stale,True,True,1|1,A|B,inconsistent,pending,False,1.0,1.0,2
2302,3,other_build|missing|stale,True,True,1125899906842623|1,A|B,inconsistent,pending,False,4.569029158653223e-14,4.569029158653223e-14,2
2303,3,other_build|missing|stale,True,True,1|1,A|A,inconsistent,pending,False,1.0,0.0,1
2304,3,other_build|missing|other_build,False,False,1|0,A|B,committed,pending,True,0.0,0.0,1
2305,3,other_build|missing|other_build,False,False,1|1,A|B,open,pending,False,1.0,1.0,2
2306,3,other_build|missing|other_build,False,False,1125899906842623|1,A|B,open,pending,False,4.569029158653223e-14,4.569029158653223e-14,2
2307,3,other_build|missing|other_build,False,False,1|1,A|A,committed,pending,True,1.0,0.0,1
2308,3,other_build|missing|other_build,False,True,1|0,A|B,inconsistent,pending,False,0.0,0.0,1
2309,3,other_build|missing|other_build,False,True,1|1,A|B,inconsistent,pending,False,1.0,1.0,2
2310,3,other_build|missing|other_build,False,True,1125899906842623|1,A|B,inconsistent,pending,False,4.569029158653223e-14,4.569029158653223e-14,2
2311,3,other_build|missing|other_build,False,True,1|1,A|A,inconsistent,pending,False,1.0,0.0,1
2312,3,other_build|missing|other_build,True,False,1|0,A|B,committed,pending,True,0.0,0.0,1
2313,3,other_build|missing|other_build,True,False,1|1,A|B,open,pending,False,1.0,1.0,2
2314,3,other_build|missing|other_build,True,False,1125899906842623|1,A|B,open,pending,False,4.569029158653223e-14,4.569029158653223e-14,2
2315,3,other_build|missing|other_build,True,False,1|1,A|A,committed,pending,True,1.0,0.0,1
2316,3,other_build|missing|other_build,True,True,1|0,A|B,inconsistent,pending,False,0.0,0.0,1
2317,3,other_build|missing|other_build,True,True,1|1,A|B,inconsistent,pending,False,1.0,1.0,2
2318,3,other_build|missing|other_build,True,True,1125899906842623|1,A|B,inconsistent,pending,False,4.569029158653223e-14,4.569029158653223e-14,2
2319,3,other_build|missing|other_build,True,True,1|1,A|A,inconsistent,pending,False,1.0,0.0,1
2320,3,other_build|stale|pass,False,False,1|0,A|B,committed,pending,True,0.0,0.0,1
2321,3,other_build|stale|pass,False,False,1|1,A|B,open,pending,False,1.0,1.0,2
2322,3,other_build|stale|pass,False,False,1125899906842623|1,A|B,open,pending,False,4.569029158653223e-14,4.569029158653223e-14,2
2323,3,other_build|stale|pass,False,False,1|1,A|A,committed,pending,True,1.0,0.0,1
2324,3,other_build|stale|pass,False,True,1|0,A|B,inconsistent,pending,False,0.0,0.0,1
2325,3,other_build|stale|pass,False,True,1|1,A|B,inconsistent,pending,False,1.0,1.0,2
2326,3,other_build|stale|pass,False,True,1125899906842623|1,A|B,inconsistent,pending,False,4.569029158653223e-14,4.569029158653223e-14,2
2327,3,other_build|stale|pass,False,True,1|1,A|A,inconsistent,pending,False,1.0,0.0,1
2328,3,other_build|stale|pass,True,False,1|0,A|B,committed,pending,True,0.0,0.0,1
2329,3,other_build|stale|pass,True,False,1|1,A|B,open,pending,False,1.0,1.0,2
2330,3,other_build|stale|pass,True,False,1125899906842623|1,A|B,open,pending,False,4.569029158653223e-14,4.569029158653223e-14,2
2331,3,other_build|stale|pass,True,False,1|1,A|A,committed,pending,True,1.0,0.0,1
2332,3,other_build|stale|pass,True,True,1|0,A|B,inconsistent,pending,False,0.0,0.0,1
2333,3,other_build|stale|pass,True,True,1|1,A|B,inconsistent,pending,False,1.0,1.0,2
2334,3,other_build|stale|pass,True,True,1125899906842623|1,A|B,inconsistent,pending,False,4.569029158653223e-14,4.569029158653223e-14,2
2335,3,other_build|stale|pass,True,True,1|1,A|A,inconsistent,pending,False,1.0,0.0,1
2336,3,other_build|stale|fail,False,False,1|0,A|B,committed,pending,True,0.0,0.0,1
2337,3,other_build|stale|fail,False,False,1|1,A|B,open,pending,False,1.0,1.0,2
2338,3,other_build|stale|fail,False,False,1125899906842623|1,A|B,open,pending,False,4.569029158653223e-14,4.569029158653223e-14,2
2339,3,other_build|stale|fail,False,False,1|1,A|A,committed,pending,True,1.0,0.0,1
2340,3,other_build|stale|fail,False,True,1|0,A|B,inconsistent,pending,False,0.0,0.0,1
2341,3,other_build|stale|fail,False,True,1|1,A|B,inconsistent,pending,False,1.0,1.0,2
2342,3,other_build|stale|fail,False,True,1125899906842623|1,A|B,inconsistent,pending,False,4.569029158653223e-14,4.569029158653223e-14,2
2343,3,other_build|stale|fail,False,True,1|1,A|A,inconsistent,pending,False,1.0,0.0,1
2344,3,other_build|stale|fail,True,False,1|0,A|B,committed,pending,True,0.0,0.0,1
2345,3,other_build|stale|fail,True,False,1|1,A|B,open,pending,False,1.0,1.0,2
2346,3,other_build|stale|fail,True,False,1125899906842623|1,A|B,open,pending,False,4.569029158653223e-14,4.569029158653223e-14,2
2347,3,other_build|stale|fail,True,False,1|1,A|A,committed,pending,True,1.0,0.0,1
2348,3,other_build|stale|fail,True,True,1|0,A|B,inconsistent,pending,False,0.0,0.0,1
2349,3,other_build|stale|fail,True,True,1|1,A|B,inconsistent,pending,False,1.0,1.0,2
2350,3,other_build|stale|fail,True,True,1125899906842623|1,A|B,inconsistent,pending,False,4.569029158653223e-14,4.569029158653223e-14,2
2351,3,other_build|stale|fail,True,True,1|1,A|A,inconsistent,pending,False,1.0,0.0,1
2352,3,other_build|stale|missing,False,False,1|0,A|B,committed,pending,True,0.0,0.0,1
2353,3,other_build|stale|missing,False,False,1|1,A|B,open,pending,False,1.0,1.0,2
2354,3,other_build|stale|missing,False,False,1125899906842623|1,A|B,open,pending,False,4.569029158653223e-14,4.569029158653223e-14,2
2355,3,other_build|stale|missing,False,False,1|1,A|A,committed,pending,True,1.0,0.0,1
2356,3,other_build|stale|missing,False,True,1|0,A|B,inconsistent,pending,False,0.0,0.0,1
2357,3,other_build|stale|missing,False,True,1|1,A|B,inconsistent,pending,False,1.0,1.0,2
2358,3,other_build|stale|missing,False,True,1125899906842623|1,A|B,inconsistent,pending,False,4.569029158653223e-14,4.569029158653223e-14,2
2359,3,other_build|stale|missing,False,True,1|1,A|A,inconsistent,pending,False,1.0,0.0,1
2360,3,other_build|stale|missing,True,False,1|0,A|B,committed,pending,True,0.0,0.0,1
2361,3,other_build|stale|missing,True,False,1|1,A|B,open,pending,False,1.0,1.0,2
2362,3,other_build|stale|missing,True,False,1125899906842623|1,A|B,open,pending,False,4.569029158653223e-14,4.569029158653223e-14,2
2363,3,other_build|stale|missing,True,False,1|1,A|A,committed,pending,True,1.0,0.0,1
2364,3,other_build|stale|missing,True,True,1|0,A|B,inconsistent,pending,False,0.0,0.0,1
2365,3,other_build|stale|missing,True,True,1|1,A|B,inconsistent,pending,False,1.0,1.0,2
2366,3,other_build|stale|missing,True,True,1125899906842623|1,A|B,inconsistent,pending,False,4.569029158653223e-14,4.569029158653223e-14,2
2367,3,other_build|stale|missing,True,True,1|1,A|A,inconsistent,pending,False,1.0,0.0,1
2368,3,other_build|stale|stale,False,False,1|0,A|B,committed,pending,True,0.0,0.0,1
2369,3,other_build|stale|stale,False,False,1|1,A|B,open,pending,False,1.0,1.0,2
2370,3,other_build|stale|stale,False,False,1125899906842623|1,A|B,open,pending,False,4.569029158653223e-14,4.569029158653223e-14,2
2371,3,other_build|stale|stale,False,False,1|1,A|A,committed,pending,True,1.0,0.0,1
2372,3,other_build|stale|stale,False,True,1|0,A|B,inconsistent,pending,False,0.0,0.0,1
2373,3,other_build|stale|stale,False,True,1|1,A|B,inconsistent,pending,False,1.0,1.0,2
2374,3,other_build|stale|stale,False,True,1125899906842623|1,A|B,inconsistent,pending,False,4.569029158653223e-14,4.569029158653223e-14,2
2375,3,other_build|stale|stale,False,True,1|1,A|A,inconsistent,pending,False,1.0,0.0,1
2376,3,other_build|stale|stale,True,False,1|0,A|B,committed,pending,True,0.0,0.0,1
2377,3,other_build|stale|stale,True,False,1|1,A|B,open,pending,False,1.0,1.0,2
2378,3,other_build|stale|stale,True,False,1125899906842623|1,A|B,open,pending,False,4.569029158653223e-14,4.569029158653223e-14,2
2379,3,other_build|stale|stale,True,False,1|1,A|A,committed,pending,True,1.0,0.0,1
2380,3,other_build|stale|stale,True,True,1|0,A|B,inconsistent,pending,False,0.0,0.0,1
2381,3,other_build|stale|stale,True,True,1|1,A|B,inconsistent,pending,False,1.0,1.0,2
2382,3,other_build|stale|stale,True,True,1125899906842623|1,A|B,inconsistent,pending,False,4.569029158653223e-14,4.569029158653223e-14,2
2383,3,other_build|stale|stale,True,True,1|1,A|A,inconsistent,pending,False,1.0,0.0,1
2384,3,other_build|stale|other_build,False,False,1|0,A|B,committed,pending,True,0.0,0.0,1
2385,3,other_build|stale|other_build,False,False,1|1,A|B,open,pending,False,1.0,1.0,2
2386,3,other_build|stale|other_build,False,False,1125899906842623|1,A|B,open,pending,False,4.569029158653223e-14,4.569029158653223e-14,2
2387,3,other_build|stale|other_build,False,False,1|1,A|A,committed,pending,True,1.0,0.0,1
2388,3,other_build|stale|other_build,False,True,1|0,A|B,inconsistent,pending,False,0.0,0.0,1
2389,3,other_build|stale|other_build,False,True,1|1,A|B,inconsistent,pending,False,1.0,1.0,2
2390,3,other_build|stale|other_build,False,True,1125899906842623|1,A|B,inconsistent,pending,False,4.569029158653223e-14,4.569029158653223e-14,2
2391,3,other_build|stale|other_build,False,True,1|1,A|A,inconsistent,pending,False,1.0,0.0,1
2392,3,other_build|stale|other_build,True,False,1|0,A|B,committed,pending,True,0.0,0.0,1
2393,3,other_build|stale|other_build,True,False,1|1,A|B,open,pending,False,1.0,1.0,2
2394,3,other_build|stale|other_build,True,False,1125899906842623|1,A|B,open,pending,False,4.569029158653223e-14,4.569029158653223e-14,2
2395,3,other_build|stale|other_build,True,False,1|1,A|A,committed,pending,True,1.0,0.0,1
2396,3,other_build|stale|other_build,True,True,1|0,A|B,inconsistent,pending,False,0.0,0.0,1
2397,3,other_build|stale|other_build,True,True,1|1,A|B,inconsistent,pending,False,1.0,1.0,2
2398,3,other_build|stale|other_build,True,True,1125899906842623|1,A|B,inconsistent,pending,False,4.569029158653223e-14,4.569029158653223e-14,2
2399,3,other_build|stale|other_build,True,True,1|1,A|A,inconsistent,pending,False,1.0,0.0,1
2400,3,other_build|other_build|pass,False,False,1|0,A|B,committed,pending,True,0.0,0.0,1
2401,3,other_build|other_build|pass,False,False,1|1,A|B,open,pending,False,1.0,1.0,2
2402,3,other_build|other_build|pass,False,False,1125899906842623|1,A|B,open,pending,False,4.569029158653223e-14,4.569029158653223e-14,2
2403,3,other_build|other_build|pass,False,False,1|1,A|A,committed,pending,True,1.0,0.0,1
2404,3,other_build|other_build|pass,False,True,1|0,A|B,inconsistent,pending,False,0.0,0.0,1
2405,3,other_build|other_build|pass,False,True,1|1,A|B,inconsistent,pending,False,1.0,1.0,2
2406,3,other_build|other_build|pass,False,True,1125899906842623|1,A|B,inconsistent,pending,False,4.569029158653223e-14,4.569029158653223e-14,2
2407,3,other_build|other_build|pass,False,True,1|1,A|A,inconsistent,pending,False,1.0,0.0,1
2408,3,other_build|other_build|pass,True,False,1|0,A|B,committed,pending,True,0.0,0.0,1
2409,3,other_build|other_build|pass,True,False,1|1,A|B,open,pending,False,1.0,1.0,2
2410,3,other_build|other_build|pass,True,False,1125899906842623|1,A|B,open,pending,False,4.569029158653223e-14,4.569029158653223e-14,2
2411,3,other_build|other_build|pass,True,False,1|1,A|A,committed,pending,True,1.0,0.0,1
2412,3,other_build|other_build|pass,True,True,1|0,A|B,inconsistent,pending,False,0.0,0.0,1
2413,3,other_build|other_build|pass,True,True,1|1,A|B,inconsistent,pending,False,1.0,1.0,2
2414,3,other_build|other_build|pass,True,True,1125899906842623|1,A|B,inconsistent,pending,False,4.569029158653223e-14,4.569029158653223e-14,2
2415,3,other_build|other_build|pass,True,True,1|1,A|A,inconsistent,pending,False,1.0,0.0,1
2416,3,other_build|other_build|fail,False,False,1|0,A|B,committed,pending,True,0.0,0.0,1
2417,3,other_build|other_build|fail,False,False,1|1,A|B,open,pending,False,1.0,1.0,2
2418,3,other_build|other_build|fail,False,False,1125899906842623|1,A|B,open,pending,False,4.569029158653223e-14,4.569029158653223e-14,2
2419,3,other_build|other_build|fail,False,False,1|1,A|A,committed,pending,True,1.0,0.0,1
2420,3,other_build|other_build|fail,False,True,1|0,A|B,inconsistent,pending,False,0.0,0.0,1
2421,3,other_build|other_build|fail,False,True,1|1,A|B,inconsistent,pending,False,1.0,1.0,2
2422,3,other_build|other_build|fail,False,True,1125899906842623|1,A|B,inconsistent,pending,False,4.569029158653223e-14,4.569029158653223e-14,2
2423,3,other_build|other_build|fail,False,True,1|1,A|A,inconsistent,pending,False,1.0,0.0,1
2424,3,other_build|other_build|fail,True,False,1|0,A|B,committed,pending,True,0.0,0.0,1
2425,3,other_build|other_build|fail,True,False,1|1,A|B,open,pending,False,1.0,1.0,2
2426,3,other_build|other_build|fail,True,False,1125899906842623|1,A|B,open,pending,False,4.569029158653223e-14,4.569029158653223e-14,2
2427,3,other_build|other_build|fail,True,False,1|1,A|A,committed,pending,True,1.0,0.0,1
2428,3,other_build|other_build|fail,True,True,1|0,A|B,inconsistent,pending,False,0.0,0.0,1
2429,3,other_build|other_build|fail,True,True,1|1,A|B,inconsistent,pending,False,1.0,1.0,2
2430,3,other_build|other_build|fail,True,True,1125899906842623|1,A|B,inconsistent,pending,False,4.569029158653223e-14,4.569029158653223e-14,2
2431,3,other_build|other_build|fail,True,True,1|1,A|A,inconsistent,pending,False,1.0,0.0,1
2432,3,other_build|other_build|missing,False,False,1|0,A|B,committed,pending,True,0.0,0.0,1
2433,3,other_build|other_build|missing,False,False,1|1,A|B,open,pending,False,1.0,1.0,2
2434,3,other_build|other_build|missing,False,False,1125899906842623|1,A|B,open,pending,False,4.569029158653223e-14,4.569029158653223e-14,2
2435,3,other_build|other_build|missing,False,False,1|1,A|A,committed,pending,True,1.0,0.0,1
2436,3,other_build|other_build|missing,False,True,1|0,A|B,inconsistent,pending,False,0.0,0.0,1
2437,3,other_build|other_build|missing,False,True,1|1,A|B,inconsistent,pending,False,1.0,1.0,2
2438,3,other_build|other_build|missing,False,True,1125899906842623|1,A|B,inconsistent,pending,False,4.569029158653223e-14,4.569029158653223e-14,2
2439,3,other_build|other_build|missing,False,True,1|1,A|A,inconsistent,pending,False,1.0,0.0,1
2440,3,other_build|other_build|missing,True,False,1|0,A|B,committed,pending,True,0.0,0.0,1
2441,3,other_build|other_build|missing,True,False,1|1,A|B,open,pending,False,1.0,1.0,2
2442,3,other_build|other_build|missing,True,False,1125899906842623|1,A|B,open,pending,False,4.569029158653223e-14,4.569029158653223e-14,2
2443,3,other_build|other_build|missing,True,False,1|1,A|A,committed,pending,True,1.0,0.0,1
2444,3,other_build|other_build|missing,True,True,1|0,A|B,inconsistent,pending,False,0.0,0.0,1
2445,3,other_build|other_build|missing,True,True,1|1,A|B,inconsistent,pending,False,1.0,1.0,2
2446,3,other_build|other_build|missing,True,True,1125899906842623|1,A|B,inconsistent,pending,False,4.569029158653223e-14,4.569029158653223e-14,2
2447,3,other_build|other_build|missing,True,True,1|1,A|A,inconsistent,pending,False,1.0,0.0,1
2448,3,other_build|other_build|stale,False,False,1|0,A|B,committed,pending,True,0.0,0.0,1
2449,3,other_build|other_build|stale,False,False,1|1,A|B,open,pending,False,1.0,1.0,2
2450,3,other_build|other_build|stale,False,False,1125899906842623|1,A|B,open,pending,False,4.569029158653223e-14,4.569029158653223e-14,2
2451,3,other_build|other_build|stale,False,False,1|1,A|A,committed,pending,True,1.0,0.0,1
2452,3,other_build|other_build|stale,False,True,1|0,A|B,inconsistent,pending,False,0.0,0.0,1
2453,3,other_build|other_build|stale,False,True,1|1,A|B,inconsistent,pending,False,1.0,1.0,2
2454,3,other_build|other_build|stale,False,True,1125899906842623|1,A|B,inconsistent,pending,False,4.569029158653223e-14,4.569029158653223e-14,2
2455,3,other_build|other_build|stale,False,True,1|1,A|A,inconsistent,pending,False,1.0,0.0,1
2456,3,other_build|other_build|stale,True,False,1|0,A|B,committed,pending,True,0.0,0.0,1
2457,3,other_build|other_build|stale,True,False,1|1,A|B,open,pending,False,1.0,1.0,2
2458,3,other_build|other_build|stale,True,False,1125899906842623|1,A|B,open,pending,False,4.569029158653223e-14,4.569029158653223e-14,2
2459,3,other_build|other_build|stale,True,False,1|1,A|A,committed,pending,True,1.0,0.0,1
2460,3,other_build|other_build|stale,True,True,1|0,A|B,inconsistent,pending,False,0.0,0.0,1
2461,3,other_build|other_build|stale,True,True,1|1,A|B,inconsistent,pending,False,1.0,1.0,2
2462,3,other_build|other_build|stale,True,True,1125899906842623|1,A|B,inconsistent,pending,False,4.569029158653223e-14,4.569029158653223e-14,2
2463,3,other_build|other_build|stale,True,True,1|1,A|A,inconsistent,pending,False,1.0,0.0,1
2464,3,other_build|other_build|other_build,False,False,1|0,A|B,committed,pending,True,0.0,0.0,1
2465,3,other_build|other_build|other_build,False,False,1|1,A|B,open,pending,False,1.0,1.0,2
2466,3,other_build|other_build|other_build,False,False,1125899906842623|1,A|B,open,pending,False,4.569029158653223e-14,4.569029158653223e-14,2
2467,3,other_build|other_build|other_build,False,False,1|1,A|A,committed,pending,True,1.0,0.0,1
2468,3,other_build|other_build|other_build,False,True,1|0,A|B,inconsistent,pending,False,0.0,0.0,1
2469,3,other_build|other_build|other_build,False,True,1|1,A|B,inconsistent,pending,False,1.0,1.0,2
2470,3,other_build|other_build|other_build,False,True,1125899906842623|1,A|B,inconsistent,pending,False,4.569029158653223e-14,4.569029158653223e-14,2
2471,3,other_build|other_build|other_build,False,True,1|1,A|A,inconsistent,pending,False,1.0,0.0,1
2472,3,other_build|other_build|other_build,True,False,1|0,A|B,committed,pending,True,0.0,0.0,1
2473,3,other_build|other_build|other_build,True,False,1|1,A|B,open,pending,False,1.0,1.0,2
2474,3,other_build|other_build|other_build,True,False,1125899906842623|1,A|B,open,pending,False,4.569029158653223e-14,4.569029158653223e-14,2
2475,3,other_build|other_build|other_build,True,False,1|1,A|A,committed,pending,True,1.0,0.0,1
2476,3,other_build|other_build|other_build,True,True,1|0,A|B,inconsistent,pending,False,0.0,0.0,1
2477,3,other_build|other_build|other_build,True,True,1|1,A|B,inconsistent,pending,False,1.0,1.0,2
2478,3,other_build|other_build|other_build,True,True,1125899906842623|1,A|B,inconsistent,pending,False,4.569029158653223e-14,4.569029158653223e-14,2
2479,3,other_build|other_build|other_build,True,True,1|1,A|A,inconsistent,pending,False,1.0,0.0,1
