path,bytes,sha256,category
.gitattributes,88,8aaf025e04af19be3bef610edc5a506ec05e3122694963580a86be7bb404590c,Repository documentation and reproduction tools
.gitignore,533,922ead295fdbce83fa9d4451b8298f98218ea4281bdd078bd8b7254fe193667d,Repository documentation and reproduction tools
README.md,9770,738e03327e48294bd696833d31befdfa2a0923ae70546dad592b4095c80779a1,Repository documentation and reproduction tools
THIRD_PARTY_NOTICES.md,1373,52bce2ad942ea586394cbc05d048f88770e09d820e844b0effcbd2788add9b88,Repository documentation and reproduction tools
docs/AI_DISCLOSURE.md,819,fb9babd5014544bc3a07b5917f99d9a6d9e2580f417979e32ce9a4721ddfabc8,Repository documentation and reproduction tools
docs/PROJECTS.md,3217,3ae0d45584a830a965d8aac84dace25b6b26f3a27230ec98e9bf15b37f793436,Repository documentation and reproduction tools
docs/PROVENANCE.md,2369,d7693f39157fa1ecab7e566b3ffa7284c145bc7e85626d699600a98dd8da422b,Repository documentation and reproduction tools
docs/REPRODUCIBILITY.md,4696,fee37e79e2725bad530ebe992df5d61f4e621096af74f51298bb6832cdef69f8,Repository documentation and reproduction tools
entropy/01_semantic_interpretation/README.md,879,0155258d62357b8f7686b41bab3360c61799206cca965cf8a29254506d80ab4f,Repository documentation and reproduction tools
entropy/01_semantic_interpretation/fret-project.json,37301,666f1cba2e5168648cd5fc90db7b84a903ce917137235e0d08c1005e892a0223,Repository documentation and reproduction tools
entropy/01_semantic_interpretation/index.html,43986,edf3f18df4d1e5adaaff57191be9070b4c418b751aeba8cbd37fe789cd9c4605,Repository documentation and reproduction tools
entropy/01_semantic_interpretation/results.json,2933,84ce6e5c15fd437e5c2629ad5bcf08cd225ab95b02d54d162fbc93e26b27595a,Repository documentation and reproduction tools
entropy/01_semantic_interpretation/run.py,1550,83920f01e4fbecc72df4f256a9530e74dea64f6056802c44f8d2e26b87603a7b,Repository documentation and reproduction tools
entropy/02_behavioral_freedom/README.md,801,48dc0b734de1de98ba082769fe187a3e1f474e713b2c6f3278cb8f5f4ec0dc5b,Repository documentation and reproduction tools
entropy/02_behavioral_freedom/fret-project.json,9269,adb05ed57096c796b436c6d7477520b16a87b79627629df321e93e4d340e2b74,Repository documentation and reproduction tools
entropy/02_behavioral_freedom/index.html,43278,a798162c7445c35256192be4ae449178aed0fc42c0fcecb5bcc08abf6de924c3,Repository documentation and reproduction tools
entropy/02_behavioral_freedom/results.json,1887,2b98042a38b11c36cf59f5ffab5723be213e47b431492ec0d6ffe22fd9d3cb3f,Repository documentation and reproduction tools
entropy/02_behavioral_freedom/run.py,1958,fa5897856fdf2872ff7df0e78a3f8d7a9b4e352571a95d379666ee363910896c,Repository documentation and reproduction tools
entropy/03_active_clarification/README.md,994,a2d4ecee91d29fadcedfe85ccdace929d2c68a284b6c9589820459de4ab9e161,Repository documentation and reproduction tools
entropy/03_active_clarification/fret-project.json,36809,140044db91366a3f5d92dca1b6ec19879a07dc6c8602b8c14dfe1e8b5fb9f1bd,Repository documentation and reproduction tools
entropy/03_active_clarification/index.html,46892,04de994d95fe72ff6adbde1a1974646006833851553e6c0a15686518dbebe8b0,Repository documentation and reproduction tools
entropy/03_active_clarification/results.json,9611,2ffdf8ece82e2483f67c539eae0849ccc9df6489a68e706abfba30549105575e,Repository documentation and reproduction tools
entropy/03_active_clarification/run.py,2711,b5055d983ed7d718f51c0630804d5af4c0bc6dd023ed3db9d1fa848c98bf3419,Repository documentation and reproduction tools
entropy/README.md,10319,e6359fa6601ee5ce068353996bc9cb88c2423cfc3209a319977f8fb950505cbd,Repository documentation and reproduction tools
entropy/common.py,6108,8166b32f8e6c4792258e84f76642f1dccc1e8886004a7dd6452d5d9f37cfd268,Repository documentation and reproduction tools
entropy/compile.cjs,3029,337c3402845c49f379ed74d38fdfb487b4c30bdead3fe3d45b1bb78b6d2728e8,Repository documentation and reproduction tools
entropy/index.html,50783,88b090682df6dcf9ab2e213026d10747410516421739495946e03e7cdf62d369,Repository documentation and reproduction tools
entropy/inputs/analysis.json,2208,086b2e0d7dd3affc2cc06440f355f7b5b50f353c5ee6137846811df39ee0ea9b,Repository documentation and reproduction tools
entropy/inputs/fret-project.json,34817,1fca28a2bf2920d061f9c9a093b60c743ce045379d5171f31acc5d19f533e1d7,Repository documentation and reproduction tools
entropy/report.py,9217,bb7d0fc98c2a6936ff9ac0496a396ce894d3e2fe14d36c392bacf18d2920eccb,Repository documentation and reproduction tools
entropy/run_all.py,2737,076fca5c79e19b2b345af6de7a141183d30b6c80feb4137bc9ba205a981bde5c,Repository documentation and reproduction tools
entropy/test_entropy.py,5208,a526d95bbab65e4b52743d06c3994a76e33855d3a34e89834253e0bc0ae29d72,Repository documentation and reproduction tools
entropy/tutorial/FRET_Entropy_Class_Notes.pdf,284883,7b33239ddd1091d481eb3f634be2e2949dcba9881304291e53127fb2286eba82,Repository documentation and reproduction tools
entropy/tutorial/FRET_Entropy_Class_Notes.tex,31433,63e68d981c568610720c9b8db8d869e271c378e9dce9187b067e894bf5b50811,Repository documentation and reproduction tools
entropy/tutorial/README.md,1641,d90d2c059fc8a58fa93dde5214c75040e4e106a2992a2e2094ecd97aa7288ff3,Repository documentation and reproduction tools
entropy/tutorial/check_notes.py,3160,f6cf324c20a309d7db6374d7b501204992a5102ff19897878710664919696475,Repository documentation and reproduction tools
entropy/tutorial/notes_validation.json,812,e00359451a2f06429b00a03c1cd583cead75c06e5be5e9c889e0aa2a2ff544fe,Repository documentation and reproduction tools
entropy/validation.json,321,49cb8669b33f601c5c6aa14b744d401f144416a9cc18b7a073068d05b829ff5d,Repository documentation and reproduction tools
environment/reproduction-record.json,704,9d7120bab7df7992b363179578bc2e989e6d55c5b8a271fff166ebf8977ba57a,Repository documentation and reproduction tools
environment/upstream-provenance.json,954,e9d90fb04f999f4c84879907605dbff94097a449a515e62d64a41feaca81f5b7,Repository documentation and reproduction tools
projects/01_Door_Mechanism/DOOR-01.svg,1638,ab462dd03d847b15d30855878604bb2adfd2cb361e194fae20a4796a7f7d3b68,"Toy project specification, output, evidence or adapter"
projects/01_Door_Mechanism/DOOR-02.svg,1638,ab462dd03d847b15d30855878604bb2adfd2cb361e194fae20a4796a7f7d3b68,"Toy project specification, output, evidence or adapter"
projects/01_Door_Mechanism/DOOR-03.svg,1638,ab462dd03d847b15d30855878604bb2adfd2cb361e194fae20a4796a7f7d3b68,"Toy project specification, output, evidence or adapter"
projects/01_Door_Mechanism/DOOR-04.svg,1638,ab462dd03d847b15d30855878604bb2adfd2cb361e194fae20a4796a7f7d3b68,"Toy project specification, output, evidence or adapter"
projects/01_Door_Mechanism/DOOR-05.svg,1417,7491336e742a42fc1cee5e31a4f23b108774f9fd1d3d6f0d2bcfadffafafea2a,"Toy project specification, output, evidence or adapter"
projects/01_Door_Mechanism/DOOR-06.svg,1417,7491336e742a42fc1cee5e31a4f23b108774f9fd1d3d6f0d2bcfadffafafea2a,"Toy project specification, output, evidence or adapter"
projects/01_Door_Mechanism/DOOR-07.svg,1417,7491336e742a42fc1cee5e31a4f23b108774f9fd1d3d6f0d2bcfadffafafea2a,"Toy project specification, output, evidence or adapter"
projects/01_Door_Mechanism/DOOR-08.svg,1638,ab462dd03d847b15d30855878604bb2adfd2cb361e194fae20a4796a7f7d3b68,"Toy project specification, output, evidence or adapter"
projects/01_Door_Mechanism/README.md,4085,83268cc9166756956494c386e153898d8270aad1a438259ca10bdf5e5d61c03f,"Toy project specification, output, evidence or adapter"
projects/01_Door_Mechanism/fret-output.json,30306,a36230fe6b338fc811264c2db8769a1b3120091bd61206126ddff6ade3349494,"Toy project specification, output, evidence or adapter"
projects/01_Door_Mechanism/fret-project.json,32907,873770488fd193833a00abe7106b6f64e9f05708a2001625fe243fa0282a21c8,"Toy project specification, output, evidence or adapter"
projects/02_Steel_Truss/README.md,4921,a56311b9910394e26e15a6be030c7205fdf50b342fbdc09b8e986077d19aec9a,"Toy project specification, output, evidence or adapter"
projects/02_Steel_Truss/TRUSS-01.svg,1638,ab462dd03d847b15d30855878604bb2adfd2cb361e194fae20a4796a7f7d3b68,"Toy project specification, output, evidence or adapter"
projects/02_Steel_Truss/TRUSS-02.svg,1638,ab462dd03d847b15d30855878604bb2adfd2cb361e194fae20a4796a7f7d3b68,"Toy project specification, output, evidence or adapter"
projects/02_Steel_Truss/TRUSS-03.svg,1638,ab462dd03d847b15d30855878604bb2adfd2cb361e194fae20a4796a7f7d3b68,"Toy project specification, output, evidence or adapter"
projects/02_Steel_Truss/TRUSS-04.svg,1638,ab462dd03d847b15d30855878604bb2adfd2cb361e194fae20a4796a7f7d3b68,"Toy project specification, output, evidence or adapter"
projects/02_Steel_Truss/TRUSS-05.svg,1638,ab462dd03d847b15d30855878604bb2adfd2cb361e194fae20a4796a7f7d3b68,"Toy project specification, output, evidence or adapter"
projects/02_Steel_Truss/TRUSS-06.svg,1638,ab462dd03d847b15d30855878604bb2adfd2cb361e194fae20a4796a7f7d3b68,"Toy project specification, output, evidence or adapter"
projects/02_Steel_Truss/TRUSS-07.svg,1638,ab462dd03d847b15d30855878604bb2adfd2cb361e194fae20a4796a7f7d3b68,"Toy project specification, output, evidence or adapter"
projects/02_Steel_Truss/TRUSS-08.svg,1638,ab462dd03d847b15d30855878604bb2adfd2cb361e194fae20a4796a7f7d3b68,"Toy project specification, output, evidence or adapter"
projects/02_Steel_Truss/fret-output.json,31367,22435e0543e758b5b36dabed1bce8d6559ce25b54d55cd4ce6d8e5eb94f72e85,"Toy project specification, output, evidence or adapter"
projects/02_Steel_Truss/fret-project.json,33907,0da71848716c895eeff0ede767a8cd4a90d86ea065085ccb7d18e8161f9e90a0,"Toy project specification, output, evidence or adapter"
projects/03_Truss_Vertical_Alternative/README.md,2237,ad6698b059a37edab07c1ef3fb43f4c30d0bc3ea258032543a21f3a23ac2829b,"Toy project specification, output, evidence or adapter"
projects/03_Truss_Vertical_Alternative/TRUSS-V-05.svg,1638,ab462dd03d847b15d30855878604bb2adfd2cb361e194fae20a4796a7f7d3b68,"Toy project specification, output, evidence or adapter"
projects/03_Truss_Vertical_Alternative/fret-output.json,3730,72c826d76dfbeed37664d026abb9bc51aa48e7b4de28043ac842278d379b6e2f,"Toy project specification, output, evidence or adapter"
projects/03_Truss_Vertical_Alternative/fret-project.json,4087,76f058ff91e500d4bf639e6d191b70cf9338f3d20ba1ae54c203569f957cee56,"Toy project specification, output, evidence or adapter"
projects/04_Request_Response/README.md,1593,1eca44403ba845e6c7f9f99b2cba413fa9cfb5306eab331a5106bdd9c3a78875,"Toy project specification, output, evidence or adapter"
projects/04_Request_Response/RESP-EDGE.svg,1594,7cfee26d2093c9feb6f38ae76072fad323011bd82fda50e1ba5abd26c713f126,"Toy project specification, output, evidence or adapter"
projects/04_Request_Response/RESP-LEVEL.svg,1594,2f9e8057cd72e7aa4d1e5957d53d9b303c1f638ed324ded639e688212eca69a8,"Toy project specification, output, evidence or adapter"
projects/04_Request_Response/fret-output.json,7923,8a7548a2ed9b9eb48a739ac573f58e167a12fb12a9abcb420f601561e41ddc4d,"Toy project specification, output, evidence or adapter"
projects/04_Request_Response/fret-project.json,8613,89542831ace21d240c54121713136059ca846fff16fe79ec060d457ca521647e,"Toy project specification, output, evidence or adapter"
projects/05_HTTP_HEAD/HTTP-01.svg,1638,ab462dd03d847b15d30855878604bb2adfd2cb361e194fae20a4796a7f7d3b68,"Toy project specification, output, evidence or adapter"
projects/05_HTTP_HEAD/HTTP-02.svg,1638,ab462dd03d847b15d30855878604bb2adfd2cb361e194fae20a4796a7f7d3b68,"Toy project specification, output, evidence or adapter"
projects/05_HTTP_HEAD/README.md,1428,d25daffc01bccf58be03694bda562ac63ff41185369f8100d04a3797be014c71,"Toy project specification, output, evidence or adapter"
projects/05_HTTP_HEAD/fret-output.json,7221,c84c64c45cd67348683515939f087a3dc5e7694c57b77ab2ca518644241032ea,"Toy project specification, output, evidence or adapter"
projects/05_HTTP_HEAD/fret-project.json,7835,a65547bc2f7ece9c92cdea9b48d025ba7ffb855036d719417e7aa5206f65c31a,"Toy project specification, output, evidence or adapter"
projects/06_Door_Method_1/M1-ACCEPT.svg,1638,ab462dd03d847b15d30855878604bb2adfd2cb361e194fae20a4796a7f7d3b68,"Toy project specification, output, evidence or adapter"
projects/06_Door_Method_1/M1-FINAL.svg,1638,ab462dd03d847b15d30855878604bb2adfd2cb361e194fae20a4796a7f7d3b68,"Toy project specification, output, evidence or adapter"
projects/06_Door_Method_1/M1-L1.svg,1638,ab462dd03d847b15d30855878604bb2adfd2cb361e194fae20a4796a7f7d3b68,"Toy project specification, output, evidence or adapter"
projects/06_Door_Method_1/M1-L2.svg,1638,ab462dd03d847b15d30855878604bb2adfd2cb361e194fae20a4796a7f7d3b68,"Toy project specification, output, evidence or adapter"
projects/06_Door_Method_1/M1-L3.svg,1638,ab462dd03d847b15d30855878604bb2adfd2cb361e194fae20a4796a7f7d3b68,"Toy project specification, output, evidence or adapter"
projects/06_Door_Method_1/M1-L4.svg,1638,ab462dd03d847b15d30855878604bb2adfd2cb361e194fae20a4796a7f7d3b68,"Toy project specification, output, evidence or adapter"
projects/06_Door_Method_1/M1-L5.svg,1638,ab462dd03d847b15d30855878604bb2adfd2cb361e194fae20a4796a7f7d3b68,"Toy project specification, output, evidence or adapter"
projects/06_Door_Method_1/M1-L6.svg,1638,ab462dd03d847b15d30855878604bb2adfd2cb361e194fae20a4796a7f7d3b68,"Toy project specification, output, evidence or adapter"
projects/06_Door_Method_1/README.md,4052,62884c2e3b11f3d1c9b94e1b873a2a01d5d06539311b552cba61138288baa855,"Toy project specification, output, evidence or adapter"
projects/06_Door_Method_1/fret-output.json,33409,c3de94cdca3dda371b4751a9604d224711a276cab896ace2769c50b944883104,"Toy project specification, output, evidence or adapter"
projects/06_Door_Method_1/fret-project.json,35961,06685a16694c0d4404ce0dfb1ff4d1b38b7d54c071fc8fee3781c55b5ba9ef91,"Toy project specification, output, evidence or adapter"
projects/07_Door_Method_2/M2-ACCEPT.svg,1638,ab462dd03d847b15d30855878604bb2adfd2cb361e194fae20a4796a7f7d3b68,"Toy project specification, output, evidence or adapter"
projects/07_Door_Method_2/M2-FINAL.svg,1638,ab462dd03d847b15d30855878604bb2adfd2cb361e194fae20a4796a7f7d3b68,"Toy project specification, output, evidence or adapter"
projects/07_Door_Method_2/M2-L1.svg,1638,ab462dd03d847b15d30855878604bb2adfd2cb361e194fae20a4796a7f7d3b68,"Toy project specification, output, evidence or adapter"
projects/07_Door_Method_2/M2-L2.svg,1638,ab462dd03d847b15d30855878604bb2adfd2cb361e194fae20a4796a7f7d3b68,"Toy project specification, output, evidence or adapter"
projects/07_Door_Method_2/M2-L3.svg,1638,ab462dd03d847b15d30855878604bb2adfd2cb361e194fae20a4796a7f7d3b68,"Toy project specification, output, evidence or adapter"
projects/07_Door_Method_2/M2-L4.svg,1638,ab462dd03d847b15d30855878604bb2adfd2cb361e194fae20a4796a7f7d3b68,"Toy project specification, output, evidence or adapter"
projects/07_Door_Method_2/M2-L5.svg,1638,ab462dd03d847b15d30855878604bb2adfd2cb361e194fae20a4796a7f7d3b68,"Toy project specification, output, evidence or adapter"
projects/07_Door_Method_2/M2-L6.svg,1638,ab462dd03d847b15d30855878604bb2adfd2cb361e194fae20a4796a7f7d3b68,"Toy project specification, output, evidence or adapter"
projects/07_Door_Method_2/README.md,4049,4f53c08c9f1a9e5cc45390e5c3bea7bfdbcac45ddf14c868c5ff7ef03505fcb5,"Toy project specification, output, evidence or adapter"
projects/07_Door_Method_2/fret-output.json,33409,ea2d26bd07867d5ec4e5554da066e3cc3359b227da7ca3bd846a99d218182621,"Toy project specification, output, evidence or adapter"
projects/07_Door_Method_2/fret-project.json,35961,83186fecd84f2df8f9477450c2685a0edcecd537405d97a66569e09ca58241d1,"Toy project specification, output, evidence or adapter"
projects/08_Door_Method_3/M3-ACCEPT.svg,1638,ab462dd03d847b15d30855878604bb2adfd2cb361e194fae20a4796a7f7d3b68,"Toy project specification, output, evidence or adapter"
projects/08_Door_Method_3/M3-FINAL.svg,1638,ab462dd03d847b15d30855878604bb2adfd2cb361e194fae20a4796a7f7d3b68,"Toy project specification, output, evidence or adapter"
projects/08_Door_Method_3/M3-L1.svg,1638,ab462dd03d847b15d30855878604bb2adfd2cb361e194fae20a4796a7f7d3b68,"Toy project specification, output, evidence or adapter"
projects/08_Door_Method_3/M3-L2.svg,1638,ab462dd03d847b15d30855878604bb2adfd2cb361e194fae20a4796a7f7d3b68,"Toy project specification, output, evidence or adapter"
projects/08_Door_Method_3/M3-L3.svg,1638,ab462dd03d847b15d30855878604bb2adfd2cb361e194fae20a4796a7f7d3b68,"Toy project specification, output, evidence or adapter"
projects/08_Door_Method_3/M3-L4.svg,1638,ab462dd03d847b15d30855878604bb2adfd2cb361e194fae20a4796a7f7d3b68,"Toy project specification, output, evidence or adapter"
projects/08_Door_Method_3/M3-L5.svg,1638,ab462dd03d847b15d30855878604bb2adfd2cb361e194fae20a4796a7f7d3b68,"Toy project specification, output, evidence or adapter"
projects/08_Door_Method_3/M3-L6.svg,1638,ab462dd03d847b15d30855878604bb2adfd2cb361e194fae20a4796a7f7d3b68,"Toy project specification, output, evidence or adapter"
projects/08_Door_Method_3/README.md,4049,fc716355fef1ca955d640e1332648e70d6c8aaf35560a0fb4ffaa24d9f46eec2,"Toy project specification, output, evidence or adapter"
projects/08_Door_Method_3/fret-output.json,33409,b2b55a1f3c7e311cdf4c5f40ffe0cd7160702f8a7eb1ffaa7015b7f79be3d491,"Toy project specification, output, evidence or adapter"
projects/08_Door_Method_3/fret-project.json,35961,c77e505d4987fca44f9c7c59af797e10544d1e2639a558eb248537c2fe64b11f,"Toy project specification, output, evidence or adapter"
projects/09_Door_Method_4/M4-ACCEPT.svg,1638,ab462dd03d847b15d30855878604bb2adfd2cb361e194fae20a4796a7f7d3b68,"Toy project specification, output, evidence or adapter"
projects/09_Door_Method_4/M4-FINAL.svg,1638,ab462dd03d847b15d30855878604bb2adfd2cb361e194fae20a4796a7f7d3b68,"Toy project specification, output, evidence or adapter"
projects/09_Door_Method_4/M4-L1.svg,1638,ab462dd03d847b15d30855878604bb2adfd2cb361e194fae20a4796a7f7d3b68,"Toy project specification, output, evidence or adapter"
projects/09_Door_Method_4/M4-L2.svg,1638,ab462dd03d847b15d30855878604bb2adfd2cb361e194fae20a4796a7f7d3b68,"Toy project specification, output, evidence or adapter"
projects/09_Door_Method_4/M4-L3.svg,1638,ab462dd03d847b15d30855878604bb2adfd2cb361e194fae20a4796a7f7d3b68,"Toy project specification, output, evidence or adapter"
projects/09_Door_Method_4/M4-L4.svg,1638,ab462dd03d847b15d30855878604bb2adfd2cb361e194fae20a4796a7f7d3b68,"Toy project specification, output, evidence or adapter"
projects/09_Door_Method_4/M4-L5.svg,1638,ab462dd03d847b15d30855878604bb2adfd2cb361e194fae20a4796a7f7d3b68,"Toy project specification, output, evidence or adapter"
projects/09_Door_Method_4/M4-L6.svg,1638,ab462dd03d847b15d30855878604bb2adfd2cb361e194fae20a4796a7f7d3b68,"Toy project specification, output, evidence or adapter"
projects/09_Door_Method_4/README.md,4070,42388ace1be155ba733d33fc47f1607b0174cc4bb17925ad5146357836d84270,"Toy project specification, output, evidence or adapter"
projects/09_Door_Method_4/fret-output.json,33475,75190b94727b0186f288486f59f43d64ef77f701567db79ac90100757298740c,"Toy project specification, output, evidence or adapter"
projects/09_Door_Method_4/fret-project.json,36027,cc3b86e0cc00489d52def4c4c89fdaeac634a6622e5a228decc284ccbd1e5603,"Toy project specification, output, evidence or adapter"
projects/10_Door_Method_5/M5-ACCEPT.svg,1638,ab462dd03d847b15d30855878604bb2adfd2cb361e194fae20a4796a7f7d3b68,"Toy project specification, output, evidence or adapter"
projects/10_Door_Method_5/M5-FINAL.svg,1638,ab462dd03d847b15d30855878604bb2adfd2cb361e194fae20a4796a7f7d3b68,"Toy project specification, output, evidence or adapter"
projects/10_Door_Method_5/M5-L1.svg,1638,ab462dd03d847b15d30855878604bb2adfd2cb361e194fae20a4796a7f7d3b68,"Toy project specification, output, evidence or adapter"
projects/10_Door_Method_5/M5-L2.svg,1638,ab462dd03d847b15d30855878604bb2adfd2cb361e194fae20a4796a7f7d3b68,"Toy project specification, output, evidence or adapter"
projects/10_Door_Method_5/M5-L3.svg,1638,ab462dd03d847b15d30855878604bb2adfd2cb361e194fae20a4796a7f7d3b68,"Toy project specification, output, evidence or adapter"
projects/10_Door_Method_5/M5-L4.svg,1638,ab462dd03d847b15d30855878604bb2adfd2cb361e194fae20a4796a7f7d3b68,"Toy project specification, output, evidence or adapter"
projects/10_Door_Method_5/M5-L5.svg,1638,ab462dd03d847b15d30855878604bb2adfd2cb361e194fae20a4796a7f7d3b68,"Toy project specification, output, evidence or adapter"
projects/10_Door_Method_5/M5-L6.svg,1638,ab462dd03d847b15d30855878604bb2adfd2cb361e194fae20a4796a7f7d3b68,"Toy project specification, output, evidence or adapter"
projects/10_Door_Method_5/README.md,4058,732f76d67f3ce8f3594962cb44cd4fc48077b37ada437028f4133efe9ab4a560,"Toy project specification, output, evidence or adapter"
projects/10_Door_Method_5/fret-output.json,33409,51ef742886e46955e04da152118d79e0a2138b82b6b46e5d011d69514dfa36b1,"Toy project specification, output, evidence or adapter"
projects/10_Door_Method_5/fret-project.json,35961,80d40470e54e8302187036ef1bde69eb4193fd7b1113f88cd9028084d68fe140,"Toy project specification, output, evidence or adapter"
projects/README.md,4642,c7ff920d561a1736d22b8b4abc605f7311f25836c58396091eb076597fadb195,"Toy project specification, output, evidence or adapter"
projects/Show-Toy-Projects.cmd,543,021065b87b06b0a171b98de75966af4f2a2d1f456f5c45cce11710e8b520c0ca,"Toy project specification, output, evidence or adapter"
projects/all-projects.json,266986,1be197ac465fe9f9652ae9aa3099bdc8ef3bed071802eeb73414ad60b9805f25,"Toy project specification, output, evidence or adapter"
projects/build.cjs,16978,0fdf79bf20c69b15663efc7f551fb6b5aec29f4bc22bd855ec7a7c0708931acf,"Toy project specification, output, evidence or adapter"
projects/catalog.json,305065,c52a67123fd0f76216ecc7257f73ac7c67ceb4b57afebb3c7ba4bd2724175e8c,"Toy project specification, output, evidence or adapter"
projects/check-examples.cjs,6971,4a81f914bb3ca988244bb5830399cb2507cb9a273944dfeeaa275c5b92b419ea,"Toy project specification, output, evidence or adapter"
projects/collect-evidence.py,1583,8dbee168382decd402f5f77300fc697867970477094baac20125e1fdbe867e21,"Toy project specification, output, evidence or adapter"
projects/compilation-summary.json,1626,884093e81398bf98e14334d538a4d158e6ec75c35a8e48edda4ff8c243700f3d,"Toy project specification, output, evidence or adapter"
projects/example-results.json,95837,ea741c027b7adb6122ab3dd9715cbda9144b868aa9b1c795bda6f5db7014a750,"Toy project specification, output, evidence or adapter"
projects/http-observations.json,3240,8cb58eaa9e79b7cfecdc5b28edb401471cda030996ed04c11e38de623ac34a34,"Toy project specification, output, evidence or adapter"
projects/http-raw-responses.json,17923,21c37c6daa562ce11ac52e139a9577363bf26ed102d45156ac6d8f8f29c97a79,"Toy project specification, output, evidence or adapter"
projects/index.html,133503,84dbaf6b3f7cefe44f73ff895539ace64a3643596659d01f45e1979c0eab4ef0,"Toy project specification, output, evidence or adapter"
projects/report.cjs,9171,c25fb4bc53a3d29aeb83c942022f4307539c85649392d28c4aaad55181fd3f39,"Toy project specification, output, evidence or adapter"
projects/screenshots/01-dashboard.png,107467,cf90ac9d220480b732cd31953c5509cc79db49c572c9f19998b83e610a7c94c1,"Toy project specification, output, evidence or adapter"
projects/screenshots/02-project-list.png,115994,975de45eb1abf37c6df82a9ce3a76e5d8004f0ff3bea246120caeeb0c2ce2fe6,"Toy project specification, output, evidence or adapter"
projects/screenshots/03-door-requirements.png,103995,1a181eaa27d9b3307dba6698ca92e173e4705b4555607cc00cdfd300ab1cb8b2,"Toy project specification, output, evidence or adapter"
projects/screenshots/04-door-force-semantics.png,99025,ed2f697b89699f42e87c1026c91273c673bac467f5e554b9de7784442c192fb4,"Toy project specification, output, evidence or adapter"
projects/seed-database.cjs,1181,2d2d04d714e95bffb15379dd41532201af80aa4feff078a0321389c46cdf942d,"Toy project specification, output, evidence or adapter"
projects/workflow-observations.json,13183,f000b33bf30a215509db9821459a56eb233ac171c1d03bff00a18db717611b82,"Toy project specification, output, evidence or adapter"
research/alti_seviye/DERLEME.txt,173,b3e116f5b1411e1e2b372baade7887f6bbc76430f21f1b11a1cafdc9eb145e54,Historical research context and executable dependencies
research/alti_seviye/alti_seviye_gereksinim.pdf,1103698,820f7bc76c6065e8da086784f95eb86d9a84f2279c29d100090b6b658eedfb22,Historical research context and executable dependencies
research/alti_seviye/alti_seviye_gereksinim.tex,27911,0cb3b132bb11053bcaf40c8d44f8d53c933294ea14c580bca822dc5fdabea1f2,Historical research context and executable dependencies
research/alti_seviye/assets/entropy_1.fig,46134,6040c22bfb37184be018b31fc1b61f12d77bbb29135166cd334a8b6e92080318,Historical research context and executable dependencies
research/alti_seviye/assets/entropy_1.png,84473,1f84881c3cc1c30f1c73df86f883f792fa72507af999083e7b2a6596f2e136a0,Historical research context and executable dependencies
research/alti_seviye/assets/entropy_2.fig,46079,d3cb044b506839d47aadffd9c81f5af0799c489de725e3da5ff5e3f94b037d9e,Historical research context and executable dependencies
research/alti_seviye/assets/entropy_2.png,84457,b8d103804401e88d16e4c18ec785a08dc808cb76f1c63d03e742ffe4011111a5,Historical research context and executable dependencies
research/alti_seviye/assets/entropy_3.fig,46152,cbc4f22ec7d0bd73a99d0639803f92ba24b4fa32f512b65b73c294dc6aec2260,Historical research context and executable dependencies
research/alti_seviye/assets/entropy_3.png,84117,be5ee56eebafc98abf48fd84a5a87fec78690ac35858587b41720db7117e170a,Historical research context and executable dependencies
research/alti_seviye/assets/entropy_4.fig,46268,415e678d57de40db73801d568a5cdf8e32970272427a45a87ac1b2f5e947ea49,Historical research context and executable dependencies
research/alti_seviye/assets/entropy_4.png,88415,6ee1074d54cd49db2d6e8d0ff1253eb1bd01e8a22b9883dbac960de9b85f6925,Historical research context and executable dependencies
research/alti_seviye/assets/entropy_5.fig,46053,1348deb81c5ed3bb0ab9f257b6490b20bf454e3753f9294eefbc6f986f13e241,Historical research context and executable dependencies
research/alti_seviye/assets/entropy_5.png,83991,9297563d4f3410b5223d9dae7c33f68017a22d7c42bc96e6194f3900d4a09566,Historical research context and executable dependencies
research/alti_seviye/assets/image_1.fig,39381,836c3d690fab07b41d2cf94b64dd9583a496a7d5a4d48b1d518d9127f9e0ba7d,Historical research context and executable dependencies
research/alti_seviye/assets/image_1.png,113170,39e9c56ca4fed8f9fd8925d28b67ef4db9cf743d22a52a9c1127344ba5886f8a,Historical research context and executable dependencies
research/alti_seviye/assets/image_2.fig,39560,115acee2de6d0954e354615511d50725aac44d08c74372d1cd98474af018d53c,Historical research context and executable dependencies
research/alti_seviye/assets/image_2.png,113359,32f71e732961e3255e5aef5ba64f79582cdcf266d811a912c756109199d8bb4e,Historical research context and executable dependencies
research/alti_seviye/assets/image_3.fig,39291,588a8e08eb06e5414f217aa5df3210ab982878dccb46803a572cd2c3ed87ad57,Historical research context and executable dependencies
research/alti_seviye/assets/image_3.png,113457,a3dece1481b6fd334b04e5af462bcbd1ef997514de446112d1494c5ab55b33f0,Historical research context and executable dependencies
research/alti_seviye/assets/image_4.fig,37616,9767209610e2d1e855b5856b3c204100ecf94c6addaf9ae653de27c57e001987,Historical research context and executable dependencies
research/alti_seviye/assets/image_4.png,112111,fcc118084d2890241e1810ce020d606d04d62b6b809b793a4ce8aa76f913e5ca,Historical research context and executable dependencies
research/alti_seviye/assets/image_5.fig,39582,a3c7c5e93c3682e5c69448ed99a10d4ebb79da1f1e86de29ce30a04703b77638,Historical research context and executable dependencies
research/alti_seviye/assets/image_5.png,113613,ad940a41f605935d23132249183edeef3235a45c98700abadaa96d9b2178b5c8,Historical research context and executable dependencies
research/alti_seviye/assets/level_summary.csv,273,f98901610b66a93dcf108c731dda60e842b08baa6b012d87deb115b684da4374,Historical research context and executable dependencies
research/alti_seviye/assets/method_1.csv,8732,46e2b4db36d7c71b0cda266f9a154f9645d6ac5e3635f38f9d663f0bf8b97502,Historical research context and executable dependencies
research/alti_seviye/assets/method_2.csv,8875,4c5b120981985b192e22f5ff13a21078388771e1749e033a311af147cdeb01f6,Historical research context and executable dependencies
research/alti_seviye/assets/method_3.csv,9055,adc83d5fec8ec00e5d9640cae30bb3e52c36d24a7c36b7ae3139cb38f0f6b5fc,Historical research context and executable dependencies
research/alti_seviye/assets/method_4.csv,9271,49ca88ef22e298af15470d4ad12bc05475bd0956784efd4b35392531a72919cc,Historical research context and executable dependencies
research/alti_seviye/assets/method_5.csv,8710,0c677bdb17c5e86a489ddd17f7c997e4fa9fe5f2bab7e1f0cbe30b8a5c71eb07,Historical research context and executable dependencies
research/alti_seviye/assets/posterior_1.csv,3839,b1a6b0d0a91adacce99384f6881ece9d7421adc9ecfc3efc6491f7c1663d0263,Historical research context and executable dependencies
research/alti_seviye/assets/posterior_2.csv,3575,fcf80b0133df029c9a332456bd257ac6a8961cf5acc6123d6388ee0e77d32749,Historical research context and executable dependencies
research/alti_seviye/assets/posterior_3.csv,3663,d6467962ba7a324c1eb1322e43d7ba6ca1043b06089b574868c9914f9b803495,Historical research context and executable dependencies
research/alti_seviye/assets/posterior_4.csv,13310,afd4b5eee8e8a92034d9be1aadeb7acfb81643e71d29191eb4814e4d1f407321,Historical research context and executable dependencies
research/alti_seviye/assets/posterior_5.csv,5555,e024b096d72b9a30c7315737827247593d351947009f13ad73189d90c0ffdce8,Historical research context and executable dependencies
research/alti_seviye/build_six_levels.m,6077,4bcf831736a613bae1d42caa4b1729871de19dc4113a199719838315d52eeb31,Historical research context and executable dependencies
research/alti_seviye/pattern_entropy.m,886,443f29ab2a127be0ab3cb5475a043c5131c9fff89637d7bfe743093411b0c961,Historical research context and executable dependencies
research/alti_seviye/verification.json,228,52ab4bc4a9b708fa2b244b9e06e809d3e01914cbbb030fc485a6c862062d5591,Historical research context and executable dependencies
research/decision_workflows/ledger_schedules.py,1133,c7431e37d16f16fcd35cd8d6930ec1753c8b0703a73e58c3d761e55510429094,Historical research context and executable dependencies
research/matlab/README.md,5209,5a8452df64b71fe7ffe9b0b10b97e84ada275277467aac9528dd814aaf081d78,Historical research context and executable dependencies
research/matlab/build_project_methods.m,4638,760828058746eae0950905a5e35df22b39a2d90db6c9b1c86cfd4c6cc4809c59,Historical research context and executable dependencies
research/matlab/build_report_figures.m,3668,238421a417b773b6217cfada00612a5d8e3b825adbf378ba514180cfbffea0fa,Historical research context and executable dependencies
research/matlab/build_six_levels.m,6077,4bcf831736a613bae1d42caa4b1729871de19dc4113a199719838315d52eeb31,Historical research context and executable dependencies
research/matlab/build_ten_rules.m,2165,215845901ff7415f541cacea575bb9de16f5abb8400209c3504b48a47d775b48,Historical research context and executable dependencies
research/matlab/expand_requirement.m,2417,1d905db90769ad5187c133e79ac045314b8eaf90f89e2e43a0613a85c74f3ac4,Historical research context and executable dependencies
research/matlab/measure_expansion.m,967,d2330ffb53db928659e580b5ee5b7e3125671487678b931ecd51152a29c786e2,Historical research context and executable dependencies
research/matlab/observe_expansion.m,680,eb31b496b089acd40510f7fd42d365309abf4e61bbad4aa0e1675374aa01e2d4,Historical research context and executable dependencies
research/matlab/pattern_entropy.m,886,443f29ab2a127be0ab3cb5475a043c5131c9fff89637d7bfe743093411b0c961,Historical research context and executable dependencies
research/matlab/run_requirement_demo.m,5484,bc890762710761c512219bd4d25f269dc3deba090f01342014304ca4dbf08a32,Historical research context and executable dependencies
research/matlab/test_requirement_ca.m,1473,0b07d57b04d5e7a3a6156cf5a950346cd63935b4e5dedf12d26075421c257b17,Historical research context and executable dependencies
research/proje_bes_yontem/DERLEME.txt,237,f3a5cbb6b8d2090aadf3ebedde46f228b54b50e35268f75708c9fc6358987ebe,Historical research context and executable dependencies
research/proje_bes_yontem/assets/method_1.csv,2772,1b124049fdb3de5096037a3af50bd42763185ebb79997acfc8f2d44470f9f8c0,Historical research context and executable dependencies
research/proje_bes_yontem/assets/method_1.fig,65960,7f23d39b2f0da448fd00e4551a39dc01e7255b6cd5e90793ae0edabcb12f8c46,Historical research context and executable dependencies
research/proje_bes_yontem/assets/method_1.png,100044,d23b927cc538b7d5c866dd5a4e13351c30d6f39ec169894c33d5cfcf92ab690d,Historical research context and executable dependencies
research/proje_bes_yontem/assets/method_2.csv,2771,3e2e5b936c295b3e39ae11809b235327102f1a8c92f9cbf78fdd3186142362ce,Historical research context and executable dependencies
research/proje_bes_yontem/assets/method_2.fig,66134,6657ec6fa20b65631d76c5c31a94ba4f68140b1c3aab772426ed13ce4dd51a5a,Historical research context and executable dependencies
research/proje_bes_yontem/assets/method_2.png,98723,84bd85a20624d8eba40e19ff1eb8541e2fb9416d7b587d09902574c7583fe5f3,Historical research context and executable dependencies
research/proje_bes_yontem/assets/method_3.csv,2783,4587443cb548bc46bdada78a1748401029b6d9f05bd4020392318a2c6f47c002,Historical research context and executable dependencies
research/proje_bes_yontem/assets/method_3.fig,65708,ec6b20e60fa083b8a9bc11a3301417998d228bfbb47415618b8d426dd9ae8b4e,Historical research context and executable dependencies
research/proje_bes_yontem/assets/method_3.png,101555,51172a46604481806a0054c6213e309ee016a967e6429f7020d7bf35fb54e0d1,Historical research context and executable dependencies
research/proje_bes_yontem/assets/method_4.csv,3092,a14374d490459e6803bdc13d381a3a6649a3924988640efee8edf99929870c78,Historical research context and executable dependencies
research/proje_bes_yontem/assets/method_4.fig,66366,492f6613c9b9cbf476fd51c167fa49d94b27741a5e278bb262bf7f9abe0208ba,Historical research context and executable dependencies
research/proje_bes_yontem/assets/method_4.png,92693,a6b7ba4ee8a68d03016aa1267d0bce4807abb639221f3d85d2457bac494f17ce,Historical research context and executable dependencies
research/proje_bes_yontem/assets/method_5.csv,2805,f456d4cff70532e7f364cb723bf05e1c434abba41984be47ad3d2223ac6b81c4,Historical research context and executable dependencies
research/proje_bes_yontem/assets/method_5.fig,66102,3c3dab8b0d9f1033bc18da4dc0a8a4d9549f858993a83e626b95c82df85eb82a,Historical research context and executable dependencies
research/proje_bes_yontem/assets/method_5.png,96713,a1eb9900deeb75aebab3762fa1060c21669d16ea50f9b69c592f5b051c1a8d4b,Historical research context and executable dependencies
research/proje_bes_yontem/assets/posterior_1.csv,1648,ff810d4a94de6aedd2d4116a705d1f6d278cbc5f480b031b7858f5e29f8fd4b7,Historical research context and executable dependencies
research/proje_bes_yontem/assets/posterior_2.csv,1984,c7683206a73657d8025d8fd0112eaff4f22fd8c081c3fa4f3ecdfb51e0a353fd,Historical research context and executable dependencies
research/proje_bes_yontem/assets/posterior_3.csv,1600,b264cfd8f19198b56b2849024af274757e7746c2bd61914073238df0a78e724d,Historical research context and executable dependencies
research/proje_bes_yontem/assets/posterior_4.csv,5320,37e1fda8d4533235b5500259911423fa6c365fe63a74a08e3384ba7e173eccd5,Historical research context and executable dependencies
research/proje_bes_yontem/assets/posterior_5.csv,1648,d6b39b137af7f29fb771324464c3005ce5610442336dd144ab8c8e52cf1f8401,Historical research context and executable dependencies
research/proje_bes_yontem/assets/summary.csv,188,e4cada82e72c7d6b740589da4dfd630127155a035c98460b1bf4ef68f79b6e4f,Historical research context and executable dependencies
research/proje_bes_yontem/build_project_methods.m,4638,760828058746eae0950905a5e35df22b39a2d90db6c9b1c86cfd4c6cc4809c59,Historical research context and executable dependencies
research/proje_bes_yontem/pattern_entropy.m,886,443f29ab2a127be0ab3cb5475a043c5131c9fff89637d7bfe743093411b0c961,Historical research context and executable dependencies
research/proje_bes_yontem/proje_bes_yontem.pdf,625945,68784b8f0e1abd5e4070c7b82ad59a04a98d7785ad8a50a306863e41107e468a,Historical research context and executable dependencies
research/proje_bes_yontem/proje_bes_yontem.tex,31154,d9a1aa3cef7d190b7f3a07de37ce45e70f29000841cbe641e266a38e7b34085c,Historical research context and executable dependencies
research/proje_bes_yontem/verification.json,184,503d7280a7f540b154c84ec75d6a6d3fbe471c25137303c2c24bba17ebadfb6c,Historical research context and executable dependencies
research/revision_v3/KAYNAK_DENETIMI.md,1870,7deb07a1495ae71cb76ae86e0af88c7e01998a2075c25d0d15116799fe8823b6,Historical research context and executable dependencies
research/revision_v3/README_TR.md,2871,2532711f818b8b462c6a84c8ec49c22a5b1f0cc15cbcc021b05e008dc13fd32d,Historical research context and executable dependencies
research/revision_v3/REVIZYON_YANITI.md,3779,26dc5a702fc95a0572505e9373e9f7e1a4a109da36e0f653986c0d4fa2fcbb4b,Historical research context and executable dependencies
research/revision_v3/artifact/boundary_cases.csv,2587,8484397c1c712e236ee0f72f8f428c5b1afb97bafa93e314fca9d78d6ccff585,Historical research context and executable dependencies
research/revision_v3/artifact/bundle_audit.json,125,75809876be5f765bce857c61a1aa1060017766cfd60d809301acb1580b88db2e,Historical research context and executable dependencies
research/revision_v3/artifact/experiments.py,5421,ac5ea872709afe24e0af3ce85533241e92a6a1aa1faff612f4f33e9b72ed7dbe,Historical research context and executable dependencies
research/revision_v3/artifact/finite_cases.csv,231403,593dbf1359e491289535d69812cf80945e04d211db3c746f8f26dd1410c7f920,Historical research context and executable dependencies
research/revision_v3/artifact/fixtures.json,2961961,e7bff09389f6254a3f5077e1faf2a54fe60b5478bc550b71b0a7d29ea323b705,Historical research context and executable dependencies
research/revision_v3/artifact/http_case.py,3946,791df075e9517816bf153c2ed519d7e4dfebc7e619174d19abdd0d132607cf3a,Historical research context and executable dependencies
research/revision_v3/artifact/http_pairs.csv,747,3bfd58e817c64348692eba2fc9a450434e622e5a549c57141eb683a2e06fba9b,Historical research context and executable dependencies
research/revision_v3/artifact/http_raw.json,17923,21c37c6daa562ce11ac52e139a9577363bf26ed102d45156ac6d8f8f29c97a79,Historical research context and executable dependencies
research/revision_v3/artifact/http_records.json,5623,c38f176f13ad00d96e196479bceb4bca3ac5afe15a5d32bd0fb3d1d3a915b166,Historical research context and executable dependencies
research/revision_v3/artifact/invalid_cases.csv,1162,7345e8aa611683384abfd793f30dc3c37525aeec036ca8bf23ef4f61d14a175b,Historical research context and executable dependencies
research/revision_v3/artifact/matlab_validation.json,83,be3e68940471ed6a2a12ffc367df24f50379a07efdc3eb0578d2ef1a9117ef0a,Historical research context and executable dependencies
research/revision_v3/artifact/model.py,3264,19b39c6759b29dec3a56a17b85706eed5a52d3b64fd57afb17646e7d1ff7cf3b,Historical research context and executable dependencies
research/revision_v3/artifact/summary.json,288,7a6923a0985e985dcfbbec9dc7f15cc411dd61d826eda1ee252cb0221f2658b8,Historical research context and executable dependencies
research/revision_v3/artifact/trajectory.csv,428,28b8af83cf9dccc926ef86aeccffe56c157431d9798c8c5e8a762c27078917b3,Historical research context and executable dependencies
research/revision_v3/artifact/trajectory.py,1044,2cc5c1f090e21d06f291ba1cd85463381c8c8708149e64dd6a9e35d6234e451b,Historical research context and executable dependencies
research/revision_v3/artifact/validate_bundle.py,2794,a7787565b2ab614d0cd01c057d00241f4a4b4636a72bab6ac4fdd660f76d2ba3,Historical research context and executable dependencies
research/revision_v3/artifact/verify_matlab.m,4761,8b351121be3c652e50d319792a9d615220d1a71c1f7d8bf886b0d769d448e4f3,Historical research context and executable dependencies
research/revision_v3/assets/ayrimlar.fig,47940,d873db0836f06fa456129b908b97ecb67df43b9b5c426931e04789843ab644ac,Historical research context and executable dependencies
research/revision_v3/assets/ayrimlar.png,218728,37fcdfc601efb65a4dd5f2556a9ce664d32bd79079e52fd08623f57997f306a8,Historical research context and executable dependencies
research/revision_v3/llncs.cls,43405,e9894c92191fcd195eef3120a36d2f75b52030eadcbdc3ce1463179746526e6a,Historical research context and executable dependencies
research/revision_v3/manifest_sha256.json,2490,b1b0ab163b6d18f917ff16748627114f9c33ccbd5a0a692443888684bf63451b,Historical research context and executable dependencies
research/revision_v3/paper.pdf,351867,b74a96c3733e2a21bfe6b28355cb6002d34ca1b0ed7933de61f6a8ade73aaad3,Historical research context and executable dependencies
research/revision_v3/paper.tex,22291,d47c4e338e66903655e2ff142de38906829d52a936820ce39ce3b98716761651,Historical research context and executable dependencies
research/revision_v3/qa/paper-1.png,186959,d7bcff555e6953b7f0804fb0a5a48168174f54a237be876c93ee5a5943ea6010,Historical research context and executable dependencies
research/revision_v3/qa/paper-2.png,192356,f96e3f3cafc974161431cf719d5855c4d63d0858954b11bc8f6548d38f0934f6,Historical research context and executable dependencies
research/revision_v3/qa/paper-3.png,187934,808e1fd21eae558fc726bbd913533ab9879fd46eb2c31289c35daa1629011482,Historical research context and executable dependencies
research/revision_v3/qa/paper-4.png,172346,69d65f690c7c9201ad43d5c6fbd46f5b49c31846f52efe5030279e7d48bd59de,Historical research context and executable dependencies
research/revision_v3/qa/paper-5.png,194890,5b2aa8e5de66803954bc682079c0c556d1797f848e82183f829f0775d0ed5ac8,Historical research context and executable dependencies
research/revision_v3/qa/paper-6.png,174731,9de94234cdb564376d41511dabafcc7f251b7198478577c019b6f8d41f1db843,Historical research context and executable dependencies
research/revision_v3/qa/paper-7.png,196523,f7db80f9ec031611e3025a8ce4cbe91c17c6c4b4aded8a0e803c537dcf3b9318,Historical research context and executable dependencies
research/revision_v3/quality_check.json,151,7e4c1aa42868e1de8235dad28b2568c7c33cabd53714fa4aa7c5b5bbf1ce588c,Historical research context and executable dependencies
tools/catalog_archive.py,1645,51e94bf30399a1276c4bac252d3f4831c19afe85cfc5fbe70a83591d7bfe52fd,Repository documentation and reproduction tools
tools/reproduce.ps1,670,a2573a33e5e39d99205fa27216802944a28e05806e5b63bd7c286076371f3d47,Repository documentation and reproduction tools
tools/setup-fret.ps1,1177,29b1f8e9eb80de9dea0cf24025e9315aec2c84c2b07b275454a10732ce220ac1,Repository documentation and reproduction tools
tools/verify_archive.py,5461,09f8f584cb3de41b3dfe98647fbd95a2cb857f44541fd2d35e5c42b564c095bb,Repository documentation and reproduction tools
tutorial/01-project.png,64429,49898296e1ada1d8851e001082aca99743287edb1043a9fc40787fbd47551bfd,Original tutorial and supporting sources
tutorial/02-semantics.png,113442,321d32db836dca9320e075cedd4d81239326f316271b85d2e46215db89096bd5,Original tutorial and supporting sources
tutorial/03-detail.png,95971,31e5c9cb696cb1409eee4d6261ea7dc7dd91386f582d9e0612c0159b3d3a8956,Original tutorial and supporting sources
tutorial/FRET_Tutorial_TR.json,8643,6f32e7bc38ac15392564908d8087a74db607914323a7c9aff87d7c753e0aa80b,Original tutorial and supporting sources
tutorial/NASA_FRET_Turkce_Tutorial.pdf,322757,ab7813876da9ff860c7fca27b943fdfb5557229fbd95f4cb49d89ce99f0e42a3,Original tutorial and supporting sources
tutorial/build_tutorial.py,18518,d48b21af6e4024beacb66c08cc120a503a5a35c7418b51eb12ea3783897dbee7,Original tutorial and supporting sources
tutorial/installation-record.json,673,41ef2cb2bf3d7eb24935a5e98dbb4230e92ea753f75d359139245c643b4ab8be,Original tutorial and supporting sources
tutorial/prepare-example.cjs,1584,c946c813ed91652630b91c96cdf182dfb1687eb0456d8c31705a1722ac651dd7,Original tutorial and supporting sources
tutorial/verified-semantics.json,1846,94471a0e8968a5495821b9ef6837e17380c6d58fba7385b559ba0562a872d1fe,Original tutorial and supporting sources
vendor/fret/.gitignore,106,ceac4a3bc59fb4ce1b8db43c2e0ba2954163a7f23cd961a6f461746e9ad93190,NASA FRET upstream source snapshot
vendor/fret/CONTRIBUTORS.md,1240,d2a7ae8dc739ecc76057d0acbf08ed3fff1f3a7015043e4772bcc88370e1ee44,NASA FRET upstream source snapshot
vendor/fret/Corporate_CLA_ARC-18066-1B_FRET.pdf,78899,4892fff50afa10ecb3adb443ef30a4400ab18144d107effa98f174e589778200,NASA FRET upstream source snapshot
vendor/fret/Individual_CLA_ARC-18066-1B_FRET.pdf,332108,fb0b17f4a73740d93c546ac0a5392b625e7c396a9c5edce8dae5863313d4b6bd,NASA FRET upstream source snapshot
vendor/fret/LICENSE.pdf,139221,f12c88f07350761cc802585d2148f0a9ecff8950f7fff3f9661d0f6dabc11713,NASA FRET upstream source snapshot
vendor/fret/PUBLICATIONS.md,27473,421a2fa00f3cca042bc2942e9718a70edd3a2b1dbf3ab1396df202cbf7682c20,NASA FRET upstream source snapshot
vendor/fret/README.md,4090,d993d16f9f63ad0b93e81388f594a0c2223ecf2327f504ba9161d58076a7aa00,NASA FRET upstream source snapshot
vendor/fret/caseStudies/FiniteStateMachine/fsm_instructions.md,2513,176fc345b67fa0b40acfe1e4e19fab03a715a1281a8fdf7c17f5d6b1626f2476,NASA FRET upstream source snapshot
vendor/fret/caseStudies/FiniteStateMachine/fsm_reqts_and_vars.json,84415,b95ab53efcf96da47957440d952137a587d64b5dbce4b34f976a13043e7682d7,NASA FRET upstream source snapshot
vendor/fret/caseStudies/LMCPS/LMCPS_instructions.md,2202,810bc70bb2cb89425cfc255429fc1dd4188e3924dcf0f960d4f2dcedcf2380c1,NASA FRET upstream source snapshot
vendor/fret/caseStudies/LMCPS/LM_requirements.json,1032025,608f32238233e69931cc35516901297e1c1635f69e1fd99700c2b4ad69896c61,NASA FRET upstream source snapshot
vendor/fret/caseStudies/LiftPlusCruise/LPC_full_reqts_and_vars.json,276271,de648141d145e0a1316ee2c241a1da0f027dee2a54d8de8890a056655ff9744a,NASA FRET upstream source snapshot
vendor/fret/caseStudies/LiftPlusCruise/LPC_instructions.md,2822,5aef512defec61758ce0486f05ca052b52b9a0585fd9847f3f8234c619b6e77b,NASA FRET upstream source snapshot
vendor/fret/caseStudies/LiftPlusCruise/LPC_mini_reqts_and_vars.json,101949,124d262f9d7b6d5b6a17db8199cce10ca1cad295b28262bfe312ecc87827271e,NASA FRET upstream source snapshot
vendor/fret/caseStudies/LiquidMixer/LM_reqts_and_vars.json,81215,bca301ab88820b3363e73caaa602ec0a5f40c391ee7dc90a07d404a64c55d6fc,NASA FRET upstream source snapshot
vendor/fret/fret-electron/.babelrc,1294,59069b32e64b538fa4308a36af66fe4a3344bfef84761f046a2fd6c81abe1216,NASA FRET upstream source snapshot
vendor/fret/fret-electron/.dockerignore,842,0835c727d6640d0625df12b8b5628632c497c3b9a55b3c3b7df9588e8835d906,NASA FRET upstream source snapshot
vendor/fret/fret-electron/.editorconfig,188,a91f1b150e3e82830fb1b4e16a9ef470daf5d71f9e1935a80fdceda8f3bccb8b,NASA FRET upstream source snapshot
vendor/fret/fret-electron/.eslintignore,843,705723cedb87e739a5c60ec4129afd43008f0ede0561f43e67d610066030f174,NASA FRET upstream source snapshot
vendor/fret/fret-electron/.eslintrc,1248,58616833284bbf82b300027c2e02be0218d1b6cf95a754a8e7e566e33b5b0074,NASA FRET upstream source snapshot
vendor/fret/fret-electron/.flowconfig,933,f4355b3ef8b2df3a84706d9c9e5e88f046fc6faa5591f076561d99532cdf0b10,NASA FRET upstream source snapshot
vendor/fret/fret-electron/.gitattributes,81,790e05021d33bea4f23446ee3c0552b12a0f3c768aea6ae59a9c940124f958f9,NASA FRET upstream source snapshot
vendor/fret/fret-electron/.gitignore,1142,aafabe0cfc74b0f0024c976eeb051326acc2e0d5083af13bd06cdc1d5636ccd5,NASA FRET upstream source snapshot
vendor/fret/fret-electron/.stylelintrc,45,e6ef821ae5a08d1cd14ee7ac71428fdc5ff7ddeb1e88132897bec69171899e4f,NASA FRET upstream source snapshot
vendor/fret/fret-electron/.travis.yml,709,f452bbe15fbc671f41ff0c165499d97b3db561a6579d8a91fce6132a4993eae9,NASA FRET upstream source snapshot
vendor/fret/fret-electron/CHANGELOG.md,11214,167e259d2d55d8101b859285cb5b29bf7201cfcf78eb912de82816b4619cca63,NASA FRET upstream source snapshot
vendor/fret/fret-electron/analysis/Dependency.js,866,e01073499b113571fdbb8cf27fa40249b8997cdffb68be2915b158844bb3109f,NASA FRET upstream source snapshot
vendor/fret/fret-electron/analysis/DependencyMap.js,2894,43e19d56bab94454f1e45e7619f1ad0d5d41995341be21431606cdf7d451af46,NASA FRET upstream source snapshot
vendor/fret/fret-electron/analysis/DependencySet.js,1949,72819604358351f24dfd4011d4328864d86f8866ae6e489742308a64c7182e01,NASA FRET upstream source snapshot
vendor/fret/fret-electron/analysis/DependencyVisitor.js,4431,5fce1d3738c5b51f2f4165cf56c58dafbe27ca7f5ce0848a94168b9cc19df136,NASA FRET upstream source snapshot
vendor/fret/fret-electron/analysis/DiagnosisEngine.js,37902,98c739bd274f86f0fe3bd578e94844c4db2a6b3b874d897ab18380a862f47f28,NASA FRET upstream source snapshot
vendor/fret/fret-electron/analysis/DiagnosisWorker.js,18614,399fc3d50f1d91b8504e52627872c744a2581f46eb5bd1902354b95362ee0b57,NASA FRET upstream source snapshot
vendor/fret/fret-electron/analysis/HSNode.js,1969,68bc7e21cfa74345e73a54f61ac18c662121008cd254dab315d450aa0be5989d,NASA FRET upstream source snapshot
vendor/fret/fret-electron/analysis/connected_components.js,10237,36b153a668bf2056f160bd564698fcbe7a8ab983acf791060b99c8ce34b77f15,NASA FRET upstream source snapshot
vendor/fret/fret-electron/analysis/realizabilityCheck.js,8084,7eb8213dc83eed604b0aa6bd8cf3effb837562a30349082609ebc89a5474b49a,NASA FRET upstream source snapshot
vendor/fret/fret-electron/analysis/testrun.js,847,f2ca0b5d6c6216ed4dfd90f4af9b914f5524d7f89802a0fb040fb0f02bcfb3d5,NASA FRET upstream source snapshot
vendor/fret/fret-electron/app/.eslintrc,880,6a9eecffc313cf17de96426ae9a45cae9a364797afed7e3209d385c2c2ff4717,NASA FRET upstream source snapshot
vendor/fret/fret-electron/app/app.global.css,5265,4a35c6046cd6e486837e3d77a85660f38b2eccf72370e8198bc60445c8550e17,NASA FRET upstream source snapshot
vendor/fret/fret-electron/app/app.html,1254,db7f40e3892275b94d81038607d571dd85cb63e0b830958bbc9fc9b4b9d5a70a,NASA FRET upstream source snapshot
vendor/fret/fret-electron/app/app.icns,571706,845dda86cbc02921a9208accb4f3d9273195e560ee7e172d928002fa1892f814,NASA FRET upstream source snapshot
vendor/fret/fret-electron/app/cli/cliUtils.js,2239,16c54341cd1a1aa4d48e7a0ecf34443e8ae52cb19b0a41a078db79cf95d8e1c3,NASA FRET upstream source snapshot
vendor/fret/fret-electron/app/cli/formalizeCLI.js,2131,20db0a9c661bc3a9036c08f4fc270f094a803f0454a2012fd1417b50828f5f44,NASA FRET upstream source snapshot
vendor/fret/fret-electron/app/cli/fretCLI.js,3017,c718400040590c874fe20d24f375312234cbbedb5679ec706cf85523f8a2a8c6,NASA FRET upstream source snapshot
vendor/fret/fret-electron/app/cli/listCLI.js,2032,0725065330be6bbd0f11c88fc823b34214f294d221e0a9101acb876976b50816,NASA FRET upstream source snapshot
vendor/fret/fret-electron/app/cli/realizabilityCLI.js,10446,725f93511f0a1ea47a29284bdf60ba72a59e5550c866a1d947f385c161700726,NASA FRET upstream source snapshot
vendor/fret/fret-electron/app/components/AnalysisReportContent.js,11745,ea68f7657a7cc831828a3b22261d27f08bd898a071bfb40f0012d6521518d51f,NASA FRET upstream source snapshot
vendor/fret/fret-electron/app/components/AnalysisTabs.js,6882,213959077b05682b6bcf3f4e0b9abeb7d648537876a36c3ff839b15d24a76fd7,NASA FRET upstream source snapshot
vendor/fret/fret-electron/app/components/AppMainContent.js,2194,6922ccfa6a3d5799856633832da95429165c115d45d6663352cfd07d3909845e,NASA FRET upstream source snapshot
vendor/fret/fret-electron/app/components/ChordDiagram.js,13371,4acfcc300b9d546fb8f1c2d83c771464906f22365510ed9346c40f69901e8ad3,NASA FRET upstream source snapshot
vendor/fret/fret-electron/app/components/CirclePacking.js,11322,bee7d29d27ab783cf332c9bdab99b01ca0334ada7ce9d974b40d25a535408788,NASA FRET upstream source snapshot
vendor/fret/fret-electron/app/components/ColorPicker.js,3310,2e16a32b763152b1cb4775c5dcca2f49f18a2f4dbbb13ffab054952ef6e361a4,NASA FRET upstream source snapshot
vendor/fret/fret-electron/app/components/CounterexampleTable.js,9613,c0bd324ac6a369f1bd1d63651f04b339293078404861f64b486085880725b16f,NASA FRET upstream source snapshot
vendor/fret/fret-electron/app/components/CreateProjectDialog.js,7780,0e3b961d8351210483f8e36f565b3206926ae1520b6671cde252b3a4031dc853,NASA FRET upstream source snapshot
vendor/fret/fret-electron/app/components/CreateRequirementDialog.css,295,e09e2531ab2aa53f6aa27ce636334974992c88c2a28eee2124d20e30943659e7,NASA FRET upstream source snapshot
vendor/fret/fret-electron/app/components/CreateRequirementDialog.js,25442,73a83ec7434c1eb5f9b4e335293292263e9f9affb92be89616b694abf586ec3f,NASA FRET upstream source snapshot
vendor/fret/fret-electron/app/components/Dashboard.css,89,86cc29a779ba3bafc37678be94b0e59d44e7952ef8885746fb070e24ae0571a8,NASA FRET upstream source snapshot
vendor/fret/fret-electron/app/components/Dashboard.js,5454,1a5c623bd8495c1b4cf6d61fe62e47c67bdcc3f71662db51754332109e7b4b64,NASA FRET upstream source snapshot
vendor/fret/fret-electron/app/components/DashboardWidget.js,2041,54fc0eaa0a73e4b61001157c63898dbed8986e64d8f7c991b11027e599d2ffc5,NASA FRET upstream source snapshot
vendor/fret/fret-electron/app/components/DeleteProjectDialog.js,4991,85b0704d5cef333fec5e64b7a038cb3c23ebc87ca8478430fcfba6fb0ad5a61f,NASA FRET upstream source snapshot
vendor/fret/fret-electron/app/components/DeleteRequirementDialog.js,5402,bda3e30af42bd9173580b53fb46531429b3713dbf14f10403df6bcc90cce6c70,NASA FRET upstream source snapshot
vendor/fret/fret-electron/app/components/DiagnosisProvider.js,1319,556a403715b0c36b4bda9e43ce13efe72cd94d523ab697a978c74787982049e1,NASA FRET upstream source snapshot
vendor/fret/fret-electron/app/components/DiagnosisRequirementsTable.js,24736,6555877b8a61f13a6e0542dd5338bc21f02e0062c0d3e66e5ef41a4fb0f18320,NASA FRET upstream source snapshot
vendor/fret/fret-electron/app/components/DisplayRequirementDialog.js,8614,5f7193444207b7b76ce09b8d0ba0e49141e42b786e0aff9eb95cd3e288e613f7,NASA FRET upstream source snapshot
vendor/fret/fret-electron/app/components/DisplayVariableDialog.js,38192,b258d46f0bcd146e5054def528761f071ac97f223d7164b416e8c217746d381b,NASA FRET upstream source snapshot
vendor/fret/fret-electron/app/components/DraggableClusters.css,666,ec432877455f5c4fc66a05e005dd3fb982bea1fbe8eaa838b079454cf17208fc,NASA FRET upstream source snapshot
vendor/fret/fret-electron/app/components/DraggableClusters.js,7128,8ce5d5404e4bef01e19f0fd6030281230aca395f23289f8e10b0bc76d19e69c9,NASA FRET upstream source snapshot
vendor/fret/fret-electron/app/components/ExportRequirementsDialog.js,8321,4f73ab85f60b20ad0a7e1b9cce74b49bf4616602930c811e289d40fbe8c2204b,NASA FRET upstream source snapshot
vendor/fret/fret-electron/app/components/ExportTestCasesButton.js,2198,c2a096e1ee5e9cc3716bc73e75000eae52e244413c724daf61849e729f775090,NASA FRET upstream source snapshot
vendor/fret/fret-electron/app/components/Feeds.js,4426,bc402fa1303d15fb1ea6166387facc5d9f43056226bb0648fe6e35d7ef22ab74,NASA FRET upstream source snapshot
vendor/fret/fret-electron/app/components/ForceDirectedGraph.css,113,70986c672ec13995e36c3981b8699d0594dbc19b405bbebf60e4852cc068ab4d,NASA FRET upstream source snapshot
vendor/fret/fret-electron/app/components/ForceDirectedGraph.js,3723,b5224312b754d34a7fe0bc888cfc07a6c720d421bed5d4dfe4c56a6e5aa8b480,NASA FRET upstream source snapshot
vendor/fret/fret-electron/app/components/FormulaDetails.js,4766,818caed5a2b2d979719ac3220fbdb76138e9bb8e2a23867435e030103a5f1d28,NASA FRET upstream source snapshot
vendor/fret/fret-electron/app/components/FormulaDialog.js,6362,b28529905fd9928cf0948582e1425751b95adf18170a7772791747b5ac6f8cc1,NASA FRET upstream source snapshot
vendor/fret/fret-electron/app/components/FormulaRenderer.js,2115,1f682d9eb44065138d902d35e6658e73723232ab11a940982cab5a6185a54bc4,NASA FRET upstream source snapshot
vendor/fret/fret-electron/app/components/Glossary.js,12300,b51a00bf79ff0521650d8ef247735b27e5e5404fdba5bcefbf3cb3263736b4ed,NASA FRET upstream source snapshot
vendor/fret/fret-electron/app/components/Grammar.js,1078,e7b66e6488d5cc239f65c3991b9b6b4563f88a4c1c9ec4c1e22423ce0a3c503e,NASA FRET upstream source snapshot
vendor/fret/fret-electron/app/components/Home.js,1105,6f8b5c85d3e8985ee6f101b083ff037c06c7966cff048bb01826616bb9ec2503,NASA FRET upstream source snapshot
vendor/fret/fret-electron/app/components/ImportedVariablesWarningDialog.js,1778,368fdafcd4e2d3ecd357290eaa334989117dca26ee61e9386127db05dfbfd9c5,NASA FRET upstream source snapshot
vendor/fret/fret-electron/app/components/Info.js,3112,4f95e401d7efa643214f954f5e74c01e300ec31f0d285c59f485f929cecf3d6f,NASA FRET upstream source snapshot
vendor/fret/fret-electron/app/components/Instructions.css,426,11d31ff7666cb43912f0aa2844406a823752664f22a67d01efdbde1267f94dd7,NASA FRET upstream source snapshot
vendor/fret/fret-electron/app/components/Instructions.js,24416,93eb1e4ecf58edf4167b490427bfeed726f3bf50e7c5ebf86f152dff3fa2e1d8,NASA FRET upstream source snapshot
vendor/fret/fret-electron/app/components/LTLSimAddTraceDialog.js,14545,3db9d6c95c8f03df409d98a47797d66ac5d1f22e70d9b1bdf72b8f8ec9b45ab0,NASA FRET upstream source snapshot
vendor/fret/fret-electron/app/components/LTLSimDialog.js,61232,82fa08a76bac301ea5f76dd4ad5a0c65db799d2761802bf1c8e412b765d27af9,NASA FRET upstream source snapshot
vendor/fret/fret-electron/app/components/LTLSimLauncher.js,3061,f38b2ca7433e88018044166d6b9a0c8f039797244e0b47e6e0534f0a6991fdbe,NASA FRET upstream source snapshot
vendor/fret/fret-electron/app/components/LTLSimLauncherRealizability.js,5353,c525739e47160aacd9a94c832f8d7b304507bb67df9101cefbe024a3e31db983,NASA FRET upstream source snapshot
vendor/fret/fret-electron/app/components/LTLSimRequirementDetails.js,3863,d2693dc687db375067c5da626e1710fc56835410fe1df8708e1decb7320ca711,NASA FRET upstream source snapshot
vendor/fret/fret-electron/app/components/MainView.css,213,931364702f10e603a9d8463499684daadfe622dc022e729fd37a254694eaa118,NASA FRET upstream source snapshot
vendor/fret/fret-electron/app/components/MainView.js,33648,35b72115a46da6dd317ffe74ea8dba2ec239e0b424efb3caf6e7e9ae6b6d9242,NASA FRET upstream source snapshot
vendor/fret/fret-electron/app/components/MissingExternalImportDialog.js,5243,1d66bb6f8c0d8b8d2d9779f363e2567e497e8d434f22e47a1cba3133fbfe2a4a,NASA FRET upstream source snapshot
vendor/fret/fret-electron/app/components/NewVariablesDialog.js,2726,ddc768b8a8523d5402dd225db01cfb94016eec4a9e12a80e6df26197540fc09e,NASA FRET upstream source snapshot
vendor/fret/fret-electron/app/components/RadialBarChart.css,189,5cfde20fe018f7891763552efcc8c4ead559eb468466a1f58816ccddf1fde245,NASA FRET upstream source snapshot
vendor/fret/fret-electron/app/components/RadialBarChart.js,3681,1626f6a74870af1cd446f39a7aa6eba4c6a971b969a99c623e24a69429d30e07,NASA FRET upstream source snapshot
vendor/fret/fret-electron/app/components/RealizabilityContent.js,45551,147a81b9536277a555df5658d4f8102be0c9720be2f5fe23fb93b5802cf49d82,NASA FRET upstream source snapshot
vendor/fret/fret-electron/app/components/RealizabilitySettingsDialog.js,9091,f649904f3ce390ef6b385248af7d005a10041d170b7f73e224c4dc792bca9f64,NASA FRET upstream source snapshot
vendor/fret/fret-electron/app/components/RealizabilityView.js,4862,58ddc88eff2b693bd49278757ed7c0dce9edd3eb7491b61f8de7d71e1aeb3012,NASA FRET upstream source snapshot
vendor/fret/fret-electron/app/components/RequirementDialogs.js,4716,4f7f197496fc304023f307e2e64cd233e52f9fdbb3a025e2e3845fd14714da71,NASA FRET upstream source snapshot
vendor/fret/fret-electron/app/components/RequirementImportDialogs.js,12231,4a7df7c9cd1f68160f82aeff1eebc469580481d6e2c267bdc2061f524e1b6f6e,NASA FRET upstream source snapshot
vendor/fret/fret-electron/app/components/SaveRealizabilityReport.js,2011,c18cb1ccdc1002506e8c7a841ec439e95d9516b659d55f441673d8de3f12b6e7,NASA FRET upstream source snapshot
vendor/fret/fret-electron/app/components/SearchSortableTableDialog.js,9236,58a4bce3dd27068ddb9e134505c18842c2c7e09007a190592d446e88810db027,NASA FRET upstream source snapshot
vendor/fret/fret-electron/app/components/SelectRequirementsProvider.js,951,953507638bc48f87552820fed070079f05b317ac106af403566736062b036a42,NASA FRET upstream source snapshot
vendor/fret/fret-electron/app/components/Settings.js,2154,5a85a3c5deb004aa0fec2b475508bedf41df8afc55b42dda0a05bdb996b7b768,NASA FRET upstream source snapshot
vendor/fret/fret-electron/app/components/SlateEditor2.css,718,0db45a88fdebef3fd083003e2e524168e3cfc50778cf70828a4a91e7536bf136,NASA FRET upstream source snapshot
vendor/fret/fret-electron/app/components/SlateEditor2.js,55180,bd171f21de882a3a34ca0dd557969e66cfbc1bf1ecf837e94743a1590556b9e2,NASA FRET upstream source snapshot
vendor/fret/fret-electron/app/components/SortableTable.js,36830,c215692812df306e3c3bff3d9645d8e0208fd3f18d4dab3825e9e4f8f87423fc,NASA FRET upstream source snapshot
vendor/fret/fret-electron/app/components/Tags.js,2578,5dc02fee76f6deee056aca8ea5a44f6151506d40d1a43508cef138a8de85b7c5,NASA FRET upstream source snapshot
vendor/fret/fret-electron/app/components/TemplateDropdownMenu.js,1918,dcfd27c2429af96b701efb2feacb50654304ac9131071da1aef129e0d0658ae7,NASA FRET upstream source snapshot
vendor/fret/fret-electron/app/components/TemplateDropdownOption.js,1306,0b8cb67e994e669a1ce773d2cf4ffd9771a4b6273d20e57e39a26525e464b36e,NASA FRET upstream source snapshot
vendor/fret/fret-electron/app/components/TemplatePanel.js,6082,c1543eb2f79bb25d68469431dc810eac8ea2f0045b3e9f722e19a999993833b3,NASA FRET upstream source snapshot
vendor/fret/fret-electron/app/components/TestGenContent.js,29380,347a97411c012bbf6e4f2a81097172918e733449d50e2700060933894b3d13fd,NASA FRET upstream source snapshot
vendor/fret/fret-electron/app/components/TestGenRequirementsTable.js,17192,c9a9f0ceb8a3882c8c688115bfa41befc6c10167d9798d7600376cce20364dca,NASA FRET upstream source snapshot
vendor/fret/fret-electron/app/components/TestGenSettingsDialog.js,7985,98d80d434aa620c4eace99a9dc904cfae1559ad91a2c74af8510d25811cebff9,NASA FRET upstream source snapshot
vendor/fret/fret-electron/app/components/TestGenView.js,2779,d2fe9ab6ea132a36d2b2547bedbca2e48104a9fb811db16774f57903804d905f,NASA FRET upstream source snapshot
vendor/fret/fret-electron/app/components/TimeLine.js,3741,bf6cdabd09d0bd3cccfec94a2df5766db0175e9fcd69189e8d706df623d708ff,NASA FRET upstream source snapshot
vendor/fret/fret-electron/app/components/TimeSeriesChart.js,17601,e6da51677e182ac8eb6a5dcfe2a1ba44f75e62d82019ef938216759e009012ee,NASA FRET upstream source snapshot
vendor/fret/fret-electron/app/components/TimeSeriesChartSettings.js,5474,df2f783df50bc9e80a717a4780e5637049ea52e4d7073f5ac8d5dbd5076b68e1,NASA FRET upstream source snapshot
vendor/fret/fret-electron/app/components/TimeSeriesWidget.js,8639,adb427a3035a36ac34d8663a7c5dea0c2ac0a7f155b2e1e7d0b586faaa425c4a,NASA FRET upstream source snapshot
vendor/fret/fret-electron/app/components/TraceDialog.js,5066,c655b18afb15b01c2e2a66981a54a650f9efc0ec6260f4cf455b5f83eda92121,NASA FRET upstream source snapshot
vendor/fret/fret-electron/app/components/VariablesDropDownMenu.js,1826,83626af534cba9e043310d6f9c36deaf271d150879d72d42ff7a7a05471a7222,NASA FRET upstream source snapshot
vendor/fret/fret-electron/app/components/VariablesSortableTable.js,20488,4d0ab86aa74b83d27232f0f8ea65d8c1778391dc63282447439be3bd1846e633,NASA FRET upstream source snapshot
vendor/fret/fret-electron/app/components/VariablesView.js,19348,917e30a227636963c6197ec0e36499f75340903e0a453af1294a50c6a1926ebd,NASA FRET upstream source snapshot
vendor/fret/fret-electron/app/components/slateConfigs2.json,125,3f3aaf907de5c7455469ff70a3241513c1a1ffa6cf120ff70b7a8ebd7f960346,NASA FRET upstream source snapshot
vendor/fret/fret-electron/app/containers/App.js,1554,652056ef07cbe71ba18d130fa1ba9e5e747415a67fc087c71dc6e6fb900ac518,NASA FRET upstream source snapshot
vendor/fret/fret-electron/app/containers/HomePage.js,1010,a86352fb080c4e5db21646e81cb6bce0dc331c02d4c0d3c5d7b914a053c3568a,NASA FRET upstream source snapshot
vendor/fret/fret-electron/app/containers/Root.js,1105,630141bab9a11c3e4a476ffb649be49c919371c758a740b61ed121eaf87435c1,NASA FRET upstream source snapshot
vendor/fret/fret-electron/app/fretSplash.html,185,47d63234687326edcce1b36890ef5f3fac826842eeca4cb879e28c37b8eaed71,NASA FRET upstream source snapshot
vendor/fret/fret-electron/app/index.js,1444,282518996dc8d93a0dfa56cf445457d871eef3127963d0b1d69c05627204ba0b,NASA FRET upstream source snapshot
vendor/fret/fret-electron/app/main.dev.js,11866,419df0982c5f1725a397cd6996477137e7103c6454acd4f77aca877be816aec1,NASA FRET upstream source snapshot
vendor/fret/fret-electron/app/menu.js,6558,dcc490d0ee7c7c56d7d31c98fe82363f488874df2b550f66338e87ea4b29b111,NASA FRET upstream source snapshot
vendor/fret/fret-electron/app/package-lock.json,231784,52e79ddd5ecb6f54f1324af6ec7787b323038f90aff7a1b40499737b1f139117,NASA FRET upstream source snapshot
vendor/fret/fret-electron/app/package.json,802,3aa47a035947a4eacfb90bf001860492cd47ffeaf2f49038a386d0a7a473b45a,NASA FRET upstream source snapshot
vendor/fret/fret-electron/app/parser/AnnotatingErrorListener.js,1417,f1980f2416e2541abd36ddca30ebd42c5ecb90ca2dc59ec0d919c7de49975d9c,NASA FRET upstream source snapshot
vendor/fret/fret-electron/app/parser/AntlrUtilities.js,1348,22953fd986831413062eb33704db4a197f81a485221dc89311946335327a42ba,NASA FRET upstream source snapshot
vendor/fret/fret-electron/app/parser/CacheProbabilisticSemantics.js,13205,931fd9f95cd2f4946bfa3ab15b19b16035de069985756873cafb8b9dfe071c8c,NASA FRET upstream source snapshot
vendor/fret/fret-electron/app/parser/CacheSemantics.js,19944,cf5ed8e3a1e357934646f90965979724daf5cd7bf286c7b7cb8a2a5dbbf169c1,NASA FRET upstream source snapshot
vendor/fret/fret-electron/app/parser/CheckViolations.js,2761,1b60f200e7980e10be995986c8292bf87d40c0a0acd0d6995c5cb437d2f62c1f,NASA FRET upstream source snapshot
vendor/fret/fret-electron/app/parser/Constants.js,4847,050e6ce50943b8d74272fc714f8ce4273bebcdbf7b6eb7b621820fda50f7ff97,NASA FRET upstream source snapshot
vendor/fret/fret-electron/app/parser/FetchSemantics.js,2777,1356359ffe5924b2dabab1daed249b898e6816413a8dae4466460af08e9c2e73,NASA FRET upstream source snapshot
vendor/fret/fret-electron/app/parser/FretSemantics.js,10790,a0cda458b5e64352c591adc517046fa79066639426765896a71642bc23bbb784,NASA FRET upstream source snapshot
vendor/fret/fret-electron/app/parser/Requirement.g4,6093,6d9446721c10686dcb36b5fc1cbb181dfd0c9ed7f8858edde78a58dbbde03657,NASA FRET upstream source snapshot
vendor/fret/fret-electron/app/parser/RequirementLexer.js,43483,204a29f11484b02dbc7718b2aa5baf9418ca3716ceb65e093336305e8c60eb45,NASA FRET upstream source snapshot
vendor/fret/fret-electron/app/parser/RequirementListener.js,9336,6b52b3bd785c446f7cb9b2b9bbb19e104f6740e73b813f5429f140b1debdfb3a,NASA FRET upstream source snapshot
vendor/fret/fret-electron/app/parser/RequirementParser.js,124788,7778c4bfe08082d3452faedf2edcd1e15390577f0c847a54543dec3bc3538aab,NASA FRET upstream source snapshot
vendor/fret/fret-electron/app/parser/SemanticsAnalyzer.js,31925,1fca406cc9c0d2d943ce0e1d40941ff0bafb5dffa9aa111299c2cc2d087958d8,NASA FRET upstream source snapshot
vendor/fret/fret-electron/app/parser/SemanticsGenerator.js,8464,a3e270b5174240ebfeaf4cb5415b0e5fe44f71023310d004e6f58f87331f0f7d,NASA FRET upstream source snapshot
vendor/fret/fret-electron/app/parser/createSVG.js,16839,f7043823efa5c2627bfedde7d55e84d7c5b4f23ff5fcc8e9f60d0eb9850b520b,NASA FRET upstream source snapshot
vendor/fret/fret-electron/app/parser/generateRequirement.js,3860,df1cf773f8c988365ca01d966cd925207c232cf70feeb9c3b0ab07d3df5ede7d,NASA FRET upstream source snapshot
vendor/fret/fret-electron/app/parser/probabilisticSemantics.json,860180,2cbd6d42b78c4cbbc841f454bc5f63806a73d26d099a76d8fc37adbfc495c4ce,NASA FRET upstream source snapshot
vendor/fret/fret-electron/app/parser/semantics.json,2195118,878a61a13e5114025fab3767518fc086db52d79c2dd93139eff7665b1e966b57,NASA FRET upstream source snapshot
vendor/fret/fret-electron/app/reducers/allActionsSlice.js,19007,4c7df52945eee42c7cb05e1642386bd765a9f827afba39fc07f47a97cc551b1c,NASA FRET upstream source snapshot
vendor/fret/fret-electron/app/routes.js,986,3f515db5be13a40d173465fef5eac5b6e7ae4083294665cf23c6bc21572db224,NASA FRET upstream source snapshot
vendor/fret/fret-electron/app/splash.css,1106,d3ec82521a024beb17646baa7be36b9649483ff3f08c8ac8e664ddde9d68c49e,NASA FRET upstream source snapshot
vendor/fret/fret-electron/app/store/store.js,1081,468201dd526163d5beaae7aa198537e79617c33c15374f26c76c37543df7280b,NASA FRET upstream source snapshot
vendor/fret/fret-electron/app/utils/.gitkeep,0,e3b0c44298fc1c149afbf4c8996fb92427ae41e4649b934ca495991b7852b855,NASA FRET upstream source snapshot
vendor/fret/fret-electron/app/utils/utilityFunctions.js,4158,74efa91900c82d8a592abc2430809793df16f961cc9b00b215bdb530511fce88,NASA FRET upstream source snapshot
vendor/fret/fret-electron/app/utils/withFields.js,6119,244951cb9c9edd4c13ed92cf3d587f3f5023129d758f3c9a9058fb6981943a9d,NASA FRET upstream source snapshot
vendor/fret/fret-electron/appveyor.yml,490,c9bcae3a5ae51fb93b513c9c09e9c572665920c3a792d1d507a0d7deac9e4189,NASA FRET upstream source snapshot
vendor/fret/fret-electron/controller/preload.js,2927,3c54bd0ecdfdcfdff10067ea8866b4a9734235120691e12f30f6ca28059f075f,NASA FRET upstream source snapshot
vendor/fret/fret-electron/docs/_media/ExportingForAnalysis/analysis.md,6357,5bceed286cd0862e82da996b32f3e8e19a0a93d98d8d2a7c6f679730c6780958,NASA FRET upstream source snapshot
vendor/fret/fret-electron/docs/_media/ExportingForAnalysis/analysisInsideFRET.md,6382,17ba8f3e9f662a63d63b255bc975a10f1b972f47816b01ab754b3f92464a992f,NASA FRET upstream source snapshot
vendor/fret/fret-electron/docs/_media/ExportingForAnalysis/cocosim.md,5082,15d11e487f5bfa23ea0a227a884171e4f930ca7806b02468056d7691c966b572,NASA FRET upstream source snapshot
vendor/fret/fret-electron/docs/_media/ExportingForAnalysis/copilot.md,2196,4f31153a8d5f3bf917a88b8cb0352751f96081ac76101012ef140d233030e9e9,NASA FRET upstream source snapshot
vendor/fret/fret-electron/docs/_media/ExportingForAnalysis/r2u2.md,3464,83831fabd6c3574b26daec39a06489ccc2611f604af2a5502c9ae4cdbd1dc7c5,NASA FRET upstream source snapshot
vendor/fret/fret-electron/docs/_media/UsingTheSimulator/ltlsim.md,15935,2d04085f14b170b3ecc43a2e8b0991c9b8dd524b3acd9f98397d0ea57e61b262,NASA FRET upstream source snapshot
vendor/fret/fret-electron/docs/_media/cli/cli.md,5797,af3889205183110817b70262286f49fa9c4484ac94e311a5e408be6bc131127d,NASA FRET upstream source snapshot
vendor/fret/fret-electron/docs/_media/creatingTemplates/createTemplate.md,1919,73167e205c8f57f035bd7f95fcba3438bae48d85d9bda88cf2d31ff0aa24c29f,NASA FRET upstream source snapshot
vendor/fret/fret-electron/docs/_media/developersGuide/installingAndRunningFRET.md,338,73674a90d5103f0584a0fc30c650ddd6802e201795b8f94d6fbb4ccb4e625b0e,NASA FRET upstream source snapshot
vendor/fret/fret-electron/docs/_media/exports/realizability.md,13465,83a9ef86e5b6a213b8e51ad4fe066fd259f81d76e5293c4b2bc1fd6d4a62310c,NASA FRET upstream source snapshot
vendor/fret/fret-electron/docs/_media/exports/realizabilityManual.md,13748,768eb96360eba74d7aef0e1169c8ea4fc33bc0619d4271496a6cbc01bde3987e,NASA FRET upstream source snapshot
vendor/fret/fret-electron/docs/_media/exports/testgen.md,9478,505e6a28c45d5ded51f2a4dd9518fd017a2ee9c5d8a528272946abbafcfc348f,NASA FRET upstream source snapshot
vendor/fret/fret-electron/docs/_media/exports/testgenManual.md,9767,a018a1534524e794582674935d3380bf9ec796bf9e504d59f713c590e06e6ee9,NASA FRET upstream source snapshot
vendor/fret/fret-electron/docs/_media/fretishGrammar/.gitattributes,16,5ef86fd54914d799f75f0fe8bca7353afa760777a3abcf023f92c74a004d2784,NASA FRET upstream source snapshot
vendor/fret/fret-electron/docs/_media/fretishGrammar/A.png,1573,d488303f267a5e682bfe35e14ba9b52cd497b19c4205c338a37bbd3c09b3663a,NASA FRET upstream source snapshot
vendor/fret/fret-electron/docs/_media/fretishGrammar/AFTER.png,2089,aff054292b317b80e60e7ae5f03374eb55f9fd525ee0c798f238467604aaf2bf,NASA FRET upstream source snapshot
vendor/fret/fret-electron/docs/_media/fretishGrammar/ALWAYS.png,2457,a9007ab43a354bb6b34e6b0f9268312bc3622610ce78b277dd0871c0b49c5921,NASA FRET upstream source snapshot
vendor/fret/fret-electron/docs/_media/fretishGrammar/AND.png,1684,ff8cc4993ecb829dafad0d179fab28dbf55193798a9e397f0952d63a5755dc51,NASA FRET upstream source snapshot
vendor/fret/fret-electron/docs/_media/fretishGrammar/AT.png,1359,2f724261dbe27c3bc703eea9c18a47b183f9a8b5d50d4113cc687f3b03a0d1a8,NASA FRET upstream source snapshot
vendor/fret/fret-electron/docs/_media/fretishGrammar/B.png,1550,ac21e7d0c8b5677d15a0a9cb80de9a64baaf72c8b2d9ab56a47b4267c686eaec,NASA FRET upstream source snapshot
vendor/fret/fret-electron/docs/_media/fretishGrammar/BEFORE.png,2337,4ebf95ae6c5fb6151fa2340b6d460ccef49e68998e15d0ed68bb04af304fa57b,NASA FRET upstream source snapshot
vendor/fret/fret-electron/docs/_media/fretishGrammar/C.png,1592,0bf4d878f93cf4c0bb28e6bc36ed21263b26e34a3dbe749e517b465e6250f032,NASA FRET upstream source snapshot
vendor/fret/fret-electron/docs/_media/fretishGrammar/D.png,1550,253ab2a4b13b8751977ab91ee55371053562471d1de40149b753b06561e78a25,NASA FRET upstream source snapshot
vendor/fret/fret-electron/docs/_media/fretishGrammar/DIGITS.png,2201,45bdbce972e33537796bae91620a85dbe2946da602f287730b8e01e8af3458df,NASA FRET upstream source snapshot
vendor/fret/fret-electron/docs/_media/fretishGrammar/DURING.png,2486,3a4036def8d58736f3b50556470cf647bb26b6f7c0a1f5e4d87feeb15b409aaa,NASA FRET upstream source snapshot
vendor/fret/fret-electron/docs/_media/fretishGrammar/E.png,1541,0d810147a22db5ed2f8b12e31fc770131798f6bf357266ced37274301b3b161e,NASA FRET upstream source snapshot
vendor/fret/fret-electron/docs/_media/fretishGrammar/ESC.png,2247,d32cbdea634943d8ab80ff824e3a02f1450bf6cc10d06877bc4879cd4f121cc7,NASA FRET upstream source snapshot
vendor/fret/fret-electron/docs/_media/fretishGrammar/EVENTUALLY.png,2922,1273dddbca42b63f1148a85e85a3822935dc93fc088e235a9eb1c8c1c6608ccd,NASA FRET upstream source snapshot
vendor/fret/fret-electron/docs/_media/fretishGrammar/EXCEPT.png,2328,3ae8e8ed10e64de54cdf3d80f49f7548e22c7b0a8f94bac08d4d461c118d4598,NASA FRET upstream source snapshot
vendor/fret/fret-electron/docs/_media/fretishGrammar/EXP.png,2857,bccab26e5ddb204aab34874ab364f7afabec00e44e52bbe43c9df9b9a3b2185e,NASA FRET upstream source snapshot
vendor/fret/fret-electron/docs/_media/fretishGrammar/F.png,1415,d32428b0c7a8fc05d81961e0d5fd369640d0ae016f4cebc0075222a89042b880,NASA FRET upstream source snapshot
vendor/fret/fret-electron/docs/_media/fretishGrammar/FALSE.png,2202,37d8ca60ab8bcbb717a2707aea2e40ba43b7cd13f6470bb9a169ba01aade65b1,NASA FRET upstream source snapshot
vendor/fret/fret-electron/docs/_media/fretishGrammar/FINALLY.png,2332,9f933b04c06a5bd2cd8e3163dcd5f889254b93830378233a6b4f76f91d9fff78,NASA FRET upstream source snapshot
vendor/fret/fret-electron/docs/_media/fretishGrammar/FIRST.png,2147,083c073ada2d235953291dc6e739ba72e1a875a9758766b8aa46b09cf6a14071,NASA FRET upstream source snapshot
vendor/fret/fret-electron/docs/_media/fretishGrammar/FOR.png,1762,4794d89fcab0a44289420762d784a0b07fe5780debfd852d9a54094253a5c435,NASA FRET upstream source snapshot
vendor/fret/fret-electron/docs/_media/fretishGrammar/G.png,1642,4dc52fdfd4625c22b2323a341693834548f3bb36b2f8e8f891391f120d97abd3,NASA FRET upstream source snapshot
vendor/fret/fret-electron/docs/_media/fretishGrammar/H.png,1394,b7c015000125a4e0455657630442faf381c548a82a4d07946fbdcab83e4014bb,NASA FRET upstream source snapshot
vendor/fret/fret-electron/docs/_media/fretishGrammar/HOUR.png,2993,0012730c704f3e0cab9ddf7836c3fa0b8b0fd65a27ea5efc9566a378a31c3d3c,NASA FRET upstream source snapshot
vendor/fret/fret-electron/docs/_media/fretishGrammar/I.png,1424,753380a3683319056dc74b0392b60117cf973d92870b3c55507f443e2c11bb3a,NASA FRET upstream source snapshot
vendor/fret/fret-electron/docs/_media/fretishGrammar/ID.png,11700,8340e40403286239469c0e001299d0c54410e4c5ffb86ed19890297991a0548e,NASA FRET upstream source snapshot
vendor/fret/fret-electron/docs/_media/fretishGrammar/IF.png,1287,d0db1fd0e949f290dd2bb2e25e1d6ec981ac09e91c756e095b00fadb24801923,NASA FRET upstream source snapshot
vendor/fret/fret-electron/docs/_media/fretishGrammar/IMMEDIATELY.png,2854,996a65e0bf22da135bdf89adabc2a6fc9d73baa0a73466a9c415a16a13761765,NASA FRET upstream source snapshot
vendor/fret/fret-electron/docs/_media/fretishGrammar/IN.png,1328,e01ef3a975270b68acc93e87c6525bbc4d27c1d4542e7d0b5690230dc46dfdde,NASA FRET upstream source snapshot
vendor/fret/fret-electron/docs/_media/fretishGrammar/INITIALLY.png,2391,edce2843131b84c06c3ea2cf0f5f923de297478ead42febc6fcb6b44b4c88d64,NASA FRET upstream source snapshot
vendor/fret/fret-electron/docs/_media/fretishGrammar/INT.png,4159,565613844768c155406efa555ebe3011ace7e1d59242db8ae0926770e473615f,NASA FRET upstream source snapshot
vendor/fret/fret-electron/docs/_media/fretishGrammar/IS.png,1489,4b0a979ebe76027b52cabfdf9a26aa3d125fd813c7f2b7f4c13acb96eeabc66a,NASA FRET upstream source snapshot
vendor/fret/fret-electron/docs/_media/fretishGrammar/J.png,1465,5fef895ac88568626fe5d3533a07bf7dd90f4161d286c0a0c2bf39c3bd579a57,NASA FRET upstream source snapshot
vendor/fret/fret-electron/docs/_media/fretishGrammar/K.png,1541,117e164abf85df0c2f09afbc79b68061fc4767d8305778d73216ba0011f34615,NASA FRET upstream source snapshot
vendor/fret/fret-electron/docs/_media/fretishGrammar/L.png,1314,6cad36fb8959c73a672dbdb6e3a0ae54dfaee32967160c51cb82c715d89d99fc,NASA FRET upstream source snapshot
vendor/fret/fret-electron/docs/_media/fretishGrammar/LAST.png,1867,157e70c86c770d4ec6638900987fdf40c3f8a86336fc9e188d9dfbed79ec0588,NASA FRET upstream source snapshot
vendor/fret/fret-electron/docs/_media/fretishGrammar/M.png,1451,f4aa6179b8fb9469e25b7f05bceec6d2eed7968247687364b64a1c276b3e79d1,NASA FRET upstream source snapshot
vendor/fret/fret-electron/docs/_media/fretishGrammar/MICROSECOND.png,4335,7b13ae3c9b9c47093a850b6b8cdec05a2ca144097e6306d868bfc022ceb6062c,NASA FRET upstream source snapshot
vendor/fret/fret-electron/docs/_media/fretishGrammar/MILLISECOND.png,4163,d2b6a7f63fb7ef690bda945271dc5508390696cff25a93a0bd409446470f8095,NASA FRET upstream source snapshot
vendor/fret/fret-electron/docs/_media/fretishGrammar/MINUTE.png,3181,75da761aaf90cba4a472340a1e2f0a381ea0ac6fecaf4b116029481d6775337c,NASA FRET upstream source snapshot
vendor/fret/fret-electron/docs/_media/fretishGrammar/MOD.png,1752,a508dabcd438e82fa82f531447b797d5cd7aa6b0ede29413884b0c7050dc51e8,NASA FRET upstream source snapshot
vendor/fret/fret-electron/docs/_media/fretishGrammar/MODE.png,1965,39aa9094682e4f716bee530c377630011e7eb7843c9cb6cb1689c072c0a778cd,NASA FRET upstream source snapshot
vendor/fret/fret-electron/docs/_media/fretishGrammar/N.png,1427,5c9ec6e3d8db3f83e81165842aa3e656afb76be6752f8b054272f80505277a68,NASA FRET upstream source snapshot
vendor/fret/fret-electron/docs/_media/fretishGrammar/NEVER.png,2053,3c032da63f31b9d3c81f5e0ace2c647105491006b2c0688cd6193e6a7c24cf0b,NASA FRET upstream source snapshot
vendor/fret/fret-electron/docs/_media/fretishGrammar/NEXT.png,1876,c65c8b06de92029bf65164ba036880f8614f0548111ccf437782256703686c59,NASA FRET upstream source snapshot
vendor/fret/fret-electron/docs/_media/fretishGrammar/NOT.png,1662,f1fce54d972bfe3bc96f269b6466ae3013a226614097a14aa02c6ea3cb53d8ba,NASA FRET upstream source snapshot
vendor/fret/fret-electron/docs/_media/fretishGrammar/NUMBER.png,9168,59006f6a47fe69e220c458966fff55e49c593b11f1e0f1bf2c59611d43826d24,NASA FRET upstream source snapshot
vendor/fret/fret-electron/docs/_media/fretishGrammar/O.png,1632,7f9f70fe548b699fcbd27cbd49bd32bde66e36cb159b282fa0295330eaeddcef,NASA FRET upstream source snapshot
vendor/fret/fret-electron/docs/_media/fretishGrammar/OCCURRENCE.png,2774,e67b2a626c600fe7b5d4febca63edfda5f2ef2c27ddd8b0bb8428e64dba39c06,NASA FRET upstream source snapshot
vendor/fret/fret-electron/docs/_media/fretishGrammar/OF.png,1457,83f33cf7602beddde79985d068f68a5016dc58c0d49382cf50276f8825609c71,NASA FRET upstream source snapshot
vendor/fret/fret-electron/docs/_media/fretishGrammar/ONLY.png,1881,d0f220195d60bffb90140ae2e3cabda34e7bac5657755430cfb261e5508c5730,NASA FRET upstream source snapshot
vendor/fret/fret-electron/docs/_media/fretishGrammar/OR.png,1544,a07429b1932f448ca578dbdcd635da6bef00b92c3095ff207c36bccfba6cc19d,NASA FRET upstream source snapshot
vendor/fret/fret-electron/docs/_media/fretishGrammar/P.png,1505,3fdcd43610c4163efcad5bb45eab5b8f3caa3c705fc93592a149d38bf0096df2,NASA FRET upstream source snapshot
vendor/fret/fret-electron/docs/_media/fretishGrammar/PREVIOUS.png,3131,4a1fccb0695441d2020ce6c12dab850962ed4104938e37c7f4533a5bd4adba9e,NASA FRET upstream source snapshot
vendor/fret/fret-electron/docs/_media/fretishGrammar/PROB.png,3200,5db98c443123ac446201e38c67b003f66091f7864cc2e0dc529e3247d272fa26,NASA FRET upstream source snapshot
vendor/fret/fret-electron/docs/_media/fretishGrammar/Q.png,1659,c542f36637b3b35f0f7598754dacdfa785100654d817eab90a9513afb7865ca8,NASA FRET upstream source snapshot
vendor/fret/fret-electron/docs/_media/fretishGrammar/R.png,1444,9ff4656f357937e6588a81bd206d9ed31cfd2d33b4ff19dfd6bc86bc0923991f,NASA FRET upstream source snapshot
vendor/fret/fret-electron/docs/_media/fretishGrammar/RELATIONAL_OP.png,4165,2a9fdcbe8b82c013544b3f844e9e8eb36c8c0364556a57d2b01d5496ad8dbc9e,NASA FRET upstream source snapshot
vendor/fret/fret-electron/docs/_media/fretishGrammar/REQT_ID.png,9288,a518a79ba39c62ef000a7c8632d0b4ed186d2da4c3d13dc903dc32fbaebf3ddd,NASA FRET upstream source snapshot
vendor/fret/fret-electron/docs/_media/fretishGrammar/S.png,1676,00d575a9d818de791f4812d6777a370bd7954742ef299c66f95b08c528da6871,NASA FRET upstream source snapshot
vendor/fret/fret-electron/docs/_media/fretishGrammar/SAME.png,2090,88b015c960b24fcf72a13f8b3d78ff71351fbe15b31e3a006c7eb7ea977ba9c3,NASA FRET upstream source snapshot
vendor/fret/fret-electron/docs/_media/fretishGrammar/SATISFY.png,2545,517bddffc3fe6963f7df26eb59822cc095dbce96a6ec3e4924e0538a24c1f4ec,NASA FRET upstream source snapshot
vendor/fret/fret-electron/docs/_media/fretishGrammar/SECOND.png,3591,5e75cc04b15e3d566c25367443a49174e48ed85825e5b74a14123d7e4cbfac13,NASA FRET upstream source snapshot
vendor/fret/fret-electron/docs/_media/fretishGrammar/SHALL.png,2035,61c534f47d811dda77c42937d8c166a7d6190ecb1e2b355af222dd9a146b8ab0,NASA FRET upstream source snapshot
vendor/fret/fret-electron/docs/_media/fretishGrammar/STRING.png,4579,b62e908fcee835169cbc135a5b6f7da08b245de4a5e6525c9bafed2750f3bb1f,NASA FRET upstream source snapshot
vendor/fret/fret-electron/docs/_media/fretishGrammar/T.png,1385,7e86804210dabe6da401e3d62b246b854814d6e7b87de7d7607319507027a339,NASA FRET upstream source snapshot
vendor/fret/fret-electron/docs/_media/fretishGrammar/THE.png,1488,d915c564d16a7e90a21d4b4a951164643144688f810d1c3afcefdec3e128735e,NASA FRET upstream source snapshot
vendor/fret/fret-electron/docs/_media/fretishGrammar/THEN.png,1689,65a47fcd8d58101f39c84b0c0428152d48f0e3198c1138aacfac4649792c14c2,NASA FRET upstream source snapshot
vendor/fret/fret-electron/docs/_media/fretishGrammar/TICK.png,2858,69244ba2c83efa492d27cf8683206cc9c12c6aa65d954c718c4ba81957a228ce,NASA FRET upstream source snapshot
vendor/fret/fret-electron/docs/_media/fretishGrammar/TIMEPOINT.png,2622,2c6ff405410c8066136bcf756eed20fc9d0f589ffe7d6ddd926770272c3a1d0d,NASA FRET upstream source snapshot
vendor/fret/fret-electron/docs/_media/fretishGrammar/TRUE.png,1819,4c7fe14b883d0a41bba7a41f80b5bf45c02fa3057498c273918ab27c7bb1f6e7,NASA FRET upstream source snapshot
vendor/fret/fret-electron/docs/_media/fretishGrammar/U.png,1429,98f3169248395980a999b05c03c1dcdc654272ef9f34bac25c839b8810ae20ef,NASA FRET upstream source snapshot
vendor/fret/fret-electron/docs/_media/fretishGrammar/UNLESS.png,2233,30b22df8f97cce708c4e4e0b609dbd04aaa3569df7fd852d99a1e2c0d012bb4e,NASA FRET upstream source snapshot
vendor/fret/fret-electron/docs/_media/fretishGrammar/UNTIL.png,1927,a4115208824aede8141af93f4aa7d1abc543cfc6227a83efb30ab99e6e3033be,NASA FRET upstream source snapshot
vendor/fret/fret-electron/docs/_media/fretishGrammar/UPON.png,1962,226305f371c37110eb15c88a9920e9872eb72c633954085de91b8a7f5d0d4f9d,NASA FRET upstream source snapshot
vendor/fret/fret-electron/docs/_media/fretishGrammar/V.png,1525,bb6b30f50cee0dbc63384fcc5fec5d923d7909076a3c156fde14dca4e8404ae8,NASA FRET upstream source snapshot
vendor/fret/fret-electron/docs/_media/fretishGrammar/W.png,1603,f57148de9b50edbb152778f6dd3c6a88dbf66081c3890c461887ec54cac1a1ed,NASA FRET upstream source snapshot
vendor/fret/fret-electron/docs/_media/fretishGrammar/WHAT.png,1940,5a692b26bca574c45dd81f1f23b0eca001f0bddacfb381bdf8cd0136a53f3362,NASA FRET upstream source snapshot
vendor/fret/fret-electron/docs/_media/fretishGrammar/WHEN.png,1925,8f0629918088df1e89e1459f9f38dcaf90759f883abe693fd617861b355b88c3,NASA FRET upstream source snapshot
vendor/fret/fret-electron/docs/_media/fretishGrammar/WHENEVER.png,2613,216761c8b4ed6ce9e37a2ef230cf0985005b79d099b17f4e8d76b7b001c9fd46,NASA FRET upstream source snapshot
vendor/fret/fret-electron/docs/_media/fretishGrammar/WHERE.png,2043,f43e9e73aadeabf8b8673f5d40a9a8fac68050cdcd1b017e19d5467f551d59e8,NASA FRET upstream source snapshot
vendor/fret/fret-electron/docs/_media/fretishGrammar/WHILE.png,2057,da46ccfff222f7966044858113b98dfcc9954711423ac95bca077a89eb186e7c,NASA FRET upstream source snapshot
vendor/fret/fret-electron/docs/_media/fretishGrammar/WITH.png,1812,45f87df823a6bf37c5bf9bb1d8f80822598878d2571b9e2979ce44d06edc7491,NASA FRET upstream source snapshot
vendor/fret/fret-electron/docs/_media/fretishGrammar/WITHIN.png,2143,6a50336f024a8a12fc7197077096e2436a5335afe39c64851e4a071f20a9b526,NASA FRET upstream source snapshot
vendor/fret/fret-electron/docs/_media/fretishGrammar/WS.png,3206,36758e959210491c030108c5e7602f599446cbf86a6b1e79e52cb0a710e5c682,NASA FRET upstream source snapshot
vendor/fret/fret-electron/docs/_media/fretishGrammar/X.png,1615,128ac54db623d83ac892419077397a7e225ab5a74ca78e7e7dd559bd8f3d20e3,NASA FRET upstream source snapshot
vendor/fret/fret-electron/docs/_media/fretishGrammar/XOR.png,1903,89e9d4221167d4cfbb09e96c9cd1f3d612d72cca34b3ecd4eeceaa647d483b67,NASA FRET upstream source snapshot
vendor/fret/fret-electron/docs/_media/fretishGrammar/Y.png,1568,e76a030b2ba0d88e559fca6839b0024566f2e7abee5f487b3bf499e761e396ee,NASA FRET upstream source snapshot
vendor/fret/fret-electron/docs/_media/fretishGrammar/Z.png,1516,59744902f8db12f7242b2f4d41e2a8cd8f9a2a32ae8f5c5f11ca6ffb63dc21aa,NASA FRET upstream source snapshot
vendor/fret/fret-electron/docs/_media/fretishGrammar/bool_expr.png,50567,dccd44540dfccc61440b8908c3b5c1f7733bb0f87348b20c9774c895bddd9d15,NASA FRET upstream source snapshot
vendor/fret/fret-electron/docs/_media/fretishGrammar/component.png,3560,f57eff904f3aa931ff584e37f27a022f2af267bf4b6897cec4360bef87b0204f,NASA FRET upstream source snapshot
vendor/fret/fret-electron/docs/_media/fretishGrammar/component_name.png,1276,09f596e9fdda817ed7debf0dc7083fadd8070947366d9957419f4382a5e2312b,NASA FRET upstream source snapshot
vendor/fret/fret-electron/docs/_media/fretishGrammar/duration.png,3132,762513af38b73599a01922099d3bc8138d4e33fffe4aac4e3e56dd20f8cb0106,NASA FRET upstream source snapshot
vendor/fret/fret-electron/docs/_media/fretishGrammar/duration_lower.png,1740,a015f28884e449676b421eead32110f782404b6450147c8d47803944c38074e7,NASA FRET upstream source snapshot
vendor/fret/fret-electron/docs/_media/fretishGrammar/duration_upper.png,1740,a015f28884e449676b421eead32110f782404b6450147c8d47803944c38074e7,NASA FRET upstream source snapshot
vendor/fret/fret-electron/docs/_media/fretishGrammar/freeform.png,2049,f6969d9b9baa284ee4b9f14f0de3270e96aa3caf4a82d8ee43e44c0d169ce07f,NASA FRET upstream source snapshot
vendor/fret/fret-electron/docs/_media/fretishGrammar/index.html,331515,7d0d89e5c88dba3be4c5c21c02bd60e105b121365d38a8554c11de374ea7ece5,NASA FRET upstream source snapshot
vendor/fret/fret-electron/docs/_media/fretishGrammar/index.pdf,415488,f93a3a43ca7daceb09cc9415afd115452e76d7477e16da306578b1051ac44f55,NASA FRET upstream source snapshot
vendor/fret/fret-electron/docs/_media/fretishGrammar/mode_name.png,1276,09f596e9fdda817ed7debf0dc7083fadd8070947366d9957419f4382a5e2312b,NASA FRET upstream source snapshot
vendor/fret/fret-electron/docs/_media/fretishGrammar/nasa.png,10640,6827c956adc483b0c63a6daa43d0d3059d3fcd5652e579a63a3ca5c79d478a18,NASA FRET upstream source snapshot
vendor/fret/fret-electron/docs/_media/fretishGrammar/new_mode.png,1290,a5f117f3779ce24f14429ac621bcff36ca77edb0091deafe5ef46fb539411b68,NASA FRET upstream source snapshot
vendor/fret/fret-electron/docs/_media/fretishGrammar/numeric_expr.png,30346,94f33633951b264c9be3c8cdeb2b0a827fcd932b8720ee679c4a38998822a803,NASA FRET upstream source snapshot
vendor/fret/fret-electron/docs/_media/fretishGrammar/post_condition.png,1806,0a9020a6de70061e0eda4e6fe34a5669745cfaaab2d537b1e73abc947c159ae9,NASA FRET upstream source snapshot
vendor/fret/fret-electron/docs/_media/fretishGrammar/pre_condition.png,1806,0a9020a6de70061e0eda4e6fe34a5669745cfaaab2d537b1e73abc947c159ae9,NASA FRET upstream source snapshot
vendor/fret/fret-electron/docs/_media/fretishGrammar/prob_num.png,2028,8c764d4840163c574f7d66bffaf02fe42fffad90fec3b0399ddcb32ee7e3c7ab,NASA FRET upstream source snapshot
vendor/fret/fret-electron/docs/_media/fretishGrammar/probability.png,4798,d732c89badb70e0b7e5ab86f450bbfb95c4fb4abe6b55a688b16f710e0c181b2,NASA FRET upstream source snapshot
vendor/fret/fret-electron/docs/_media/fretishGrammar/probability_aux.png,4135,743415b5e2e6454381662be128903053a683173e65cf7b0523275c428ea0da34,NASA FRET upstream source snapshot
vendor/fret/fret-electron/docs/_media/fretishGrammar/qualified_condition1.png,7885,29a572fed8a4556344dd3a6f6bcbd89fac2a7ad9235ca00dc5cb9e35d44e9c86,NASA FRET upstream source snapshot
vendor/fret/fret-electron/docs/_media/fretishGrammar/qualified_condition2.png,9548,6bcb4c89718b3f119aa6cf3873a255690e34379bf6362a38c194945d1e259c16,NASA FRET upstream source snapshot
vendor/fret/fret-electron/docs/_media/fretishGrammar/qualifier_word.png,7114,57e12ead48ab85dc8de25c53d679466e3b0eab0a619f4ef1452956b1dba18da8,NASA FRET upstream source snapshot
vendor/fret/fret-electron/docs/_media/fretishGrammar/regular_condition.png,5971,d66708b3fb9ec74eb06d8b0a4bb066bc325f18dca49002e80cf364f4e068e01b,NASA FRET upstream source snapshot
vendor/fret/fret-electron/docs/_media/fretishGrammar/reqt.png,8831,e144e4d6416f61a2cb2ce14cd12f4829d1a22e48392b33302a35d36993769abd,NASA FRET upstream source snapshot
vendor/fret/fret-electron/docs/_media/fretishGrammar/reqt_body.png,3835,d6fca2012cb50618de1d8a3368fd982c4b864e558c5c90af2f36de918865750b,NASA FRET upstream source snapshot
vendor/fret/fret-electron/docs/_media/fretishGrammar/reqt_condition.png,4430,3851840a4cbbb0f276b1e82b4e6a2037e906b227ae3fa6bdecba81d8ddde4391,NASA FRET upstream source snapshot
vendor/fret/fret-electron/docs/_media/fretishGrammar/reqts.png,1705,6d8398ac0c2717b1c6b4ad77088a669e3c9f42ed86c5760f2575064fe4dfdebd,NASA FRET upstream source snapshot
vendor/fret/fret-electron/docs/_media/fretishGrammar/response.png,1994,526d9e8d032f53ea2eb5d5963b16f02d1abb01b6fb29b9cf89eef3720f737e69,NASA FRET upstream source snapshot
vendor/fret/fret-electron/docs/_media/fretishGrammar/satisfaction.png,3812,3f54cc8010e0fe308b202bbdcd1063e6cf48770774a69bcaa2580b421c75eb81,NASA FRET upstream source snapshot
vendor/fret/fret-electron/docs/_media/fretishGrammar/scope.png,61786,319a787f0db810d51bf9136d5e4360a55a8c48c9d0244967d5b6c266340536b7,NASA FRET upstream source snapshot
vendor/fret/fret-electron/docs/_media/fretishGrammar/scope_condition.png,1806,0a9020a6de70061e0eda4e6fe34a5669745cfaaab2d537b1e73abc947c159ae9,NASA FRET upstream source snapshot
vendor/fret/fret-electron/docs/_media/fretishGrammar/scope_mode.png,7561,ed9d40256cecf26dd4f49884cbfe8a824b863b3b6c158dddc4e5f49978a03e0e,NASA FRET upstream source snapshot
vendor/fret/fret-electron/docs/_media/fretishGrammar/scope_word.png,4753,cd131caf69eae77647865feb04259ad4aedf729cf595bd5fb18d5470c4a85720,NASA FRET upstream source snapshot
vendor/fret/fret-electron/docs/_media/fretishGrammar/stop_condition.png,1806,0a9020a6de70061e0eda4e6fe34a5669745cfaaab2d537b1e73abc947c159ae9,NASA FRET upstream source snapshot
vendor/fret/fret-electron/docs/_media/fretishGrammar/timeunit.png,7145,f3dedf872a4e2dd38055c8d60e295f45449695c47e2cc9429798ffaa79f20723,NASA FRET upstream source snapshot
vendor/fret/fret-electron/docs/_media/fretishGrammar/timing.png,3483,c6c63ed3b653007d197c23598a2ea7ce84bc870f29ef1ce5ce551e6b148d42a9,NASA FRET upstream source snapshot
vendor/fret/fret-electron/docs/_media/fretishGrammar/timing_aux.png,37437,3a63c90585119a63a2c464073fb6db1c1d3dc4b9289895dd610e13a1052d6499,NASA FRET upstream source snapshot
vendor/fret/fret-electron/docs/_media/icons/electric-guitar.jpg,311282,421e892d8588c2f1276fd57a0c0c8e29f17b33c05bece5753c539bb7dc8b4af5,NASA FRET upstream source snapshot
vendor/fret/fret-electron/docs/_media/icons/electric-guitar.png,525882,fd74d8ae53b566e1e542de89c210f5a11c0d5c0af5bf17fc7db898ab42540e77,NASA FRET upstream source snapshot
vendor/fret/fret-electron/docs/_media/icons/guitar-icon.png,5856,5be57cd1b8fc562403e001486dace0c25bb436a622b37e6fc5098f6aa7d3dcea,NASA FRET upstream source snapshot
vendor/fret/fret-electron/docs/_media/installingFRET/Troubleshooting.md,1370,912a46e692d0711f06cb3e8aa5f7fcf867534e05fdda83345cd8163da3dc6147,NASA FRET upstream source snapshot
vendor/fret/fret-electron/docs/_media/installingFRET/buildingExecutables.md,4387,1fcafef47b1e3d0b2e818972f5f1146eba2beb50ba8dd1cf075adddd092824aa,NASA FRET upstream source snapshot
vendor/fret/fret-electron/docs/_media/installingFRET/installationInstructions.md,3255,3bed1d108b09e8e35cabbfd4748c98934fd39ab5d611c56d6d6846c446179298,NASA FRET upstream source snapshot
vendor/fret/fret-electron/docs/_media/installingFRET/installation_windows.md,3786,1d55d269d27171c3db85cff2b09ed7518f8982b30e891890179a48445dba3618,NASA FRET upstream source snapshot
vendor/fret/fret-electron/docs/_media/screen_shots/AnalysisPortal.png,71207,ab98acc4bc0ce860dfb3facf4083aa80e04553e90ff0d770fe0fc050186a5e7d,NASA FRET upstream source snapshot
vendor/fret/fret-electron/docs/_media/screen_shots/AnalysisPortal2b.png,62319,161f5bd5fb1f5ff3b55441b54135dbfe2b31d95576592a6327234e54cb0418b0,NASA FRET upstream source snapshot
vendor/fret/fret-electron/docs/_media/screen_shots/AnalysisPortal2bInsideFRET.png,209070,53d1a96ee6bc7b77ff51d48b25e207ae803167bb718dcff88ec7ad82576436bc,NASA FRET upstream source snapshot
vendor/fret/fret-electron/docs/_media/screen_shots/AnalysisPortal3.png,33247,2cb60ef1334e2b9dca7f009f79ec6980a166131f8147e628c379dabdbcf130da,NASA FRET upstream source snapshot
vendor/fret/fret-electron/docs/_media/screen_shots/AnalysisPortal3_v3.0.png,29045,4288d6cef26be9958c51922d242680432df39e33a49697fc782ad413ca376085,NASA FRET upstream source snapshot
vendor/fret/fret-electron/docs/_media/screen_shots/AnalysisPortal4a.png,54599,4acd07f6b8359065b3eb7b19a9c29a45d03d564aba26bc74d0b90fb7c3253733,NASA FRET upstream source snapshot
vendor/fret/fret-electron/docs/_media/screen_shots/AnalysisPortal4a_v3.0.png,44128,953c865e46caf3c10ce80fe3cfc28f183f65001d1a1a695586546a02768340d1,NASA FRET upstream source snapshot
vendor/fret/fret-electron/docs/_media/screen_shots/AnalysisPortal4b.png,62314,a2a5eb8b3492d7912549b21d48e68c2628cc2420798ecb96ebbfda1937870361,NASA FRET upstream source snapshot
vendor/fret/fret-electron/docs/_media/screen_shots/AnalysisPortal4b_v3.0.png,46389,e895f5ff0154078b4ad42d6d2c1e158c7848077a9dc16b2d0e448cbaccd32c88,NASA FRET upstream source snapshot
vendor/fret/fret-electron/docs/_media/screen_shots/AnalysisPortal4c.png,80254,a4afedf3e1483f603f4cde68e15d58354c1b1c8d308a6a9e38aac31b04e95adb,NASA FRET upstream source snapshot
vendor/fret/fret-electron/docs/_media/screen_shots/AnalysisPortal4c_v3.0.png,57814,d266c4e4ad7ee6d7dbe0c45f3c51bcaa7c19440305839fd21cc1d378bcbc359a,NASA FRET upstream source snapshot
vendor/fret/fret-electron/docs/_media/screen_shots/AnalysisPortal4d.png,95798,3f674767351d9d01283ef3778fd77a762b68f1723d35efcd294608a619fe2f9f,NASA FRET upstream source snapshot
vendor/fret/fret-electron/docs/_media/screen_shots/AnalysisPortal4d_v3.0.png,64702,75c2a3b933263e3e9c554de326b7c0da3fef0fba5bf1cbd118256e4405e00f9d,NASA FRET upstream source snapshot
vendor/fret/fret-electron/docs/_media/screen_shots/AnalysisPortal4e.png,51446,6a158660731a90dd5ef834e30922b6863ff2939bcd733090a17efa7911a25d75,NASA FRET upstream source snapshot
vendor/fret/fret-electron/docs/_media/screen_shots/AnalysisPortal5.png,51089,a3f3ecd0b70b6a41ffc225392575e0c2589a0d34c85acbdb9d5e6c5ff99fd570,NASA FRET upstream source snapshot
vendor/fret/fret-electron/docs/_media/screen_shots/AnalysisPortal5Copilot.png,60109,55911a11ae48a972b824efe6b99b118b732af423dc0b5ca0cf7e15599432785b,NASA FRET upstream source snapshot
vendor/fret/fret-electron/docs/_media/screen_shots/AnalysisPortal5_cocospec_options.png,59935,cab5f633c202efe0362410faf0a6d1c972e26e8c04b9d3b24593cee1d2687e88,NASA FRET upstream source snapshot
vendor/fret/fret-electron/docs/_media/screen_shots/AnalysisPortal5_new.png,58898,719fa300c5491e217fb770994deb02524682946a1035679581834b3b972789b8,NASA FRET upstream source snapshot
vendor/fret/fret-electron/docs/_media/screen_shots/AnalysisPortal5b.png,92551,1f5dc819578d9ab68e0b1a8afb93368f64b9cf2b495b0e070e17c51343546bd0,NASA FRET upstream source snapshot
vendor/fret/fret-electron/docs/_media/screen_shots/AnalysisPortalStep1.png,89885,e095ff3db57c16ad29cc550469024fd645d75fc06f565f1cc6ace88f0274c50f,NASA FRET upstream source snapshot
vendor/fret/fret-electron/docs/_media/screen_shots/AnalysisPortalStep2a.png,17612,77945df929c1c9da5d3d8e2c14f0f9fab63c71d6cd3d3d9e5a05cd4e4c185ed5,NASA FRET upstream source snapshot
vendor/fret/fret-electron/docs/_media/screen_shots/AnalysisPortalStep2aInsideFRET.png,30368,ddf22c021059241fa446c2ed4fa5fed4c3afb044d3cb68387a6b5d209fe92eaa,NASA FRET upstream source snapshot
vendor/fret/fret-electron/docs/_media/screen_shots/AnalysisPortalStep2c.png,54458,eee874fc4e91f25bcde6088dede04fe1345899d27543c23e07df43808c79b1a4,NASA FRET upstream source snapshot
vendor/fret/fret-electron/docs/_media/screen_shots/AnalysisPortalStep2c_v3.0.png,38190,d7bde6502f95a957c8c1b8952d583e82cbd5db66d8065b1fdecc48f305facea6,NASA FRET upstream source snapshot
vendor/fret/fret-electron/docs/_media/screen_shots/Bulk Change2.png,108333,88a2b57d6cff29465b611eea24ac9f09c4ea79816659780a72d66eea1be40364,NASA FRET upstream source snapshot
vendor/fret/fret-electron/docs/_media/screen_shots/BulkChange1.png,120040,501afe13a54d107807e2382f3a22f6ea3ab035c112c6045f2d5a2e548cf1d951,NASA FRET upstream source snapshot
vendor/fret/fret-electron/docs/_media/screen_shots/BulkChange3.png,109773,05388d92163bfd01f7b755f6756ba801b02b8608c8d3d4d137f470b616304186,NASA FRET upstream source snapshot
vendor/fret/fret-electron/docs/_media/screen_shots/BulkEditView2.png,191923,ca142f0e3c3fabecf724066100a898c9174105806990dba9d29aa64e841883d6,NASA FRET upstream source snapshot
vendor/fret/fret-electron/docs/_media/screen_shots/ChordDiagram.png,69590,b874911645defad8aabe2b2514f535fbb84ca08ff0c44901c65026bda5b581d5,NASA FRET upstream source snapshot
vendor/fret/fret-electron/docs/_media/screen_shots/ChordDiagram2.png,64115,7fcf834ae5b94ad59cd242ec9e1c012de239348b2d4661d75687ae08c033c7bc,NASA FRET upstream source snapshot
vendor/fret/fret-electron/docs/_media/screen_shots/ChordDiagramConflict.png,72220,f26a283f7761a7f360b9c63c2c2a0373d9dff9581bec7355fe8a03a6d5989105,NASA FRET upstream source snapshot
vendor/fret/fret-electron/docs/_media/screen_shots/ChordDiagramConflict2.png,87110,b2acaccff2fd496baff8edbb4b58efe0b3cb416d09a8e284f976cafc1485d2c0,NASA FRET upstream source snapshot
vendor/fret/fret-electron/docs/_media/screen_shots/ChordDiagramRequirements.png,74957,3d2cbdd550194b59d61d841426d40b5a0a6909b51d4c137348e32163704ca824,NASA FRET upstream source snapshot
vendor/fret/fret-electron/docs/_media/screen_shots/ChordDiagramRequirements2.png,85663,d34ec5fc86cafb7b23dea7b07da8f5fb1c1b7c29f495b64dd14e5286647737e4,NASA FRET upstream source snapshot
vendor/fret/fret-electron/docs/_media/screen_shots/CircularView.png,246521,9201cf91bb11a1f73f6189073a11f7d15a9eeed67037730a005a287134ce1df7,NASA FRET upstream source snapshot
vendor/fret/fret-electron/docs/_media/screen_shots/CoCoSpecStep1.png,494766,14439e0122c9ebcdb151a2b536b0e6908fc4738de393507ec7093b124630f6fa,NASA FRET upstream source snapshot
vendor/fret/fret-electron/docs/_media/screen_shots/CreateRequirement.png,156671,9fbc368994d0be237fbef24949da09680a6a9904af1b442bb0f2402b6b72782c,NASA FRET upstream source snapshot
vendor/fret/fret-electron/docs/_media/screen_shots/Dashboard.png,234274,585d4d34da8c8ee8fd49d2e00005f795cdb3350d6fba07193164f7230f3fe702,NASA FRET upstream source snapshot
vendor/fret/fret-electron/docs/_media/screen_shots/DictionaryExtendedVariable.png,142532,4010235e83bac95e57c95edaa87eb9ee3245e27e434e42f255fca781bf23ffc5,NASA FRET upstream source snapshot
vendor/fret/fret-electron/docs/_media/screen_shots/DictionaryVariables.png,118313,1e3db577aa9495a0df68cf4950b6c62166ca4c8f86c1e61ab23ee769b9b3cc28,NASA FRET upstream source snapshot
vendor/fret/fret-electron/docs/_media/screen_shots/EditRequirement.png,390644,1cd32ae858decf451179fbbc3ba544444192b75280fdda250138a53d4d374aba,NASA FRET upstream source snapshot
vendor/fret/fret-electron/docs/_media/screen_shots/Export-1a.png,123245,3fad8953fcb7be5af6587cf78db72b8aca6466bdf0558d792458282c95ed4277,NASA FRET upstream source snapshot
vendor/fret/fret-electron/docs/_media/screen_shots/Export-2.png,232845,eedb8794a45b2899e8ab5b0dbbd33c6886833e47a7461ca6fa7aac53cba745fd,NASA FRET upstream source snapshot
vendor/fret/fret-electron/docs/_media/screen_shots/Export-2b.png,418344,46692907ce0f85eef634aa0b8a31cb9d9787b2c7a7e3a2752c56d650f563e2e8,NASA FRET upstream source snapshot
vendor/fret/fret-electron/docs/_media/screen_shots/Export-2c.png,352447,70b87aa2652320c05870049119c1c39d2a2d4804034bd57fc4563606c787b1be,NASA FRET upstream source snapshot
vendor/fret/fret-electron/docs/_media/screen_shots/Export-2d.png,359288,d956da77a66ea4e7a7e52258f54f945f873989cc8dcf9a977a226fc3e2a7ec98,NASA FRET upstream source snapshot
vendor/fret/fret-electron/docs/_media/screen_shots/Export-3.png,233789,48d0de1482a2ac91ada2e0a07e934d291ba6e120292e9a7c4e52eab13f74d1bb,NASA FRET upstream source snapshot
vendor/fret/fret-electron/docs/_media/screen_shots/Export-4.png,703932,59ead6a95ab5a4a6eb0d299c58cfa3be4d6df4bfaf46d3007a0d5fb1dc454a9b,NASA FRET upstream source snapshot
vendor/fret/fret-electron/docs/_media/screen_shots/ExportRequirements.png,174952,66e4fa3fc8a84848146d82f3d1787e6f7df1878b0f0550fed3a462e45d73f72d,NASA FRET upstream source snapshot
vendor/fret/fret-electron/docs/_media/screen_shots/Import-1.png,126215,1ed71e78decb218ce8a7138265db6c73088d92558fb133792ac15d7c739ec3c9,NASA FRET upstream source snapshot
vendor/fret/fret-electron/docs/_media/screen_shots/Import-2a.png,313489,c6634c43a8f987b13bf9ad943e0c7e1660306d81da79d3b85fa43e3182d7cbf5,NASA FRET upstream source snapshot
vendor/fret/fret-electron/docs/_media/screen_shots/Import-3.png,418838,23f1ed0a7650510c288807fae4e6371ce0e1879a3e79f853d0e5f0f2b3165f7f,NASA FRET upstream source snapshot
vendor/fret/fret-electron/docs/_media/screen_shots/Import-4.png,193739,f07ef70c8176f3cac5dfdf9aacd5926bca27b5053006bbcc6d58e7eeeddee57d,NASA FRET upstream source snapshot
vendor/fret/fret-electron/docs/_media/screen_shots/Import-5.png,193174,f74afe25f2a7760bfb8a70d0bf63958faacfd92f9a7f2c7ea94cf7572f02283a,NASA FRET upstream source snapshot
vendor/fret/fret-electron/docs/_media/screen_shots/Import-6.png,195923,912dcd0902077a805a3b191c9068f251dd52edf3d322f9efd036c4e0ede2ec48,NASA FRET upstream source snapshot
vendor/fret/fret-electron/docs/_media/screen_shots/Import-7.png,198025,6e29fdd796b97e6e03dfad3c4f7855ffaf40040f3942bf2ff83d74f9571180ab,NASA FRET upstream source snapshot
vendor/fret/fret-electron/docs/_media/screen_shots/LTLSIM-MAIN-NUM.png,232849,3cbbbecb6f09a10f12a0e4ed596e743db51349a346d58d333f902f73711a4367,NASA FRET upstream source snapshot
vendor/fret/fret-electron/docs/_media/screen_shots/LTLSIM-REQ-DETAIL.png,133329,aad43049d996895d1d8fd683abd9b4c6aa609c3a84cda55da75b1f5fd6f7d05b,NASA FRET upstream source snapshot
vendor/fret/fret-electron/docs/_media/screen_shots/LTLSIM-REQ-SEL.png,350738,9b89353150c55de143751033f3d425ae54eb9f98dfb7a1c2535c6d53d6643a06,NASA FRET upstream source snapshot
vendor/fret/fret-electron/docs/_media/screen_shots/LTLSIM-TRACE-DIALOG.png,312990,726baa268bf90ad75a34fd54b04a6c3ba82e76378bce954c3ceecac1741c9780,NASA FRET upstream source snapshot
vendor/fret/fret-electron/docs/_media/screen_shots/LTLSIM-change-tracelength.png,234309,6575d2ab3e0a1999d71ce2da897b4aad861ca1267f18b6aafe39b50117ca8aab,NASA FRET upstream source snapshot
vendor/fret/fret-electron/docs/_media/screen_shots/R2U2Workflow.png,233981,5987880d6e60b369d92de64c191f38547a2bac9d24997c0885cd6924ae2b259b,NASA FRET upstream source snapshot
vendor/fret/fret-electron/docs/_media/screen_shots/Realizability.png,108533,d92c343c58c373a6a0698b5157a70a070d399389507962fa0478d8b459cda7cd,NASA FRET upstream source snapshot
vendor/fret/fret-electron/docs/_media/screen_shots/Realizability2.png,109238,16eec7fdb029cf1bf6d35e10906500a0325fbfe8867b415c9f7dee59426eb431,NASA FRET upstream source snapshot
vendor/fret/fret-electron/docs/_media/screen_shots/RealizabilityCompositional.png,110012,2d5d50c9f6169b1e43a2ba43532fce0fb7a494b9d87becba1c7dfcd7fa8b064e,NASA FRET upstream source snapshot
vendor/fret/fret-electron/docs/_media/screen_shots/RealizabilityCompositional2.png,123196,b5f182ca5fe6a3f05e813a6e17c97abbe2040eb4c3fd77ef3f04cc01b33167d7,NASA FRET upstream source snapshot
vendor/fret/fret-electron/docs/_media/screen_shots/RealizabilityMonolithic.png,104915,a0e64530c364d9c21d47d82d418137c334b623c2360cb3cd559efd9d6951086a,NASA FRET upstream source snapshot
vendor/fret/fret-electron/docs/_media/screen_shots/RealizabilityMonolithic2.png,117473,bc69f9202a67df66500bd9d8dce8425cdde616bd1ad0a5517b653fbf46b4a51c,NASA FRET upstream source snapshot
vendor/fret/fret-electron/docs/_media/screen_shots/SemanticsAndFormalizations.png,179498,e9ba4f8b69431d6b2f1f04a626a3eeb336502e068058b0b84e4b3f404920a2b9,NASA FRET upstream source snapshot
vendor/fret/fret-electron/docs/_media/screen_shots/SemanticsView.png,314803,2349d78046d022cc6c65536239aac9d667508386001dc56927992864ea980811,NASA FRET upstream source snapshot
vendor/fret/fret-electron/docs/_media/screen_shots/SortableTable.png,162109,4554875d34d29d5f7246fbce73a8b6f29a244883b192eb7fe2517133a7b8ce37,NASA FRET upstream source snapshot
vendor/fret/fret-electron/docs/_media/screen_shots/TabularStatus.png,102271,98d4ea9abef219e19676403559588cb171df420a92b3deea39b7e2b1b3d8e881,NASA FRET upstream source snapshot
vendor/fret/fret-electron/docs/_media/screen_shots/TemplateEditor.png,287735,4f7d8cc80c2412a3cbc132b33eb1b36c975eec23f6932b81a25c9fcd3cde2e86,NASA FRET upstream source snapshot
vendor/fret/fret-electron/docs/_media/screen_shots/TemplateExampleAfterEditor.png,153672,7a33c290d4e3e2bf42c8ebbe5654be63bc316647830e3892b75391a348b2eea3,NASA FRET upstream source snapshot
vendor/fret/fret-electron/docs/_media/screen_shots/TestCaseGen_AnalysisTab.png,107778,d9b9a89672766fe1b216b69a1f32bdfc08cf9832480fa0bc9cb1f948f040c896,NASA FRET upstream source snapshot
vendor/fret/fret-electron/docs/_media/screen_shots/TestCaseGen_Export.png,56038,dbb9f5ef3203c075ae286b31fa060053be61aff4c1e227e933033c6006f75bd1,NASA FRET upstream source snapshot
vendor/fret/fret-electron/docs/_media/screen_shots/TestCaseGen_ExportTestObligation_Options.png,37276,9ea060d74db5318c47ba32470d988f059a93b036c93cd949bead169a1f580897,NASA FRET upstream source snapshot
vendor/fret/fret-electron/docs/_media/screen_shots/TestCaseGen_ExportTestObligations.png,31366,84d3ed41b57819491d21836870d6b097b23607f498b847142fd06c6ba7617d83,NASA FRET upstream source snapshot
vendor/fret/fret-electron/docs/_media/screen_shots/TestCaseGen_GenTests.png,56544,9af2f19153eff66e99b9af4b0db4bd79aaee6d115b9c12cbce2885f48f4c4235,NASA FRET upstream source snapshot
vendor/fret/fret-electron/docs/_media/screen_shots/TestCaseGen_LTLSIM_ObserveTrace.png,38886,7c39226dc269fdbf86516b3ea93350746fa8d1a3c62ffb0e842b0b7aedd3474b,NASA FRET upstream source snapshot
vendor/fret/fret-electron/docs/_media/screen_shots/TestCaseGen_LTLSIM_SelectTrace.png,57907,67353134c4cfef69888246abc650c30eda581b6e7ebdfe5339fea88362607b59,NASA FRET upstream source snapshot
vendor/fret/fret-electron/docs/_media/screen_shots/TestCaseGen_LTLSIM_Trace.png,36981,bc01fd3b1b4052879ed8311f3b73bacf89eff5b743cd26373edde4518ab80b08,NASA FRET upstream source snapshot
vendor/fret/fret-electron/docs/_media/screen_shots/TestCaseGen_SelectComponent.png,29345,ebc84a65ba4d4d7d97deeb254988befbf90671b92b1a8de1421ecc355ec43c3c,NASA FRET upstream source snapshot
vendor/fret/fret-electron/docs/_media/screen_shots/TestCaseGen_SelectReqs.png,93487,1c786670c018b992701ed68b050e1f991319cc5112e128a669ac556932a37cb7,NASA FRET upstream source snapshot
vendor/fret/fret-electron/docs/_media/screen_shots/TestCaseGen_Simulate.png,55975,2bab38c0e2fae1978cff408eec5ae14ad98ab4aaaac5646507e792e50ff1886f,NASA FRET upstream source snapshot
vendor/fret/fret-electron/docs/_media/screen_shots/TestCaseGen_Success.png,56352,8198ba689ad69fcc907001caf4d2be3ad4472d48f284a7317354acb7b68d9ef4,NASA FRET upstream source snapshot
vendor/fret/fret-electron/docs/_media/screen_shots/TestCaseGen_VarMapComplete.png,72959,c921784ec9b98fc80e0cc1e869c2180a2af84501b820e8d3673dbd9b4ba6a6fe,NASA FRET upstream source snapshot
vendor/fret/fret-electron/docs/_media/screen_shots/VariableDictionary.png,112465,08d0b9c44ce018090de9a13c382288ddf9b83059f7f0e5f96a2f7058e67a1b5e,NASA FRET upstream source snapshot
vendor/fret/fret-electron/docs/_media/screen_shots/VariableMappingRealizability.png,96897,c2e8176362aa2c18f5585a7ebc17a948c53884dd7e86de9a8ab172202daaebec,NASA FRET upstream source snapshot
vendor/fret/fret-electron/docs/_media/screen_shots/WESTFormat.png,109715,0255d0fcdb75f934fcbf62d28a0128dfe068da3662dac8e532ec13e4cf81bb72,NASA FRET upstream source snapshot
vendor/fret/fret-electron/docs/_media/screen_shots/WriteProbabilisticRequirement.png,57747,d1023d3e0376537f594467655f828b85ce2e0825fb28513f46b445d1bae801ee,NASA FRET upstream source snapshot
vendor/fret/fret-electron/docs/_media/screen_shots/WriteRequirement.png,46851,1b5a8517745d8e6300c2e4f020fd541ad4756fe116d13c9c79aa2fb32ac9220e,NASA FRET upstream source snapshot
vendor/fret/fret-electron/docs/_media/screen_shots/autocomplete.png,158493,90eb1f19293601a631c4a330e18968e60b7dc32f83222affd41bc3c8461e4330,NASA FRET upstream source snapshot
vendor/fret/fret-electron/docs/_media/screen_shots/change_state_template.png,337376,6cf6be7b785f3b07d792e64b3b44c06fee7bc515bf6cabd2b6b12f27ba8635ce,NASA FRET upstream source snapshot
vendor/fret/fret-electron/docs/_media/screen_shots/cygwin_test_prerequisites.png,25652,7c1607e6e76ece9f7856066dd45ced73c6f39e12732fe8df34d2add1f8383d12,NASA FRET upstream source snapshot
vendor/fret/fret-electron/docs/_media/screen_shots/fret-Copilot.png,18403,978202d47b9bd6360469b9acd3c9873a32d511788bed3f3dd9183c9ae6fe0f20,NASA FRET upstream source snapshot
vendor/fret/fret-electron/docs/_media/screen_shots/fret-on-windows.png,438323,1b7ca8cb4d293e451b3f9e6d427d1553dd5ef5fc773b9c92c6fa530da4dadb3c,NASA FRET upstream source snapshot
vendor/fret/fret-electron/docs/_media/screen_shots/fret_coco_1.png,57125,e546f70e0e1b5a197c4b4e4ceed70245392f9230d8e3159eebc86335a70fc072,NASA FRET upstream source snapshot
vendor/fret/fret-electron/docs/_media/screen_shots/invalid_json_import.png,103648,82a9b4896e7e684f8f9db25258a7ed70bb13dd8adb3a1584b109b5f5a09636cc,NASA FRET upstream source snapshot
vendor/fret/fret-electron/docs/_media/screen_shots/ltlsim_SC1.png,130538,e4f1860ac7bf0e2b955113dd885fff47fb76116093a9a0864987249d0a22922a,NASA FRET upstream source snapshot
vendor/fret/fret-electron/docs/_media/screen_shots/ltlsim_SC2.png,32261,d23382f0b7ce4bafea152597527bea4d3ed169ac7ecc35821853a27b5a6f36d7,NASA FRET upstream source snapshot
vendor/fret/fret-electron/docs/_media/screen_shots/ltlsim_SC4.png,32542,f8ba15a86eb65157c5901cd5c43b6208132d874b2f5c4d6aea8d89083026b176,NASA FRET upstream source snapshot
vendor/fret/fret-electron/docs/_media/screen_shots/ltlsim_SC5.png,36511,89f18e8a039700e5616757dab03e12ebb80f8e29231251afeebc579bdd99f842,NASA FRET upstream source snapshot
vendor/fret/fret-electron/docs/_media/screen_shots/ltlsim_SC6.png,32613,854c1b03b5faa3419da329fc06ffa5e5ce3392ee109dc74577a51d8af9bdb64d,NASA FRET upstream source snapshot
vendor/fret/fret-electron/docs/_media/screen_shots/ltlsim_SC7.png,35687,46861d38c4d7e84588316a3545661c664aad4b81f606de8619a614e307bb4d51,NASA FRET upstream source snapshot
vendor/fret/fret-electron/docs/_media/screen_shots/ltlsim_main.png,23422,e9ca6aaa0932b7921333dd2b7918c3b182949474b8afa90bdc4a877ac7752b63,NASA FRET upstream source snapshot
vendor/fret/fret-electron/docs/_media/screen_shots/ltlsim_reqeditor.png,122788,c7c2bcff53fafe9f1ebe100cdd243f99000cbdb30efe688fceaa7e7ac2bd51fe,NASA FRET upstream source snapshot
vendor/fret/fret-electron/docs/_media/screen_shots/nvm_installed_nodejs.png,15413,0aafb1925b2445370bb0b4e3812abdab174c9e3a49b8ce539e5647fa72782b30,NASA FRET upstream source snapshot
vendor/fret/fret-electron/docs/_media/screen_shots/variable-glossary.png,186999,ac79ef7dc25e2674cfdc68882a528e6ac6756f577fb3b944ec98a304cb3034de,NASA FRET upstream source snapshot
vendor/fret/fret-electron/docs/_media/semantics/fretishSemantics.pdf,158996,bc1fdbfb94f01738a406c9a6a9b31fbabf1d053fbb99037077af0964039453ca,NASA FRET upstream source snapshot
vendor/fret/fret-electron/docs/_media/semantics/patterns/after_null_after_action.md,1246,73664e4d1fa1c04de12aae2d5f90417727b4d9ae20447ae1d8ec65e16c4cb77d,NASA FRET upstream source snapshot
vendor/fret/fret-electron/docs/_media/semantics/patterns/after_null_after_not_order.md,477,0ad21ce2580514995bd4611a69ea36b57e2a0aa171611e64dbeaf9be9e39d633,NASA FRET upstream source snapshot
vendor/fret/fret-electron/docs/_media/semantics/patterns/after_null_after_order.md,444,874763e248f3e08fd6c9fbed41ad5368618596d645823ffb6d78ee60cf8840de,NASA FRET upstream source snapshot
vendor/fret/fret-electron/docs/_media/semantics/patterns/after_null_after_satisfaction.md,1412,13824ee4759638e9cda50d023e1b17501cbabae7237af75401790e6ac76891c1,NASA FRET upstream source snapshot
vendor/fret/fret-electron/docs/_media/semantics/patterns/after_null_always_action.md,1078,6653ed2e55263494752c74a50c351f4c6b8f42c3bbe1f867d3d9555543a4573c,NASA FRET upstream source snapshot
vendor/fret/fret-electron/docs/_media/semantics/patterns/after_null_always_not_order.md,394,b7168ca89ceffbb30299e055065f2522fc3e8bdc3c79214955c92093a52ba307,NASA FRET upstream source snapshot
vendor/fret/fret-electron/docs/_media/semantics/patterns/after_null_always_order.md,411,dac2d4ab2676d43bb7e3b364f31f3f121c0036e82297191771a1cc7a3da9b890,NASA FRET upstream source snapshot
vendor/fret/fret-electron/docs/_media/semantics/patterns/after_null_always_satisfaction.md,1147,079e98eaed5b15ca1cf746d623461606842b7b2ea1c9853134d8eca756788930,NASA FRET upstream source snapshot
vendor/fret/fret-electron/docs/_media/semantics/patterns/after_null_eventually_action.md,1101,1a9489dcc2748a9a44efeba3bc7da5e73bc8370502f2140dfd7cbf80e446b90f,NASA FRET upstream source snapshot
vendor/fret/fret-electron/docs/_media/semantics/patterns/after_null_eventually_not_order.md,427,93cb329ef8cf041cf9e85484bfea9ed03622b0a6e23c6a0b7043e91b464c3f9d,NASA FRET upstream source snapshot
vendor/fret/fret-electron/docs/_media/semantics/patterns/after_null_eventually_order.md,394,f5e101b03b619462b4c0f730fce55718180ffe2c9a9ff89798df38f2aead652d,NASA FRET upstream source snapshot
vendor/fret/fret-electron/docs/_media/semantics/patterns/after_null_eventually_satisfaction.md,1220,314e851ef604362a1d5c6a45d316473f8b56b875f00f8cd3fb0867af68595693,NASA FRET upstream source snapshot
vendor/fret/fret-electron/docs/_media/semantics/patterns/after_null_immediately_action.md,1080,493fd2339f31e23125dca7c8d896595b9b9875c38019272deaead6aebe72b481,NASA FRET upstream source snapshot
vendor/fret/fret-electron/docs/_media/semantics/patterns/after_null_immediately_not_order.md,456,1c62019ba757c47dca4de809bda51613f848e4874ee7470f61ae727d56abfa7e,NASA FRET upstream source snapshot
vendor/fret/fret-electron/docs/_media/semantics/patterns/after_null_immediately_order.md,473,46f82102949ef2f90d028652d18ce1aeaeb447e7c5c54dcfe8d086f7e9557159,NASA FRET upstream source snapshot
vendor/fret/fret-electron/docs/_media/semantics/patterns/after_null_immediately_satisfaction.md,1199,a68bad5ea139294202b5a4286939490a78465e326dae81b645bd2acf2461e390,NASA FRET upstream source snapshot
vendor/fret/fret-electron/docs/_media/semantics/patterns/after_null_never_action.md,1077,4a1802cb42b677224dbafae0d55625facf62837981123870f3b4ac50bc4febd7,NASA FRET upstream source snapshot
vendor/fret/fret-electron/docs/_media/semantics/patterns/after_null_never_not_order.md,444,0249699878d3288933a74b3fe4ac64bc3e635930c15a6ab085cca7fd4f036ec3,NASA FRET upstream source snapshot
vendor/fret/fret-electron/docs/_media/semantics/patterns/after_null_never_order.md,436,c4aa6a629eb2d445c6cc350ad83ee6fb04b570e2af86485f70e51fcf76a015e7,NASA FRET upstream source snapshot
vendor/fret/fret-electron/docs/_media/semantics/patterns/after_null_never_satisfaction.md,1171,0ee1e460d59197d29a04be6f36965fa7aa7b7965b2a4e76e73456b052bac5e93,NASA FRET upstream source snapshot
vendor/fret/fret-electron/docs/_media/semantics/patterns/after_null_null_action.md,1093,6a5e89ba848c796c4aa4a08cb4e2d107df7eb10c1fc1ed906859fb4d51442dc6,NASA FRET upstream source snapshot
vendor/fret/fret-electron/docs/_media/semantics/patterns/after_null_null_not_order.md,464,87d7ce4e6c67095b88a67c0434137d754d72863a71e23c42eb4fc093bb8004d6,NASA FRET upstream source snapshot
vendor/fret/fret-electron/docs/_media/semantics/patterns/after_null_null_order.md,431,466f8fd32a39b3973c9b2e7dd053a346982aba5982114c3b79f7c4796c9a8c59,NASA FRET upstream source snapshot
vendor/fret/fret-electron/docs/_media/semantics/patterns/after_null_null_satisfaction.md,1187,b5bed961e68095ef35197e6b0c9c20a3feb26a14ada514bb01fdd0250f2d557d,NASA FRET upstream source snapshot
vendor/fret/fret-electron/docs/_media/semantics/patterns/after_null_within_action.md,1196,c70ad7a71455ea60fae6c41d3e14fcadc96ebb039d4dd951885b20bf089687d2,NASA FRET upstream source snapshot
vendor/fret/fret-electron/docs/_media/semantics/patterns/after_null_within_not_order.md,479,dafdd40c65038fd93b1a253fe5c9bfaf3f5eaa5ae5b635d2c80a8fa86644a5f3,NASA FRET upstream source snapshot
vendor/fret/fret-electron/docs/_media/semantics/patterns/after_null_within_order.md,446,51076702d9e6593c54098ad4044a304da4363e1554e3347c40123e6f9c8e1f87,NASA FRET upstream source snapshot
vendor/fret/fret-electron/docs/_media/semantics/patterns/after_null_within_satisfaction.md,1314,2440af23e50d5228b3d826b2a027fa01956e744f7aa711c3957d46d19f0e9761,NASA FRET upstream source snapshot
vendor/fret/fret-electron/docs/_media/semantics/patterns/after_only_after_action.md,432,ba55e237196029621437e6da7ed79f0024a9de011c056261a803f6ae47536252,NASA FRET upstream source snapshot
vendor/fret/fret-electron/docs/_media/semantics/patterns/after_only_after_not_order.md,508,aebb0c42fd04edee77f5f447359684019dfa95e83886720c68d648f3dc2f0901,NASA FRET upstream source snapshot
vendor/fret/fret-electron/docs/_media/semantics/patterns/after_only_after_order.md,500,b31cac09373c28daade36bf5a62d7858e62be4474134237f1a9c3cd1c1cd6a03,NASA FRET upstream source snapshot
vendor/fret/fret-electron/docs/_media/semantics/patterns/after_only_after_satisfaction.md,435,89fa0101eb4d93dc90ef5f2e819fee579c3d89f5b2fc3a4633baf60130490952,NASA FRET upstream source snapshot
vendor/fret/fret-electron/docs/_media/semantics/patterns/after_only_always_action.md,426,32028441d33837b7ccd9432baecaa8c5e696e2035be63f2417b74046a5e68f3f,NASA FRET upstream source snapshot
vendor/fret/fret-electron/docs/_media/semantics/patterns/after_only_always_not_order.md,450,d053ede65eac633c0fa88c221d5c5ef0b94eaa32d278a4a9a4063c0f4f06a152,NASA FRET upstream source snapshot
vendor/fret/fret-electron/docs/_media/semantics/patterns/after_only_always_order.md,442,01fefff177220de61cb63fceb677459de43a1950bd9ed7782d45861990bb8b13,NASA FRET upstream source snapshot
vendor/fret/fret-electron/docs/_media/semantics/patterns/after_only_always_satisfaction.md,454,b8afc7b082046bf666374bccb096874ad4637df59fe72c7960c6e5379883cc8e,NASA FRET upstream source snapshot
vendor/fret/fret-electron/docs/_media/semantics/patterns/after_only_eventually_action.md,434,e148eefab21a5b8b508283b15dbb25263bf46bab21d8a91a45ab62e1a89e556b,NASA FRET upstream source snapshot
vendor/fret/fret-electron/docs/_media/semantics/patterns/after_only_eventually_not_order.md,458,430ef9671518a04d0d5a2716c47672908c6c4fb8d3c6b94d3fe4b214461acd69,NASA FRET upstream source snapshot
vendor/fret/fret-electron/docs/_media/semantics/patterns/after_only_eventually_order.md,450,7e30cd2bb5befe25df9039db01227c220400e587945a1838cc499aded31477a5,NASA FRET upstream source snapshot
vendor/fret/fret-electron/docs/_media/semantics/patterns/after_only_eventually_satisfaction.md,462,f47292b7d99e06e258e637d4d98c4f6ad846294f160c479a74b22a2ae6ae83e9,NASA FRET upstream source snapshot
vendor/fret/fret-electron/docs/_media/semantics/patterns/after_only_immediately_action.md,436,157927aa64630397934cba71f7731336dfa991b51af6ed567e53fe252a108ae0,NASA FRET upstream source snapshot
vendor/fret/fret-electron/docs/_media/semantics/patterns/after_only_immediately_not_order.md,512,bf432233a6f2a07e9a77d6799e473cebd5035e17d7bffafaaafc40a9f106744f,NASA FRET upstream source snapshot
vendor/fret/fret-electron/docs/_media/semantics/patterns/after_only_immediately_order.md,504,f48170e6213db308a338a5930f10db9e1ddea632881556a5ece981551a24a5af,NASA FRET upstream source snapshot
vendor/fret/fret-electron/docs/_media/semantics/patterns/after_only_immediately_satisfaction.md,464,4f646989ba427daeb64bcd4cf295e334440e4c948a50556bb3d041f0bc688dbd,NASA FRET upstream source snapshot
vendor/fret/fret-electron/docs/_media/semantics/patterns/after_only_never_action.md,424,147478a7344baa3100c5d62ec818ab9e958af9a0ec0f8b3cdb2c7d396f719785,NASA FRET upstream source snapshot
vendor/fret/fret-electron/docs/_media/semantics/patterns/after_only_never_not_order.md,500,76e9bb7fcd58d67ff7418493cfc47402412f24a8dc0aa49403527ac37c0974e7,NASA FRET upstream source snapshot
vendor/fret/fret-electron/docs/_media/semantics/patterns/after_only_never_order.md,492,11800caa889def5d7e1506093333023c2edc079367eac4f29f9c470879888eb7,NASA FRET upstream source snapshot
vendor/fret/fret-electron/docs/_media/semantics/patterns/after_only_never_satisfaction.md,427,1a0cdf0b4d7b261fa1dfb879e1728bfbd9d460c620644544fbc7711dc85a50eb,NASA FRET upstream source snapshot
vendor/fret/fret-electron/docs/_media/semantics/patterns/after_only_null_action.md,394,965a091f1742c25bc55d271f34a3100d1710c3ace215dd680adf4a896a652408,NASA FRET upstream source snapshot
vendor/fret/fret-electron/docs/_media/semantics/patterns/after_only_null_not_order.md,470,bfb151680413e097977d0ae7041967ecf6a5fb90420b74b1c9b0826755fadc6a,NASA FRET upstream source snapshot
vendor/fret/fret-electron/docs/_media/semantics/patterns/after_only_null_order.md,487,dc2157e9644108c014a3423f836aec6973f0930b314e1a666c22df4368b7be51,NASA FRET upstream source snapshot
vendor/fret/fret-electron/docs/_media/semantics/patterns/after_only_null_satisfaction.md,422,7d40e7503a9a9b7a52dff9175d08a5d20d00aa17d1b8cecd72b5c3820829753a,NASA FRET upstream source snapshot
vendor/fret/fret-electron/docs/_media/semantics/patterns/after_only_within_action.md,434,5347f0c3fd6be6586ccb999a9a2c7467b622a2a13ad79702f3bd8a415f36fbea,NASA FRET upstream source snapshot
vendor/fret/fret-electron/docs/_media/semantics/patterns/after_only_within_not_order.md,485,f00d84669b88e4c4e53828084124198c8730fdc2574a4edd6737fd74736838be,NASA FRET upstream source snapshot
vendor/fret/fret-electron/docs/_media/semantics/patterns/after_only_within_order.md,502,1625556acfc84fe38af81bb994dbad40467ea8ef22ca258d2d2f120912cb3316,NASA FRET upstream source snapshot
vendor/fret/fret-electron/docs/_media/semantics/patterns/after_only_within_satisfaction.md,462,6a8ed9879ba487512ac76d53a24c0bde87e3058aef2a657361615ea8732f9ac5,NASA FRET upstream source snapshot
vendor/fret/fret-electron/docs/_media/semantics/patterns/after_regular_after_action.md,430,120b801b9c1de20d7d3cb2a664187976053f1d6dcd0636feaf5595cc7a1c258a,NASA FRET upstream source snapshot
vendor/fret/fret-electron/docs/_media/semantics/patterns/after_regular_after_not_order.md,506,6f0f71f6d8e63fb01f88d687ea99c9c909be578725cfd40567920d11b9e876cc,NASA FRET upstream source snapshot
vendor/fret/fret-electron/docs/_media/semantics/patterns/after_regular_after_order.md,498,7abf101167d1658ddbf5a82393ae61c22462765b5bc0db8bd0907e944f6da926,NASA FRET upstream source snapshot
vendor/fret/fret-electron/docs/_media/semantics/patterns/after_regular_after_satisfaction.md,433,1b824e123d6d22d2f28169a56cc8e50e4df771cb932183fca29c3b05aa3ec751,NASA FRET upstream source snapshot
vendor/fret/fret-electron/docs/_media/semantics/patterns/after_regular_always_action.md,424,4a7a2bda76c1ef2095d142f813d53fd46a91a1995a6762e1fa29f274520c1e0a,NASA FRET upstream source snapshot
vendor/fret/fret-electron/docs/_media/semantics/patterns/after_regular_always_not_order.md,448,2fee292990179ebdccf53660a0ca2aee3f92dc230998a3ed9fd0faaaa022d1d6,NASA FRET upstream source snapshot
vendor/fret/fret-electron/docs/_media/semantics/patterns/after_regular_always_order.md,440,5cb958147a31f500a23f755ae1547e72e44bae5297742737d6e40db04d8b9366,NASA FRET upstream source snapshot
vendor/fret/fret-electron/docs/_media/semantics/patterns/after_regular_always_satisfaction.md,452,b6d72f7ffa0727bfae747363da01693c49222528aad6f98c405fc4ae7f0e7bae,NASA FRET upstream source snapshot
vendor/fret/fret-electron/docs/_media/semantics/patterns/after_regular_eventually_action.md,432,0321109e5dc668ef5fa02d0eacee7e124f2686d95b5071f295314a947f4334a1,NASA FRET upstream source snapshot
vendor/fret/fret-electron/docs/_media/semantics/patterns/after_regular_eventually_not_order.md,431,29d04dca44b32b8232db2006ed51c1781c60ec7e3ff20f1b3445d5715bf3c503,NASA FRET upstream source snapshot
vendor/fret/fret-electron/docs/_media/semantics/patterns/after_regular_eventually_order.md,423,13ddc8b047662e5707a38821d7ac2865ac494d95b4bca03678c23d6ab391a70c,NASA FRET upstream source snapshot
vendor/fret/fret-electron/docs/_media/semantics/patterns/after_regular_eventually_satisfaction.md,435,7ce2aa9d69b79bef661d3c6801e0325b3f0f56a43e5efd5ab4c40b4bbe7b4b56,NASA FRET upstream source snapshot
vendor/fret/fret-electron/docs/_media/semantics/patterns/after_regular_immediately_action.md,409,a2eaef28351bfc03c7357aee2f1ba34ce9866cb149bba37d8df00969e8f62f5c,NASA FRET upstream source snapshot
vendor/fret/fret-electron/docs/_media/semantics/patterns/after_regular_immediately_not_order.md,485,22132df8318f5c54deb1f6930f93acea3eb3fc54ff618a6532ae4def2a59da43,NASA FRET upstream source snapshot
vendor/fret/fret-electron/docs/_media/semantics/patterns/after_regular_immediately_order.md,477,200ab56409273af41731bdbe84aa176b70b4eeb5d0c338a354b501807655c641,NASA FRET upstream source snapshot
vendor/fret/fret-electron/docs/_media/semantics/patterns/after_regular_immediately_satisfaction.md,462,6eb438badb960584811031e8858d78e0679496c66320ffb3e92d4b8d5d8cd17f,NASA FRET upstream source snapshot
vendor/fret/fret-electron/docs/_media/semantics/patterns/after_regular_never_action.md,422,3ffe1e05690c5b386615d6401a63cc25077982bdf12064ae7278963f781d4b2b,NASA FRET upstream source snapshot
vendor/fret/fret-electron/docs/_media/semantics/patterns/after_regular_never_not_order.md,473,86358f2d08976de5caafd4d127880026a379f882abbf6e0237d15b991d4073bb,NASA FRET upstream source snapshot
vendor/fret/fret-electron/docs/_media/semantics/patterns/after_regular_never_order.md,490,3045eee5954817c349a3521892e73b347bcc9e2cb8aa68b4748b6b898cf9ee8a,NASA FRET upstream source snapshot
vendor/fret/fret-electron/docs/_media/semantics/patterns/after_regular_never_satisfaction.md,450,22c11da4f2447d239e6650fe9cc50a20b681a08637e190830530db0418d5a63d,NASA FRET upstream source snapshot
vendor/fret/fret-electron/docs/_media/semantics/patterns/after_regular_null_action.md,417,d1d67b0552f3727b5288c6a4b1d24ce51c7595015febf2260a9442b19771f487,NASA FRET upstream source snapshot
vendor/fret/fret-electron/docs/_media/semantics/patterns/after_regular_null_not_order.md,468,24cc3bf40fb507a039c1674f6bc6ddbe19fd2fd36982324dc637c2d7b64052b4,NASA FRET upstream source snapshot
vendor/fret/fret-electron/docs/_media/semantics/patterns/after_regular_null_order.md,485,242e7a41f2509a9ca65a2df375200a1f51b04db5ab9e855abd7b1e43f6d9f21a,NASA FRET upstream source snapshot
vendor/fret/fret-electron/docs/_media/semantics/patterns/after_regular_null_satisfaction.md,445,48d126af615fe6c4fa4da6198eae105f1c709ba6982c46740ddcccece95d0a68,NASA FRET upstream source snapshot
vendor/fret/fret-electron/docs/_media/semantics/patterns/after_regular_within_action.md,407,5a31832c7f66418a0cef2a71a23a2b7e711c74abe5c4165e3dcce80e77a9d436,NASA FRET upstream source snapshot
vendor/fret/fret-electron/docs/_media/semantics/patterns/after_regular_within_not_order.md,483,74954fe843c02e3c2882f0a60fd6a0f3a93b16b67bc08c8850c4131a5744600c,NASA FRET upstream source snapshot
vendor/fret/fret-electron/docs/_media/semantics/patterns/after_regular_within_order.md,500,7e287c89e2a4edba9ebe22402d8557e3f974da1de039c040334ee9f3f32eec5a,NASA FRET upstream source snapshot
vendor/fret/fret-electron/docs/_media/semantics/patterns/after_regular_within_satisfaction.md,435,9a26c32850352d0731f61c217953d631e99049a94d1b7a65fbb14a97271a2dbd,NASA FRET upstream source snapshot
vendor/fret/fret-electron/docs/_media/semantics/patterns/before_null_after_action.md,326,b4f8472265ebc1fdda7c5f0f09d9a6ae2c9c16bf2d49b9d1899efc12326ddb0e,NASA FRET upstream source snapshot
vendor/fret/fret-electron/docs/_media/semantics/patterns/before_null_after_not_order.md,427,064a9cdbf5293a98b1d0a16094cd8a6807e75aba6d04e3c089a33859b129f9b8,NASA FRET upstream source snapshot
vendor/fret/fret-electron/docs/_media/semantics/patterns/before_null_after_order.md,419,799e1ea7c0a0e41c1ac1ce6f86a30d18354968e482340774fd2b62fd0d7de995,NASA FRET upstream source snapshot
vendor/fret/fret-electron/docs/_media/semantics/patterns/before_null_after_satisfaction.md,379,c7bf8208f11b761e1353e5d5c0d4ea1e68188c25afbbc6b646dc6ad569b7f34e,NASA FRET upstream source snapshot
vendor/fret/fret-electron/docs/_media/semantics/patterns/before_null_always_action.md,1089,247b0f6251d51b2c10c704185998d946c0d1da99f4983b339d086a60e9c55f9d,NASA FRET upstream source snapshot
vendor/fret/fret-electron/docs/_media/semantics/patterns/before_null_always_not_order.md,421,fad04528612e6e0139cc53fb329b0028210f30f2ca2b3bd547a00236cb583294,NASA FRET upstream source snapshot
vendor/fret/fret-electron/docs/_media/semantics/patterns/before_null_always_order.md,413,c8ee4ae1854e00968031c24e966200ac178d4d30c5bbad28701f34f8019bd256,NASA FRET upstream source snapshot
vendor/fret/fret-electron/docs/_media/semantics/patterns/before_null_always_satisfaction.md,1183,dc17cf1fd1c267f40e90042d6bb83f601383543986d635bbcf8a4c73a1405de2,NASA FRET upstream source snapshot
vendor/fret/fret-electron/docs/_media/semantics/patterns/before_null_eventually_action.md,964,986b05421a8e46566bc66d486d2ebbd55b1d93b72325e34238b54be1eeacbe3a,NASA FRET upstream source snapshot
vendor/fret/fret-electron/docs/_media/semantics/patterns/before_null_eventually_not_order.md,429,87b4f5077532cbe5a8318551ec3407858a68777d2cbf72f48dbb9da9f4be23e3,NASA FRET upstream source snapshot
vendor/fret/fret-electron/docs/_media/semantics/patterns/before_null_eventually_order.md,421,d60a5f735aa9aa7591df4724aa48d54dda9082e7664bf8b08296c78f37535ff0,NASA FRET upstream source snapshot
vendor/fret/fret-electron/docs/_media/semantics/patterns/before_null_eventually_satisfaction.md,1058,8058191ec9628242299870ab97721ed8646572fb84fc3810333047c1967d5947,NASA FRET upstream source snapshot
vendor/fret/fret-electron/docs/_media/semantics/patterns/before_null_immediately_action.md,330,bef5308ce2fdbd575c6b3df7a087552f85589829c909288d1c217740a70d707c,NASA FRET upstream source snapshot
vendor/fret/fret-electron/docs/_media/semantics/patterns/before_null_immediately_not_order.md,406,3d5a4e8087b62cc7ff67858cb47838a5a9a11d7f6575d6f67848667cff0eda4b,NASA FRET upstream source snapshot
vendor/fret/fret-electron/docs/_media/semantics/patterns/before_null_immediately_order.md,423,4ee6a83766012705a00af849af015b208616d50eff4cf7284c6b7e150ce5e2d6,NASA FRET upstream source snapshot
vendor/fret/fret-electron/docs/_media/semantics/patterns/before_null_immediately_satisfaction.md,358,8d6cf09646dcf7006e033f523a0c4793b9dfee62213e696c4ad195157d9eea43,NASA FRET upstream source snapshot
vendor/fret/fret-electron/docs/_media/semantics/patterns/before_null_never_action.md,1088,11d592fc8d3356a8a7cee019eca240285d20828995d9947b8eb80314bfe85520,NASA FRET upstream source snapshot
vendor/fret/fret-electron/docs/_media/semantics/patterns/before_null_never_not_order.md,471,8ca63c49c8cfc818fe83a93153e6b99ca8697e99867189edb143646312c56fd4,NASA FRET upstream source snapshot
vendor/fret/fret-electron/docs/_media/semantics/patterns/before_null_never_order.md,438,bb4df214f73c3e312c400179896363e7fafbf6bc6d92fa56fdc9047563e7d973,NASA FRET upstream source snapshot
vendor/fret/fret-electron/docs/_media/semantics/patterns/before_null_never_satisfaction.md,1157,ee9f3ec4284e32d6073b2b26aa4f49be18750c229c4c9e5e84f37422ad22cdc7,NASA FRET upstream source snapshot
vendor/fret/fret-electron/docs/_media/semantics/patterns/before_null_null_action.md,956,ad26d2ea059cd4e5d573f32db83a8680c36bc876bf470c0f07ab52759feaece2,NASA FRET upstream source snapshot
vendor/fret/fret-electron/docs/_media/semantics/patterns/before_null_null_not_order.md,466,3c6836d7e641e291df1bb479039d1a9bd771f5b19148e7563817cb1803aaa2f0,NASA FRET upstream source snapshot
vendor/fret/fret-electron/docs/_media/semantics/patterns/before_null_null_order.md,458,766ff0ccbf8aa019636834c94ab12cf50a8dda30b091bd170e6569420fd81369,NASA FRET upstream source snapshot
vendor/fret/fret-electron/docs/_media/semantics/patterns/before_null_null_satisfaction.md,1050,858b4265b43f564363242d265026149f46b797264bfa93511ce1f7c967876fcf,NASA FRET upstream source snapshot
vendor/fret/fret-electron/docs/_media/semantics/patterns/before_null_within_action.md,353,8d7d7234762cc357744fc8bbf2b25bcae4c3eaeddba572cdc825a0cccd7c8cd5,NASA FRET upstream source snapshot
vendor/fret/fret-electron/docs/_media/semantics/patterns/before_null_within_not_order.md,429,4600c449da622eb6b13e034a4137925d67c6856e3d1057ab5c24309d216e9f9a,NASA FRET upstream source snapshot
vendor/fret/fret-electron/docs/_media/semantics/patterns/before_null_within_order.md,421,ad0870a0dd56355de78ccfd287e0d29307e259d4c0bd87677964c2efa18049f6,NASA FRET upstream source snapshot
vendor/fret/fret-electron/docs/_media/semantics/patterns/before_null_within_satisfaction.md,381,16e36c015c36ef832553c06d35c3833eb31097709369b837151d3a92cfbd509b,NASA FRET upstream source snapshot
vendor/fret/fret-electron/docs/_media/semantics/patterns/before_only_after_action.md,382,7c5b16aeb107a1e98561ecba49cc201e2960a3bb61d430ea0d61a94fb6b2814d,NASA FRET upstream source snapshot
vendor/fret/fret-electron/docs/_media/semantics/patterns/before_only_after_not_order.md,458,2eec6fc3df2b701b48687a9622b7059e7f18694c47682df27299ab33dfa3b92f,NASA FRET upstream source snapshot
vendor/fret/fret-electron/docs/_media/semantics/patterns/before_only_after_order.md,450,265e5fed266a93c94a8aa9e1f09c523b818d8a64ae3010ec3cd0da465af50788,NASA FRET upstream source snapshot
vendor/fret/fret-electron/docs/_media/semantics/patterns/before_only_after_satisfaction.md,385,63618e8717549ec32b3990dedd8d0c3080e1015f9398e1db700aa76f789105f0,NASA FRET upstream source snapshot
vendor/fret/fret-electron/docs/_media/semantics/patterns/before_only_always_action.md,403,094156452dab708f738f0bb4ab79708766bb576ba4662bf8599208d67104d69a,NASA FRET upstream source snapshot
vendor/fret/fret-electron/docs/_media/semantics/patterns/before_only_always_not_order.md,427,471eff6545425e6d01a5beb854bb2c57d4f865404589c9951e75009ad761f375,NASA FRET upstream source snapshot
vendor/fret/fret-electron/docs/_media/semantics/patterns/before_only_always_order.md,444,46612f698aa9080315d75de1e2cf475afcb07cd59aa8444119333833ae443197,NASA FRET upstream source snapshot
vendor/fret/fret-electron/docs/_media/semantics/patterns/before_only_always_satisfaction.md,431,29690948d3d695bd5c8bc697020a085a387d04d3f96cc437f16cfc066ef43180,NASA FRET upstream source snapshot
vendor/fret/fret-electron/docs/_media/semantics/patterns/before_only_eventually_action.md,411,101a38fa1d3734d094f63a0ac2c1e00e89eb767c4fac83daefad2fa3637b3f0c,NASA FRET upstream source snapshot
vendor/fret/fret-electron/docs/_media/semantics/patterns/before_only_eventually_not_order.md,460,1e27ff03849b8c54f13aac53397ab2bfba0158543ab4f992a4bd3648bc2ea086,NASA FRET upstream source snapshot
vendor/fret/fret-electron/docs/_media/semantics/patterns/before_only_eventually_order.md,452,b15ef51d16d61310978352f2b80165c3dc12b718cf77e3fa47ab0011d85e0a1c,NASA FRET upstream source snapshot
vendor/fret/fret-electron/docs/_media/semantics/patterns/before_only_eventually_satisfaction.md,439,40add4b7a4785eab40bfd7ebff56218c61679019bbc21f1fa0650c87d9bd3c48,NASA FRET upstream source snapshot
vendor/fret/fret-electron/docs/_media/semantics/patterns/before_only_immediately_action.md,361,1c297016a4c65ae294970f82518caa9896d62990e881f89ca0a936920ce811af,NASA FRET upstream source snapshot
vendor/fret/fret-electron/docs/_media/semantics/patterns/before_only_immediately_not_order.md,462,82ff0bcaa55c4b2a4bb4047e8cc4b099a69a30a93dd367e569988365008a122d,NASA FRET upstream source snapshot
vendor/fret/fret-electron/docs/_media/semantics/patterns/before_only_immediately_order.md,454,453c9e8a8850168034c73d820e82011c0464633d84e79f1513a52a735dd57f97,NASA FRET upstream source snapshot
vendor/fret/fret-electron/docs/_media/semantics/patterns/before_only_immediately_satisfaction.md,414,50080243cf3c172c5fa29a7d7da58a39a6aeb9af0b32ec18185173b793f980df,NASA FRET upstream source snapshot
vendor/fret/fret-electron/docs/_media/semantics/patterns/before_only_never_action.md,401,f4e0dce86cddf36da56ff596b7ee15d380ed8a892b37393b3762da7e8982b942,NASA FRET upstream source snapshot
vendor/fret/fret-electron/docs/_media/semantics/patterns/before_only_never_not_order.md,502,d5bcb67bb479dc30f963a6cc5eee8c6ef80ac174d9ebc935ccef2ac7fe30bfd3,NASA FRET upstream source snapshot
vendor/fret/fret-electron/docs/_media/semantics/patterns/before_only_never_order.md,494,f916f088704e2c032c9279645ebe9f05e8ac7decb90869d998dd85dc05193499,NASA FRET upstream source snapshot
vendor/fret/fret-electron/docs/_media/semantics/patterns/before_only_never_satisfaction.md,454,f4b649e464440ec5814381f9cae02fb5e68ed94be3ffcabb9e8b647ec095c5f5,NASA FRET upstream source snapshot
vendor/fret/fret-electron/docs/_media/semantics/patterns/before_only_null_action.md,421,4211bc0a4c4c44b3159242b892c41a43416692028221a5657f2f8703d5285d62,NASA FRET upstream source snapshot
vendor/fret/fret-electron/docs/_media/semantics/patterns/before_only_null_not_order.md,497,dcc92945511d245b7fdc028ab30eba34b14791b55c7155a2073cd3654e208426,NASA FRET upstream source snapshot
vendor/fret/fret-electron/docs/_media/semantics/patterns/before_only_null_order.md,489,71c77f276de23f37a4b744e0e1d433303f86b917f1ce2f1e01ebd8d7442a0e62,NASA FRET upstream source snapshot
vendor/fret/fret-electron/docs/_media/semantics/patterns/before_only_null_satisfaction.md,449,6ec96bcd19b9634faa8f67118eda97a1a005a99cbba39b0b41fe8205af47b50f,NASA FRET upstream source snapshot
vendor/fret/fret-electron/docs/_media/semantics/patterns/before_only_within_action.md,384,5a7c526ca1b2ea256bce77c5fab3f3fad848dd1461cea9c77b3ba38f6b07d61f,NASA FRET upstream source snapshot
vendor/fret/fret-electron/docs/_media/semantics/patterns/before_only_within_not_order.md,460,a07d61b2e670104ab2e02b8e32faba1afb2e6b15635a1ceca2e2e9dc5bda9cfd,NASA FRET upstream source snapshot
vendor/fret/fret-electron/docs/_media/semantics/patterns/before_only_within_order.md,452,672ba86950daec99ee49f8e78b0b6a99cc5b81ed4d5d88ce9c155cc06da800cf,NASA FRET upstream source snapshot
vendor/fret/fret-electron/docs/_media/semantics/patterns/before_only_within_satisfaction.md,412,eef295fcd4e011b0ea713c6ceef708c6af4a16738f2001ffe7d39304acc470aa,NASA FRET upstream source snapshot
vendor/fret/fret-electron/docs/_media/semantics/patterns/before_regular_after_action.md,380,690982728e98b11e02997695b717637e47b17cc10612ee8ccdd320c82b2520ce,NASA FRET upstream source snapshot
vendor/fret/fret-electron/docs/_media/semantics/patterns/before_regular_after_not_order.md,456,5e7ddda0a05a5b63c6b3557dca2e6f675cb7e5d7b9bb399e666fcfb4e5b702c3,NASA FRET upstream source snapshot
vendor/fret/fret-electron/docs/_media/semantics/patterns/before_regular_after_order.md,448,bf0d940e4b2b705b2e55eb980584e26b53a37ba5658eb6be6ca9d92c26e358cf,NASA FRET upstream source snapshot
vendor/fret/fret-electron/docs/_media/semantics/patterns/before_regular_after_satisfaction.md,408,5498d4f9486e05db82f01e26b2de90667c3f050ba25f0faef78676482ff48944,NASA FRET upstream source snapshot
vendor/fret/fret-electron/docs/_media/semantics/patterns/before_regular_always_action.md,426,2ed80161bcf38e6711bc448a27c60df3cd861406928034c8a9b16ed2e27e64dd,NASA FRET upstream source snapshot
vendor/fret/fret-electron/docs/_media/semantics/patterns/before_regular_always_not_order.md,450,ae3b04dc4e2f8d0dd68a2c70647133ec97b62749ddade1dccc8cf731ebebd743,NASA FRET upstream source snapshot
vendor/fret/fret-electron/docs/_media/semantics/patterns/before_regular_always_order.md,442,f5692210f0042292eb4d912d74094ac19a1e8bc98ffe2496a21d5409ae62c1f2,NASA FRET upstream source snapshot
vendor/fret/fret-electron/docs/_media/semantics/patterns/before_regular_always_satisfaction.md,454,ed0940d15e4c51d62aeb601397d26e56693687dabf5762234aebca1e7ea0cdaa,NASA FRET upstream source snapshot
vendor/fret/fret-electron/docs/_media/semantics/patterns/before_regular_eventually_action.md,434,abed649e564929a9af116b6ef58521d76628da951732579aaf12fed2fece2a22,NASA FRET upstream source snapshot
vendor/fret/fret-electron/docs/_media/semantics/patterns/before_regular_eventually_not_order.md,433,bccbdc016142e696767e69baf8b4afbdc8e2c813d29347ae2826faf87cb40985,NASA FRET upstream source snapshot
vendor/fret/fret-electron/docs/_media/semantics/patterns/before_regular_eventually_order.md,450,919352a2a11e1fd9fbc51194622c1dde2c7e4472d6d92f46aa538ce2d0e72921,NASA FRET upstream source snapshot
vendor/fret/fret-electron/docs/_media/semantics/patterns/before_regular_eventually_satisfaction.md,437,3622dddecf1f4af237b88cc76d4cfa36c92349a3fb99baa5150e1cb5515d9645,NASA FRET upstream source snapshot
vendor/fret/fret-electron/docs/_media/semantics/patterns/before_regular_immediately_action.md,359,4b23827b4b7746a9c92cb37c26fc6c77a677fa82b8e430ada095b04cdcf0b1fa,NASA FRET upstream source snapshot
vendor/fret/fret-electron/docs/_media/semantics/patterns/before_regular_immediately_not_order.md,435,aece08ebf38981e585a41af7b7274fe1d9e7d6e45acc46e5447d2c0ca9154ea8,NASA FRET upstream source snapshot
vendor/fret/fret-electron/docs/_media/semantics/patterns/before_regular_immediately_order.md,427,0236ce17295280282be489721810cbe75ca9453e3688be0d98d330c92f16bf82,NASA FRET upstream source snapshot
vendor/fret/fret-electron/docs/_media/semantics/patterns/before_regular_immediately_satisfaction.md,412,c76fcc53cdc02a2010c18811aeb73e69627cb4313f99db7d52e14baccc0c98bb,NASA FRET upstream source snapshot
vendor/fret/fret-electron/docs/_media/semantics/patterns/before_regular_never_action.md,424,88ac9ab2299a892fd56fa530f4259831c117d4de4f5303df6e4c9d84c24522f7,NASA FRET upstream source snapshot
vendor/fret/fret-electron/docs/_media/semantics/patterns/before_regular_never_not_order.md,500,4ee6a8abbf1b24487629e05ae1a9370a3e1be63609a8b0e442704f67bfc46f68,NASA FRET upstream source snapshot
vendor/fret/fret-electron/docs/_media/semantics/patterns/before_regular_never_order.md,492,e26411120ac1ba6a5c3e5d3b74ac9e66afaebd8a0b94424d73ca0f7a7431d767,NASA FRET upstream source snapshot
vendor/fret/fret-electron/docs/_media/semantics/patterns/before_regular_never_satisfaction.md,452,b4e864b44b33b78d24191a1e04af51146f2c9cbc684ed36a197897f1310a75cc,NASA FRET upstream source snapshot
vendor/fret/fret-electron/docs/_media/semantics/patterns/before_regular_null_action.md,419,f67a31c806238d65309e93cf11c9ac7aa843acfb583b611d566b815006015e76,NASA FRET upstream source snapshot
vendor/fret/fret-electron/docs/_media/semantics/patterns/before_regular_null_not_order.md,495,1a174f9e64963835198cc38e8946ec9b2ecb29b9d84a0c0ae42168a9cc1ac76e,NASA FRET upstream source snapshot
vendor/fret/fret-electron/docs/_media/semantics/patterns/before_regular_null_order.md,462,e279def60487f87d17e97cd5c526c9c14dd143d0085fb554b7fd8681d922d2e4,NASA FRET upstream source snapshot
vendor/fret/fret-electron/docs/_media/semantics/patterns/before_regular_null_satisfaction.md,447,3172d24e08398c0a3d58a1c617369e4c57322de6b93a302debf3d3da67e0d23c,NASA FRET upstream source snapshot
vendor/fret/fret-electron/docs/_media/semantics/patterns/before_regular_within_action.md,382,7286588fc1f8a2600632087319a9c4b7ef119344694a9ca0d82f388236cfc9ff,NASA FRET upstream source snapshot
vendor/fret/fret-electron/docs/_media/semantics/patterns/before_regular_within_not_order.md,458,0fc903b599f48b3a7aaf3db8ed198ff7d7d6d36c9e84aa1243f28d6d8c5ba246,NASA FRET upstream source snapshot
vendor/fret/fret-electron/docs/_media/semantics/patterns/before_regular_within_order.md,450,c26123dc42779e4eb2e950e7368bbdc1716f4355acfe71455acd5d59089680c4,NASA FRET upstream source snapshot
vendor/fret/fret-electron/docs/_media/semantics/patterns/before_regular_within_satisfaction.md,410,fed3e8b94a33848e1a31a7c4b486d8183e3f3931e311e075c77b645ff9e00eae,NASA FRET upstream source snapshot
vendor/fret/fret-electron/docs/_media/semantics/patterns/in_null_after_action.md,2627,e4cea558a8c093775aedb29ee53ffa5c4c15c20c08d27a609388c886b17fcf3e,NASA FRET upstream source snapshot
vendor/fret/fret-electron/docs/_media/semantics/patterns/in_null_after_not_order.md,446,9f1e421ccf7a223022d57836b969d20e601f4b2fc103af826abe75743d81088b,NASA FRET upstream source snapshot
vendor/fret/fret-electron/docs/_media/semantics/patterns/in_null_after_order.md,438,0f1e88fc6a1f993c69016d98c0640bcec65796dcb4c1b300e399911005852d0c,NASA FRET upstream source snapshot
vendor/fret/fret-electron/docs/_media/semantics/patterns/in_null_after_satisfaction.md,3033,dee17de24dcc8c68f7b3038938cac9185cd06e90ec2721fb09549489a09cbba4,NASA FRET upstream source snapshot
vendor/fret/fret-electron/docs/_media/semantics/patterns/in_null_always_action.md,891,ca4e08c6950a5f3599f24dc71774cdfc0c1cf1de37e2b913f8562a1d286fd454,NASA FRET upstream source snapshot
vendor/fret/fret-electron/docs/_media/semantics/patterns/in_null_always_not_order.md,413,373d63e4a95bf310d8fc2c0075505a57441b223c9594c719de07c668b624d13a,NASA FRET upstream source snapshot
vendor/fret/fret-electron/docs/_media/semantics/patterns/in_null_always_order.md,405,d0fea8ee016726689b1a19155870507920cb21ae2ae7e00d50df1b58fff8ffea,NASA FRET upstream source snapshot
vendor/fret/fret-electron/docs/_media/semantics/patterns/in_null_always_satisfaction.md,1009,933c9187477d201d07184e11ea09f9f5faee5f48756d8f8cf5c44686a373b815,NASA FRET upstream source snapshot
vendor/fret/fret-electron/docs/_media/semantics/patterns/in_null_eventually_action.md,1153,6899608c649f58558233545f1cea3920628142ebe3bcbd84bd7c4b52af3c11a8,NASA FRET upstream source snapshot
vendor/fret/fret-electron/docs/_media/semantics/patterns/in_null_eventually_not_order.md,421,2794a2127d29d8eba6c39787df71bda37ecd3ed02c4c0cf8755664fa63b471be,NASA FRET upstream source snapshot
vendor/fret/fret-electron/docs/_media/semantics/patterns/in_null_eventually_order.md,413,108a1fd4782aa8b96e491493edabf1d6f566f847d5ddfe271d9ef70c2e53de95,NASA FRET upstream source snapshot
vendor/fret/fret-electron/docs/_media/semantics/patterns/in_null_eventually_satisfaction.md,1271,f3fb003b1527cfb52d112196a0aa033e618693a654bf09b3bf49dd397ae692f0,NASA FRET upstream source snapshot
vendor/fret/fret-electron/docs/_media/semantics/patterns/in_null_immediately_action.md,962,ee17c3a5fe1016d4c69e92f6cfb06e362a7f0be902960d064d9fb7477bffb04e,NASA FRET upstream source snapshot
vendor/fret/fret-electron/docs/_media/semantics/patterns/in_null_immediately_not_order.md,475,2dc65f07a3b59c36f2679ae96b2b16c741c1be05c3cc35da82a6e956c12379af,NASA FRET upstream source snapshot
vendor/fret/fret-electron/docs/_media/semantics/patterns/in_null_immediately_order.md,467,0f57bf320e44f4590c3d19d86f3c5f11bbf1f72bff633d9a9d692a8725e4c15f,NASA FRET upstream source snapshot
vendor/fret/fret-electron/docs/_media/semantics/patterns/in_null_immediately_satisfaction.md,1080,4fb14bfa7b44533c217a7740e8d183378b33f16f18b1f5a430ac8cce47af7fc3,NASA FRET upstream source snapshot
vendor/fret/fret-electron/docs/_media/semantics/patterns/in_null_never_action.md,896,a2bca0d2eb8a8fe6f3f02cc224b73921e35607d65e73864df88521dac0cbb1df,NASA FRET upstream source snapshot
vendor/fret/fret-electron/docs/_media/semantics/patterns/in_null_never_not_order.md,463,34149f43af057bbeb32e4a40cbd461c0ac154d8f0681ad2cb711ba607549eefa,NASA FRET upstream source snapshot
vendor/fret/fret-electron/docs/_media/semantics/patterns/in_null_never_order.md,455,44450465ad931625006651dffcc666b6ee7fa55c572bba9d33a3a0a0af82301f,NASA FRET upstream source snapshot
vendor/fret/fret-electron/docs/_media/semantics/patterns/in_null_never_satisfaction.md,1014,83f82debb07df312fe60253061a855e8fd4aa4178abbc5e2809f477f438e9531,NASA FRET upstream source snapshot
vendor/fret/fret-electron/docs/_media/semantics/patterns/in_null_null_action.md,1120,a12b8e149a0a26a5136a6bb2b2981943e13ed04f23aa134b1ac55925f54f4662,NASA FRET upstream source snapshot
vendor/fret/fret-electron/docs/_media/semantics/patterns/in_null_null_not_order.md,433,361fcadf348d417b0172e662bab27b3bce490eccaa6825527ae89a4914d0b9cd,NASA FRET upstream source snapshot
vendor/fret/fret-electron/docs/_media/semantics/patterns/in_null_null_order.md,450,ff024a378146ab463856e433d85fc9f28fd98b97f8099c7d1efd5beb8632718b,NASA FRET upstream source snapshot
vendor/fret/fret-electron/docs/_media/semantics/patterns/in_null_null_satisfaction.md,1238,521a09180007805488f16d1b105ff36562fd35484c746f7bd0e0133f1a675c0c,NASA FRET upstream source snapshot
vendor/fret/fret-electron/docs/_media/semantics/patterns/in_null_within_action.md,1472,b56ee88be9f374933338fafcb3345d686a81e9a7636a3a334a6ad180d8b9a377,NASA FRET upstream source snapshot
vendor/fret/fret-electron/docs/_media/semantics/patterns/in_null_within_not_order.md,448,c53e2849285fa390ff2ff79511fe4da2d0267ef2bec9023e206a53c281d9ad9a,NASA FRET upstream source snapshot
vendor/fret/fret-electron/docs/_media/semantics/patterns/in_null_within_order.md,440,97820a18ebb2f0924fe565a2509d36df94736d9a07bf350b65963290392a8fac,NASA FRET upstream source snapshot
vendor/fret/fret-electron/docs/_media/semantics/patterns/in_null_within_satisfaction.md,1590,c5defdfcc43938ffb06f1d74e7d82f030b3aa490fc7f024fe8284edc96884cf2,NASA FRET upstream source snapshot
vendor/fret/fret-electron/docs/_media/semantics/patterns/in_only_after_action.md,401,a74f41121ed8033cc6a7746217e0c692243f29cc05b2ce47ba5ef033ecf69934,NASA FRET upstream source snapshot
vendor/fret/fret-electron/docs/_media/semantics/patterns/in_only_after_not_order.md,477,ddceaf291a6ed1aa58fed8b2aa234d4ebb09e75106211c1b22cf7fc4cc8fe043,NASA FRET upstream source snapshot
vendor/fret/fret-electron/docs/_media/semantics/patterns/in_only_after_order.md,494,e74814be77fb59deb1ecfe2fabce4118f27a56a091a19ab70e5d552286799db4,NASA FRET upstream source snapshot
vendor/fret/fret-electron/docs/_media/semantics/patterns/in_only_after_satisfaction.md,429,d2816914e17eeebe76804e22e7f8ae0a289004e992c4508c89646b60b7a05690,NASA FRET upstream source snapshot
vendor/fret/fret-electron/docs/_media/semantics/patterns/in_only_always_action.md,420,50976cd6f48e36003c1f20b983201fd7776c9a70f53449f6eee4cfdd9343f3e6,NASA FRET upstream source snapshot
vendor/fret/fret-electron/docs/_media/semantics/patterns/in_only_always_not_order.md,444,bb7def060aca7641c791ad11c5ec0e29cc5126a6a85f4e8fd9952a94c4ae1c5f,NASA FRET upstream source snapshot
vendor/fret/fret-electron/docs/_media/semantics/patterns/in_only_always_order.md,436,26b5dbaf0f482a8e664e2cfb050e5cac169ed6045b50d4c041d7bd06f74ae8e2,NASA FRET upstream source snapshot
vendor/fret/fret-electron/docs/_media/semantics/patterns/in_only_always_satisfaction.md,448,956a334bc3761046dad0ece0f0f97d0d7717c227663f9dc6b406bf7680e04268,NASA FRET upstream source snapshot
vendor/fret/fret-electron/docs/_media/semantics/patterns/in_only_eventually_action.md,428,bf3f656a5c3d31283044cdd4801f9c274e0f741061aed323ccbac245ed0e352d,NASA FRET upstream source snapshot
vendor/fret/fret-electron/docs/_media/semantics/patterns/in_only_eventually_not_order.md,452,531b926be207d2d0264bc4cbb27adb2fac88fceacbd4386b3badef164bf9d7cc,NASA FRET upstream source snapshot
vendor/fret/fret-electron/docs/_media/semantics/patterns/in_only_eventually_order.md,419,73cf4a0d550e455ea35fb7b536178ad0b3cfb2fae6028e33a88d9a550b47f8d6,NASA FRET upstream source snapshot
vendor/fret/fret-electron/docs/_media/semantics/patterns/in_only_eventually_satisfaction.md,456,faffe1eec73c5cc664e077fe4a70d4ebab8043d99bb83fd61cb2cdeb0df9aeb8,NASA FRET upstream source snapshot
vendor/fret/fret-electron/docs/_media/semantics/patterns/in_only_immediately_action.md,430,0d919b913dd4df87ac79006bfd26c97ea267d3d13e6fe79712c5cdbb929ae565,NASA FRET upstream source snapshot
vendor/fret/fret-electron/docs/_media/semantics/patterns/in_only_immediately_not_order.md,506,bd6616a203d27cbb1e6fbc41e9b2cccea764d4b67d302deb20ce88a49c1ea26e,NASA FRET upstream source snapshot
vendor/fret/fret-electron/docs/_media/semantics/patterns/in_only_immediately_order.md,498,ffdef58e224b515d9669ff179d163cad2456e51015cde1198ed9fdc3311d25ac,NASA FRET upstream source snapshot
vendor/fret/fret-electron/docs/_media/semantics/patterns/in_only_immediately_satisfaction.md,458,977887b465208c6fed5880bc5f7aa6b518da1bc2749e900a45d3b46ea4f54e41,NASA FRET upstream source snapshot
vendor/fret/fret-electron/docs/_media/semantics/patterns/in_only_never_action.md,393,16c9f702cb7da492eb64c954897d85f4a6242da25b4f4f7bbadc71ce74cd4b4f,NASA FRET upstream source snapshot
vendor/fret/fret-electron/docs/_media/semantics/patterns/in_only_never_not_order.md,469,eb891e6bcd066f7bfdc5ff643575247f65119c7bcf3546c1211a5c8e8e14144b,NASA FRET upstream source snapshot
vendor/fret/fret-electron/docs/_media/semantics/patterns/in_only_never_order.md,461,66d6735ace07e7009f0f178ba41dee0edae73475ae140559b17f77aedf7dc49e,NASA FRET upstream source snapshot
vendor/fret/fret-electron/docs/_media/semantics/patterns/in_only_never_satisfaction.md,446,298730d5100d2bee21c7d467f57c14bc64cdf1b434025484c979f723333dc573,NASA FRET upstream source snapshot
vendor/fret/fret-electron/docs/_media/semantics/patterns/in_only_null_action.md,413,9c22bbd8b3072ccb5e0782b2acf13fbd91bd4a97dd73be88f313d3e99e9704f3,NASA FRET upstream source snapshot
vendor/fret/fret-electron/docs/_media/semantics/patterns/in_only_null_not_order.md,489,94e19ea7a5579867fd6ad0467a2f14a1f6de8dae22241a0b09c6526dea882364,NASA FRET upstream source snapshot
vendor/fret/fret-electron/docs/_media/semantics/patterns/in_only_null_order.md,456,433c2e9f8c14f3bd59ce1484b128d74a0feb157103ab6babc9bb3ec63af46cf0,NASA FRET upstream source snapshot
vendor/fret/fret-electron/docs/_media/semantics/patterns/in_only_null_satisfaction.md,441,2f33dafb1adbfa4fcdd72c8fa399e5675aec85a9c8edc47a7cf8151ab87b816e,NASA FRET upstream source snapshot
vendor/fret/fret-electron/docs/_media/semantics/patterns/in_only_within_action.md,428,65893b8d64ab12437833ad2458fea0738b5f57e071d23daf785955f18fde32e3,NASA FRET upstream source snapshot
vendor/fret/fret-electron/docs/_media/semantics/patterns/in_only_within_not_order.md,479,d57478b77e923c8f2e7a6d4498111a04aeeaff1fcdd0396bf355cb982b440c0a,NASA FRET upstream source snapshot
vendor/fret/fret-electron/docs/_media/semantics/patterns/in_only_within_order.md,496,8ca46a4340c3f0a5177693e468d55c60713885ced4a99ab84f5d6f642e52e03a,NASA FRET upstream source snapshot
vendor/fret/fret-electron/docs/_media/semantics/patterns/in_only_within_satisfaction.md,456,713df9a1619975c9f6bd104b90280d6976c47715008a040ecccbdd5755e2568e,NASA FRET upstream source snapshot
vendor/fret/fret-electron/docs/_media/semantics/patterns/in_regular_after_action.md,424,cb4eff9ee2082f419faa68e91d7e88d876020314ca05158fc7a8b6ea859bf435,NASA FRET upstream source snapshot
vendor/fret/fret-electron/docs/_media/semantics/patterns/in_regular_after_not_order.md,500,f80d5eb3b5dcc41ce360a3d3f6617a4dc83435704f3e82d17680de87b0d14664,NASA FRET upstream source snapshot
vendor/fret/fret-electron/docs/_media/semantics/patterns/in_regular_after_order.md,492,2863665f48c838d7b228427673dda4b527af28282876efa54b4bf4c71dcf18bd,NASA FRET upstream source snapshot
vendor/fret/fret-electron/docs/_media/semantics/patterns/in_regular_after_satisfaction.md,427,37714b705dbc9cd78dd1130476160189c49aada3f99735d8e0ce1d0851a826cd,NASA FRET upstream source snapshot
vendor/fret/fret-electron/docs/_media/semantics/patterns/in_regular_always_action.md,669,e3ce938bdceaf6a7654d8b4af0f177e3fe7201b218844169f4cb8ba009c1559c,NASA FRET upstream source snapshot
vendor/fret/fret-electron/docs/_media/semantics/patterns/in_regular_always_not_order.md,442,50142246d1edb4fc77b6d44a2179d4f553093b280bcb8c105e1f498670370440,NASA FRET upstream source snapshot
vendor/fret/fret-electron/docs/_media/semantics/patterns/in_regular_always_order.md,409,6814c6a7f807cf6c232ea2feb569f2243d7a6d3daa97476fd6d19fc362b390f6,NASA FRET upstream source snapshot
vendor/fret/fret-electron/docs/_media/semantics/patterns/in_regular_always_satisfaction.md,770,1c92a3e5956ff40619ee1fae280fa2e6434e8e31d107271d6bc3e605dccb4333,NASA FRET upstream source snapshot
vendor/fret/fret-electron/docs/_media/semantics/patterns/in_regular_eventually_action.md,426,8a75fe67232acba0c7c0a46a9bc5ee2f783a06b75360d44eadc2d443e2946d36,NASA FRET upstream source snapshot
vendor/fret/fret-electron/docs/_media/semantics/patterns/in_regular_eventually_not_order.md,425,fa7f57d8d73c775736e38676f215aa02b16acbfca1b459f3d0b173ce736b8e0d,NASA FRET upstream source snapshot
vendor/fret/fret-electron/docs/_media/semantics/patterns/in_regular_eventually_order.md,442,c520dbc0501ea89ab4116a7091198d1d39059af2b081824ad884184d11b4f5fc,NASA FRET upstream source snapshot
vendor/fret/fret-electron/docs/_media/semantics/patterns/in_regular_eventually_satisfaction.md,454,8d35edb1bad2cb7a4eeade24115c30a017ad42ffc116eba3472c79292cc0b413,NASA FRET upstream source snapshot
vendor/fret/fret-electron/docs/_media/semantics/patterns/in_regular_immediately_action.md,704,d3301d9b39225f6f55e73bdc9e2805c5087e7f1c06725141d954aa8e87130c97,NASA FRET upstream source snapshot
vendor/fret/fret-electron/docs/_media/semantics/patterns/in_regular_immediately_not_order.md,504,e9506a958faf0092977e1e385cd45996b682b545338808c3eb8c95e4d8ef52e3,NASA FRET upstream source snapshot
vendor/fret/fret-electron/docs/_media/semantics/patterns/in_regular_immediately_order.md,496,fa8c257961863eb33defd29bd194c68f3ac7f08135beac45fe058c2a095d5b66,NASA FRET upstream source snapshot
vendor/fret/fret-electron/docs/_media/semantics/patterns/in_regular_immediately_satisfaction.md,780,62a04f6941ba190df02eb144284837ba75814f63dd0a1c0364b272080537de68,NASA FRET upstream source snapshot
vendor/fret/fret-electron/docs/_media/semantics/patterns/in_regular_never_action.md,679,708175ccc18e9ecf04ddcad174dffad58ef73a064f4e9c9b8ee33b3205daf2b2,NASA FRET upstream source snapshot
vendor/fret/fret-electron/docs/_media/semantics/patterns/in_regular_never_not_order.md,492,5fdec88b95a6cc588f72021ab119ac6799c26437da6c267fba28da7059190456,NASA FRET upstream source snapshot
vendor/fret/fret-electron/docs/_media/semantics/patterns/in_regular_never_order.md,484,0a7179cb3b6c66c3c9847fd2d7b8c6d191df748ab45679b6651db6b1e6a31703,NASA FRET upstream source snapshot
vendor/fret/fret-electron/docs/_media/semantics/patterns/in_regular_never_satisfaction.md,780,05cfa98a9e072367674b70f7812bf8dbb000cb45340a7a88df40ee5ec60d9385,NASA FRET upstream source snapshot
vendor/fret/fret-electron/docs/_media/semantics/patterns/in_regular_null_action.md,411,9bd58ce0c8f80697e03ca0981e8722a981f07faca346fa2ea321ca763cb9fa0b,NASA FRET upstream source snapshot
vendor/fret/fret-electron/docs/_media/semantics/patterns/in_regular_null_not_order.md,462,554be612e36900a03ad7f8753d6d49f723f8c9bda05fa7bfde558f92dfbfe739,NASA FRET upstream source snapshot
vendor/fret/fret-electron/docs/_media/semantics/patterns/in_regular_null_order.md,479,18e3e6da76facf302085247834b6cb450149be97781a1f69e76a31c7f8ebaa5b,NASA FRET upstream source snapshot
vendor/fret/fret-electron/docs/_media/semantics/patterns/in_regular_null_satisfaction.md,439,c3358d8207d32b5705bb07b6e03ed2ba2c537282897c3de584878d5db630bbc6,NASA FRET upstream source snapshot
vendor/fret/fret-electron/docs/_media/semantics/patterns/in_regular_within_action.md,426,de64d3db0bd032d6e5bb22bfc8eb22be861ea9dd504e2476f942d45a81f75a0c,NASA FRET upstream source snapshot
vendor/fret/fret-electron/docs/_media/semantics/patterns/in_regular_within_not_order.md,477,1d658874c06ca311666c92f930c24e4c6dbba415c12f552e8f5d3b9bfbda0c12,NASA FRET upstream source snapshot
vendor/fret/fret-electron/docs/_media/semantics/patterns/in_regular_within_order.md,494,a833aa3bc19153b2f660d7b6dd4a9fd180d280da7055cea70428709597da7b5b,NASA FRET upstream source snapshot
vendor/fret/fret-electron/docs/_media/semantics/patterns/in_regular_within_satisfaction.md,454,db3c8d9c4a5508a0c1e1936a25e247cba3fadec49e540cb10e5258d41e24d0c9,NASA FRET upstream source snapshot
vendor/fret/fret-electron/docs/_media/semantics/patterns/notin_null_after_action.md,407,e06f752de6ab4d74df695724535272fb96620cfd887df75064287c7c385012d5,NASA FRET upstream source snapshot
vendor/fret/fret-electron/docs/_media/semantics/patterns/notin_null_after_not_order.md,483,45ddd83e06d1b809b0d36d616768fc94938777a39d4fb9cecba7f666657d16f8,NASA FRET upstream source snapshot
vendor/fret/fret-electron/docs/_media/semantics/patterns/notin_null_after_order.md,475,05637f28645ce4721c6d7c16b163768b32b6cc4676572719eba537b21f418f46,NASA FRET upstream source snapshot
vendor/fret/fret-electron/docs/_media/semantics/patterns/notin_null_after_satisfaction.md,435,fdee583e6c84d185900c954ee329ad0b9a8b7be61ae84d67a90f1deec5d8ee03,NASA FRET upstream source snapshot
vendor/fret/fret-electron/docs/_media/semantics/patterns/notin_null_always_action.md,376,93f494f24ac6ee1dd7d46d896dbd5582a9b1f4ec26146ac345d1cc579a1dfe02,NASA FRET upstream source snapshot
vendor/fret/fret-electron/docs/_media/semantics/patterns/notin_null_always_not_order.md,425,2fe494cfd201b767e35577b26338688be1808857425654cb4d2f97dc79b9a95a,NASA FRET upstream source snapshot
vendor/fret/fret-electron/docs/_media/semantics/patterns/notin_null_always_order.md,417,5c00b48522676c6457e72033e9b029cccc57514e0203073e9e96f369d2bb74cf,NASA FRET upstream source snapshot
vendor/fret/fret-electron/docs/_media/semantics/patterns/notin_null_always_satisfaction.md,404,99ca35146b6b1d3ba689842be0bd246257b16ccea772bd8669d87f1286cfb35e,NASA FRET upstream source snapshot
vendor/fret/fret-electron/docs/_media/semantics/patterns/notin_null_eventually_action.md,409,d71a013a7dce74187e1d87d58725e695b32a29e89683546637a7bd5acab14aba,NASA FRET upstream source snapshot
vendor/fret/fret-electron/docs/_media/semantics/patterns/notin_null_eventually_not_order.md,433,b1f5cf57b232b9839092460ecc706693058fe4154a5c237d8003dc3d8ff5eb5a,NASA FRET upstream source snapshot
vendor/fret/fret-electron/docs/_media/semantics/patterns/notin_null_eventually_order.md,425,b32eb628ca29eba043d650425d4a2a9ce4e8c9d57864df45dafba623b5969482,NASA FRET upstream source snapshot
vendor/fret/fret-electron/docs/_media/semantics/patterns/notin_null_eventually_satisfaction.md,437,97a19eb91383b4bebf6702c8033c12b884deea2f71b9eb66219ae6a51a262934,NASA FRET upstream source snapshot
vendor/fret/fret-electron/docs/_media/semantics/patterns/notin_null_immediately_action.md,411,985a2edb03a2a4b90495e39cf0fc82e0cc276499276a2b718d87a4d0667f399e,NASA FRET upstream source snapshot
vendor/fret/fret-electron/docs/_media/semantics/patterns/notin_null_immediately_not_order.md,487,09289b4d79fea1c07d88505c920ae4a4edee43b47f39300535c22b3cbb75a6bc,NASA FRET upstream source snapshot
vendor/fret/fret-electron/docs/_media/semantics/patterns/notin_null_immediately_order.md,479,7e3191b47e550ae4481876fb7d1c5f13288d6d237797ea04a5d0df92d5730ceb,NASA FRET upstream source snapshot
vendor/fret/fret-electron/docs/_media/semantics/patterns/notin_null_immediately_satisfaction.md,414,9c60d6a18ee45de083049eaf74888cebed1656a041d4479d3e06506ca1f25e2e,NASA FRET upstream source snapshot
vendor/fret/fret-electron/docs/_media/semantics/patterns/notin_null_never_action.md,399,43dcefc7c6f44c2854efffdf63ad237a0b54958473ad89dcc6f2a5b6211505cf,NASA FRET upstream source snapshot
vendor/fret/fret-electron/docs/_media/semantics/patterns/notin_null_never_not_order.md,475,2ae8503111002ce6b1a5c916d157ccd47f19567ad9c58d67834c531f934621af,NASA FRET upstream source snapshot
vendor/fret/fret-electron/docs/_media/semantics/patterns/notin_null_never_order.md,467,6787ecc9b3ee7ee6704ab05df901f1812d9931e6307218fc7b536f4a88ddba09,NASA FRET upstream source snapshot
vendor/fret/fret-electron/docs/_media/semantics/patterns/notin_null_never_satisfaction.md,402,a060f48d50c63c8fe2bd031583ca1f53e1866e0bd325cbfff5fee143837633c7,NASA FRET upstream source snapshot
vendor/fret/fret-electron/docs/_media/semantics/patterns/notin_null_null_action.md,394,bfbff26da1ae298f8a6ddb715cec3a1859ab4ecaef909c75df1213bd796d5280,NASA FRET upstream source snapshot
vendor/fret/fret-electron/docs/_media/semantics/patterns/notin_null_null_not_order.md,470,74263227752abff4bc5c08baefaba6ded40b4530defca41ea22ec9340c83f73e,NASA FRET upstream source snapshot
vendor/fret/fret-electron/docs/_media/semantics/patterns/notin_null_null_order.md,462,53a6acc9e30baaf8089ac9d522a1f499ada5bbadd79ef41d9fec6904ff251382,NASA FRET upstream source snapshot
vendor/fret/fret-electron/docs/_media/semantics/patterns/notin_null_null_satisfaction.md,422,424d38378d0f45f36bada994bc5a6aa39263ce29df6145255c90f31e4257a8d0,NASA FRET upstream source snapshot
vendor/fret/fret-electron/docs/_media/semantics/patterns/notin_null_within_action.md,384,99545d57925b1739f2ac0e9774198274d54afd777cc0b51e14425cee414b2891,NASA FRET upstream source snapshot
vendor/fret/fret-electron/docs/_media/semantics/patterns/notin_null_within_not_order.md,485,e2941dc7ea39d1518cb3adbbaaf882d39a0c6cb9e14685490fa3cc2b6f274483,NASA FRET upstream source snapshot
vendor/fret/fret-electron/docs/_media/semantics/patterns/notin_null_within_order.md,477,ecc3def041e83efaa3c11cb2d7cc8f34ade7e5156e2abfc5a6a72739cfbc525a,NASA FRET upstream source snapshot
vendor/fret/fret-electron/docs/_media/semantics/patterns/notin_null_within_satisfaction.md,412,79a3f9d62a5eaa7e40ac89bf65067f4dcdc719ba0f3b144dd7460c849c91e9c2,NASA FRET upstream source snapshot
vendor/fret/fret-electron/docs/_media/semantics/patterns/notin_only_after_action.md,413,1e2df1857397f44e130b1f3a2dbd5ba0ee4cd5a21a415275a8df00a77fbe370b,NASA FRET upstream source snapshot
vendor/fret/fret-electron/docs/_media/semantics/patterns/notin_only_after_not_order.md,489,36a203a43b2bf5201c71c4b2f1139bce425fef3fe1fc016209ff3433d269fe66,NASA FRET upstream source snapshot
vendor/fret/fret-electron/docs/_media/semantics/patterns/notin_only_after_order.md,506,f06f32b41b7277ef4d49cdca6e4b22582ae75ec441ef10f030209148aa8ed8e1,NASA FRET upstream source snapshot
vendor/fret/fret-electron/docs/_media/semantics/patterns/notin_only_after_satisfaction.md,441,23040bc85a8e2115cfed2e1de495f1e452ee4d41f771671ddb66ae0dbc214504,NASA FRET upstream source snapshot
vendor/fret/fret-electron/docs/_media/semantics/patterns/notin_only_always_action.md,407,5683de008a317c614cd514e1c3e057818217f602885c5d7abfccc0333c02b2ae,NASA FRET upstream source snapshot
vendor/fret/fret-electron/docs/_media/semantics/patterns/notin_only_always_not_order.md,431,57e70152ee31538c59e2036c56b96aea931e582cf9c9bd36907bf9ea8c3e85e3,NASA FRET upstream source snapshot
vendor/fret/fret-electron/docs/_media/semantics/patterns/notin_only_always_order.md,448,b6b963e11d7d175825621ead43bf81eb6588869a67266bdc19bb16e25682348b,NASA FRET upstream source snapshot
vendor/fret/fret-electron/docs/_media/semantics/patterns/notin_only_always_satisfaction.md,460,f78a7e084e3b532f71a3f47eda282e2dbd69eed0a5bc899d4992549abd64362d,NASA FRET upstream source snapshot
vendor/fret/fret-electron/docs/_media/semantics/patterns/notin_only_eventually_action.md,415,0cd5312dd5005ec0f17c71b043aa7929ef42936ec788a36fe371e899d5f58b70,NASA FRET upstream source snapshot
vendor/fret/fret-electron/docs/_media/semantics/patterns/notin_only_eventually_not_order.md,464,3710fe4424fb95b0c799ed957eb69959ea8eca8fe9c1780557b955157b5d4019,NASA FRET upstream source snapshot
vendor/fret/fret-electron/docs/_media/semantics/patterns/notin_only_eventually_order.md,456,28aeb09073bec0e67f4fe33772f32e7001bebbea5cf0fe5f1df39d9bb2e0fe65,NASA FRET upstream source snapshot
vendor/fret/fret-electron/docs/_media/semantics/patterns/notin_only_eventually_satisfaction.md,468,a0f9d09668adba85a7486ab5dc28088a38ede6b1e67729ef705acd3065b33c78,NASA FRET upstream source snapshot
vendor/fret/fret-electron/docs/_media/semantics/patterns/notin_only_immediately_action.md,442,41d8e8541dc1708932c5d661be7b3bc23101eb0eae1cd07ac576bba6bf77dcfb,NASA FRET upstream source snapshot
vendor/fret/fret-electron/docs/_media/semantics/patterns/notin_only_immediately_not_order.md,493,2a5c0948ae86fe7400c518b6d51f307a99afa581ab72ca958b79c7ab250e383c,NASA FRET upstream source snapshot
vendor/fret/fret-electron/docs/_media/semantics/patterns/notin_only_immediately_order.md,485,8060d4f45569712eba1a2dd944086ff7e2ec9db7189bcecae585e1647e7d3328,NASA FRET upstream source snapshot
vendor/fret/fret-electron/docs/_media/semantics/patterns/notin_only_immediately_satisfaction.md,470,17f81a87b53b8ce2c74b7559e6ed554c6ba24ae601c249763fa84087d79d7cee,NASA FRET upstream source snapshot
vendor/fret/fret-electron/docs/_media/semantics/patterns/notin_only_never_action.md,430,2ef2428b1f8ef5652db4f9c22dc3099f155c7b6bbe126390855c6dbd840170ec,NASA FRET upstream source snapshot
vendor/fret/fret-electron/docs/_media/semantics/patterns/notin_only_never_not_order.md,481,66fc661c95adf3bc6c678bb9314cfb05b999d67137c77a7d9cd8983c229f1417,NASA FRET upstream source snapshot
vendor/fret/fret-electron/docs/_media/semantics/patterns/notin_only_never_order.md,498,9ce463692e83f5da7c96f5cbe76a0d5d3c55ea80d5b325a095a90c76d080f0f3,NASA FRET upstream source snapshot
vendor/fret/fret-electron/docs/_media/semantics/patterns/notin_only_never_satisfaction.md,433,659c66a9e86069e71d681188dffe518aa79ee4dbe1bdb0e77da73091f775d2ce,NASA FRET upstream source snapshot
vendor/fret/fret-electron/docs/_media/semantics/patterns/notin_only_null_action.md,400,8b5df2eefc88d6c0289b85fb8732ebff9866d9b0e0c4e7914f7286fd0a7612ea,NASA FRET upstream source snapshot
vendor/fret/fret-electron/docs/_media/semantics/patterns/notin_only_null_not_order.md,501,1d12673520cc59a4642662a9c04e82d4aa459a705e4bf3f8430577c5ae7775c2,NASA FRET upstream source snapshot
vendor/fret/fret-electron/docs/_media/semantics/patterns/notin_only_null_order.md,493,e647e0798f51806590b157adbfc4ba8b9fbd75b046672fafcca915b15c2d9d4f,NASA FRET upstream source snapshot
vendor/fret/fret-electron/docs/_media/semantics/patterns/notin_only_null_satisfaction.md,453,d7bcdbe50ef3653e2245d2cf91a0d7e443f37cf11fee43329ab97f0dac47b7ea,NASA FRET upstream source snapshot
vendor/fret/fret-electron/docs/_media/semantics/patterns/notin_only_within_action.md,440,047bd57a4963c4bb5fccb9555f2e305c2abcf28a533f731d145fa9745e75f39a,NASA FRET upstream source snapshot
vendor/fret/fret-electron/docs/_media/semantics/patterns/notin_only_within_not_order.md,491,6165784cc6097275e997039f081cbe66da61c0fba121c835449c79484d31aa1f,NASA FRET upstream source snapshot
vendor/fret/fret-electron/docs/_media/semantics/patterns/notin_only_within_order.md,508,8adac12923383a7ec811adf5a3e3afd97e528618a854113a32bcc2b2c62c0e8f,NASA FRET upstream source snapshot
vendor/fret/fret-electron/docs/_media/semantics/patterns/notin_only_within_satisfaction.md,468,5782242182435ebc768acbe95f41cf17c96ad794968160b730c4db4954c30924,NASA FRET upstream source snapshot
vendor/fret/fret-electron/docs/_media/semantics/patterns/notin_regular_after_action.md,411,77cf70a4d63162907e98d8036eb6767b5194496ffe6a4b822301c19edde6e9e5,NASA FRET upstream source snapshot
vendor/fret/fret-electron/docs/_media/semantics/patterns/notin_regular_after_not_order.md,512,00ede7a8a6f2f3ae800b6e44e9e3e0d0313f294e4207ce5ed6104ad7596fc9e5,NASA FRET upstream source snapshot
vendor/fret/fret-electron/docs/_media/semantics/patterns/notin_regular_after_order.md,504,9b492aaefff5b9797875f91629ff810949ba6606818667e9d04df30379848980,NASA FRET upstream source snapshot
vendor/fret/fret-electron/docs/_media/semantics/patterns/notin_regular_after_satisfaction.md,464,100ff1e8a90ad191f6e848a7c7118726ed5f6e40c3c73db570dbe49b22874880,NASA FRET upstream source snapshot
vendor/fret/fret-electron/docs/_media/semantics/patterns/notin_regular_always_action.md,430,9c5385b2de0b9408b1c78e297daa9bbd674a5b59c06d4c5dbaeeefd1cff989aa,NASA FRET upstream source snapshot
vendor/fret/fret-electron/docs/_media/semantics/patterns/notin_regular_always_not_order.md,454,bdc574e2314e127d7651662c3702e533f845a65e38bd6c44e7e56a4755453cf1,NASA FRET upstream source snapshot
vendor/fret/fret-electron/docs/_media/semantics/patterns/notin_regular_always_order.md,446,bd1bd02791d851f8990d63586be4e8eb43b68d0c714a59fcfe33af5ed976da47,NASA FRET upstream source snapshot
vendor/fret/fret-electron/docs/_media/semantics/patterns/notin_regular_always_satisfaction.md,458,bb430442b89925e8af47695c3bd6b8baae4af6baa195b87ffc2f1c11e693cc76,NASA FRET upstream source snapshot
vendor/fret/fret-electron/docs/_media/semantics/patterns/notin_regular_eventually_action.md,438,66e98b0d4e3e66ad0f75cff9dd07b787f5e4d97d94fb6104f3ca553ef1dd6364,NASA FRET upstream source snapshot
vendor/fret/fret-electron/docs/_media/semantics/patterns/notin_regular_eventually_not_order.md,462,2a8ec4a1f946d16fb543177b5dac4ee30f8a2a08eda05c37f28ecd0e402dbf8b,NASA FRET upstream source snapshot
vendor/fret/fret-electron/docs/_media/semantics/patterns/notin_regular_eventually_order.md,454,221a54373d38ce466dca494d3c0790f1ec4c58fb37f83e3b59543e89ca585773,NASA FRET upstream source snapshot
vendor/fret/fret-electron/docs/_media/semantics/patterns/notin_regular_eventually_satisfaction.md,441,9adfc05e752a50d43c86b406d6aede91085f5c222bc005ee11804fca09f787ea,NASA FRET upstream source snapshot
vendor/fret/fret-electron/docs/_media/semantics/patterns/notin_regular_immediately_action.md,440,b2b08136ea8ac5154a520edf19b425624412c7016fb2f84dc4e6c58a905ca0ac,NASA FRET upstream source snapshot
vendor/fret/fret-electron/docs/_media/semantics/patterns/notin_regular_immediately_not_order.md,491,91e78cd1d2b275c612f5cd6d3e0240823528f8d3a58a6a52db3b4c0aa0caeda7,NASA FRET upstream source snapshot
vendor/fret/fret-electron/docs/_media/semantics/patterns/notin_regular_immediately_order.md,508,9ed7e82e60c31f4b20e19bb5c50ddf0a7d058d9cb8849eee1fa15d84d9c08f2b,NASA FRET upstream source snapshot
vendor/fret/fret-electron/docs/_media/semantics/patterns/notin_regular_immediately_satisfaction.md,468,b32fce9ea1a41f5e532349d2d1a920fc955eaf51fc6ece987897a335a169feba,NASA FRET upstream source snapshot
vendor/fret/fret-electron/docs/_media/semantics/patterns/notin_regular_never_action.md,428,c75e322d7235896f1e327bb21fb62dc4530e0cb691894d15f2ca13447802dc4e,NASA FRET upstream source snapshot
vendor/fret/fret-electron/docs/_media/semantics/patterns/notin_regular_never_not_order.md,504,82a5a515dae4ec3bdbee316ca2538ad82ea29e05e72690752f471f4b2fd7c961,NASA FRET upstream source snapshot
vendor/fret/fret-electron/docs/_media/semantics/patterns/notin_regular_never_order.md,496,9643563c97c457ec8347390b670a56e57ea1700612155d138ae53aa1fcc8f9b5,NASA FRET upstream source snapshot
vendor/fret/fret-electron/docs/_media/semantics/patterns/notin_regular_never_satisfaction.md,431,3a876c4e012a214a309c33200dda223fa8a549669b7cd41fef6f4d75e9913207,NASA FRET upstream source snapshot
vendor/fret/fret-electron/docs/_media/semantics/patterns/notin_regular_null_action.md,398,ef50e54ce6a3834a148872f98823bf3d7349d14d5d489fa7d54645f9860406d5,NASA FRET upstream source snapshot
vendor/fret/fret-electron/docs/_media/semantics/patterns/notin_regular_null_not_order.md,499,697d5e9dcb5ddf1aaf28d126a79b12f624e388bd78e299a19e5ff4d8c2e24a62,NASA FRET upstream source snapshot
vendor/fret/fret-electron/docs/_media/semantics/patterns/notin_regular_null_order.md,491,647f2682043ce497ebeef5cfd1b0dd1ef9fc0c8acf155c44027378d0c6ccb15e,NASA FRET upstream source snapshot
vendor/fret/fret-electron/docs/_media/semantics/patterns/notin_regular_null_satisfaction.md,426,190fe5c5d567ebf39160218b4b7fb74d806a48a52cfd96564659ae97857ad84c,NASA FRET upstream source snapshot
vendor/fret/fret-electron/docs/_media/semantics/patterns/notin_regular_within_action.md,413,ff101e8e584aee6c086d8dca7088faa44461d3c44ba9dc1e6523fe36568fa4fe,NASA FRET upstream source snapshot
vendor/fret/fret-electron/docs/_media/semantics/patterns/notin_regular_within_not_order.md,514,9541b8d410cf705c041f0becca910f0a741001a19f2d0ccf81fc744b92494479,NASA FRET upstream source snapshot
vendor/fret/fret-electron/docs/_media/semantics/patterns/notin_regular_within_order.md,506,66fb9efb293739e481163e07e2bcf86b0b8773551611f05ed01ca6d54d2719d0,NASA FRET upstream source snapshot
vendor/fret/fret-electron/docs/_media/semantics/patterns/notin_regular_within_satisfaction.md,466,7607347d732ac27d8e1fdb987ef4edf88e3b0673218c3340e3eb951a1872ae1f,NASA FRET upstream source snapshot
vendor/fret/fret-electron/docs/_media/semantics/patterns/null_null_after_action.md,1151,15c0cff47debfa04c9f63d9509aba0bf87622c7667d0a0af20a3c58f51d05507,NASA FRET upstream source snapshot
vendor/fret/fret-electron/docs/_media/semantics/patterns/null_null_after_not_order.md,450,457b9a8a414c876ac331f33286da5f0fc3c4637b96379f463ad132b75d63f8e1,NASA FRET upstream source snapshot
vendor/fret/fret-electron/docs/_media/semantics/patterns/null_null_after_order.md,417,149c67b6f3e7e892a31117a608a4d6451598824445f9267778a11f0239c8a9e8,NASA FRET upstream source snapshot
vendor/fret/fret-electron/docs/_media/semantics/patterns/null_null_after_satisfaction.md,1462,d7d5412cb97580e34609fb44cfa4569e3bec822fd4b8bad8e38aa117dcff7237,NASA FRET upstream source snapshot
vendor/fret/fret-electron/docs/_media/semantics/patterns/null_null_always_action.md,602,f03d028ec7f1ec899c4fe48b1eef47dc1d08d5c9cc41fc7924f67dd7aac5cc6c,NASA FRET upstream source snapshot
vendor/fret/fret-electron/docs/_media/semantics/patterns/null_null_always_not_order.md,392,1618dc58faf5c080bfcdeb5f89a275e2eaccc1bd3b9bf327df4217973720fc25,NASA FRET upstream source snapshot
vendor/fret/fret-electron/docs/_media/semantics/patterns/null_null_always_order.md,384,962a0f790a52c56a42a1065e5aa4bdc8672984c601d1ec3b91cda6f35c479628,NASA FRET upstream source snapshot
vendor/fret/fret-electron/docs/_media/semantics/patterns/null_null_always_satisfaction.md,720,caed2552dfce9e6f10dd2b273fc42efc6b73497ad5804827b53c0954b58c7d04,NASA FRET upstream source snapshot
vendor/fret/fret-electron/docs/_media/semantics/patterns/null_null_eventually_action.md,675,5f77f9810603452f60ce748393408065e271eccfdbfbc715bbb8c0b8a7683c96,NASA FRET upstream source snapshot
vendor/fret/fret-electron/docs/_media/semantics/patterns/null_null_eventually_not_order.md,400,0cf1e86f41fd1793a0c694d3e742c8090c37d50fae5a4ef9c1d4434db60724d7,NASA FRET upstream source snapshot
vendor/fret/fret-electron/docs/_media/semantics/patterns/null_null_eventually_order.md,392,232ca71e6f03bf9d22201362926c1f0412d377417a92fdefe51b27989f33019b,NASA FRET upstream source snapshot
vendor/fret/fret-electron/docs/_media/semantics/patterns/null_null_eventually_satisfaction.md,793,c0727456f1ba11f23c5cadc4040f17e653ca32d3e46b749156eeea48b9794721,NASA FRET upstream source snapshot
vendor/fret/fret-electron/docs/_media/semantics/patterns/null_null_immediately_action.md,678,450c095afd627b4ee74b6dbb362365551d14ff651f1ae453c14ab69bea0d946e,NASA FRET upstream source snapshot
vendor/fret/fret-electron/docs/_media/semantics/patterns/null_null_immediately_not_order.md,454,8cf8f8508da62402277e6092b2626d0329440d66f4d4040639766555310ca1d2,NASA FRET upstream source snapshot
vendor/fret/fret-electron/docs/_media/semantics/patterns/null_null_immediately_order.md,446,2531df551e055a5830f5801528f5efa7489603cfe60b50b6a0d4110e33dc80ad,NASA FRET upstream source snapshot
vendor/fret/fret-electron/docs/_media/semantics/patterns/null_null_immediately_satisfaction.md,796,81de805a68fd584df8394c2ac7bef5ca39e9135a47a388bbbe3f917cf1ca81a6,NASA FRET upstream source snapshot
vendor/fret/fret-electron/docs/_media/semantics/patterns/null_null_never_action.md,632,7f411365b4632062412d360c2eafa1a06ee7efde83a9fad3e6592bb9eea73669,NASA FRET upstream source snapshot
vendor/fret/fret-electron/docs/_media/semantics/patterns/null_null_never_not_order.md,442,61e1c98690772c066417526bbda9a0ffe4e8336312779b8bf9a8d4f7cd2c0859,NASA FRET upstream source snapshot
vendor/fret/fret-electron/docs/_media/semantics/patterns/null_null_never_order.md,434,012f1a3c9c10238567408bffa95596fd840ee1974936967436d1b8ef9edc7f28,NASA FRET upstream source snapshot
vendor/fret/fret-electron/docs/_media/semantics/patterns/null_null_never_satisfaction.md,750,b1bbf91e3cfab83071ce3e1f1a18175221cfd4f1a951ae4d2b16a218288205a3,NASA FRET upstream source snapshot
vendor/fret/fret-electron/docs/_media/semantics/patterns/null_null_null_action.md,642,cc61f765eed9a55491c43763b03b14d01571e6c457fff85aa42f583a3be7d8f4,NASA FRET upstream source snapshot
vendor/fret/fret-electron/docs/_media/semantics/patterns/null_null_null_not_order.md,412,8737f5c67b72f67c8c4cb9841a84fadf85dd2a5cb767b3a0927822da068233b8,NASA FRET upstream source snapshot
vendor/fret/fret-electron/docs/_media/semantics/patterns/null_null_null_order.md,429,48386e30b85f30e2ec7e6c194d91b304a94ea26dd6fe355a64519207c8219fae,NASA FRET upstream source snapshot
vendor/fret/fret-electron/docs/_media/semantics/patterns/null_null_null_satisfaction.md,735,85a0f923e1cb055f59b7745824ae7f6f8bd80eb9864a89b64da71fd12fcc4d9d,NASA FRET upstream source snapshot
vendor/fret/fret-electron/docs/_media/semantics/patterns/null_null_within_action.md,882,65e0836ad74e955274b1fe2ff6d54aa72b533f61665ce2e6f9b491fa46f300af,NASA FRET upstream source snapshot
vendor/fret/fret-electron/docs/_media/semantics/patterns/null_null_within_not_order.md,452,937ba9933a3eea7979657f34eae66979e086050f05a5483249d786d978e902ec,NASA FRET upstream source snapshot
vendor/fret/fret-electron/docs/_media/semantics/patterns/null_null_within_order.md,444,63167bdba0d8e0a0a7f5e2ff2053767df7b148cfff71163d2e51b6efea6c1dc4,NASA FRET upstream source snapshot
vendor/fret/fret-electron/docs/_media/semantics/patterns/null_null_within_satisfaction.md,1048,f1a94734081aefc49101e848c4838981fc598c6f152f03c64d9d199c8bf84b55,NASA FRET upstream source snapshot
vendor/fret/fret-electron/docs/_media/semantics/patterns/null_only_after_action.md,405,9a6685fb358872a2643ef69010f07c3a0ae17a6d9e2acdbacd29e455931dfded,NASA FRET upstream source snapshot
vendor/fret/fret-electron/docs/_media/semantics/patterns/null_only_after_not_order.md,481,646001f55eddab0004942b56f8dfbbd01d925e21f5415f4a9b80d8116621b75c,NASA FRET upstream source snapshot
vendor/fret/fret-electron/docs/_media/semantics/patterns/null_only_after_order.md,473,51bf1a38bebfc3f4f4e28fbf6606b1c2ab6a4a2e25e064ead023aafee69ffcaf,NASA FRET upstream source snapshot
vendor/fret/fret-electron/docs/_media/semantics/patterns/null_only_after_satisfaction.md,433,13cd529334b1d92cf65b9760591843ea80a0ef5f64392f89ff9e3155473f1c7b,NASA FRET upstream source snapshot
vendor/fret/fret-electron/docs/_media/semantics/patterns/null_only_always_action.md,374,7359ce8ed9043112f0255ba59945649b7d5a8b7a19e8dd893029b1c4826ae0b4,NASA FRET upstream source snapshot
vendor/fret/fret-electron/docs/_media/semantics/patterns/null_only_always_not_order.md,423,0ebadbcba4058006103c2167675b2dac095c544532bb7d5986312059bb682072,NASA FRET upstream source snapshot
vendor/fret/fret-electron/docs/_media/semantics/patterns/null_only_always_order.md,415,53d9bc0daa01a638f517e9fa275f063807ad690255eef00baf0ae4d6a57347e3,NASA FRET upstream source snapshot
vendor/fret/fret-electron/docs/_media/semantics/patterns/null_only_always_satisfaction.md,427,dac967a960fd88113bc7df157d60614fbf72095b56a640233adc61114c7d4e44,NASA FRET upstream source snapshot
vendor/fret/fret-electron/docs/_media/semantics/patterns/null_only_eventually_action.md,382,eac4a4d258ee4b15aa3efe3e795e279c617f2be2aa8da22159c29ca6c28d704b,NASA FRET upstream source snapshot
vendor/fret/fret-electron/docs/_media/semantics/patterns/null_only_eventually_not_order.md,431,807d55a705320bdbec36731392247de088552d5e4d0110b60c06d953aafa84fc,NASA FRET upstream source snapshot
vendor/fret/fret-electron/docs/_media/semantics/patterns/null_only_eventually_order.md,423,3a9303453818138682bef8d672ee4b1a6175015ee0ff039d03bab0821457f4aa,NASA FRET upstream source snapshot
vendor/fret/fret-electron/docs/_media/semantics/patterns/null_only_eventually_satisfaction.md,410,29bb2f3fc63c525613784190f1919df7c527d8d3178d85b7cfed706ed84c55b7,NASA FRET upstream source snapshot
vendor/fret/fret-electron/docs/_media/semantics/patterns/null_only_immediately_action.md,409,352c84922e158a0a7793ba83c22044515150012919ce3479128da443215f5191,NASA FRET upstream source snapshot
vendor/fret/fret-electron/docs/_media/semantics/patterns/null_only_immediately_not_order.md,485,4f03d99ad3e27f0df42ebce653d65572a6cc06b7553a0eece9a1c788dfd3143e,NASA FRET upstream source snapshot
vendor/fret/fret-electron/docs/_media/semantics/patterns/null_only_immediately_order.md,477,bbc4f933432892d966f449af1c07b16c4a8ccaf825a25052f838680caa3ab289,NASA FRET upstream source snapshot
vendor/fret/fret-electron/docs/_media/semantics/patterns/null_only_immediately_satisfaction.md,437,dc0ec4410dfb6667987fb19e1d77dc811d931aa85a1f91fa24654609ffc27b95,NASA FRET upstream source snapshot
vendor/fret/fret-electron/docs/_media/semantics/patterns/null_only_never_action.md,397,28777ba6c60a11f4f51f3e17330536983687552ff2f846295964cd41524a542d,NASA FRET upstream source snapshot
vendor/fret/fret-electron/docs/_media/semantics/patterns/null_only_never_not_order.md,473,7dd1700ac07865ddafb8c69c2a9546fb9be7128c2fe9cc01c8f9f4f933171ad3,NASA FRET upstream source snapshot
vendor/fret/fret-electron/docs/_media/semantics/patterns/null_only_never_order.md,465,ffec3edf5fd8ce9cd5086683d52d8c3fc6936d8755247abdfe3896e3191c7b14,NASA FRET upstream source snapshot
vendor/fret/fret-electron/docs/_media/semantics/patterns/null_only_never_satisfaction.md,425,a17c0454469123aabe475bfbef3f66d6804ec374b732551c0ab40848d0009671,NASA FRET upstream source snapshot
vendor/fret/fret-electron/docs/_media/semantics/patterns/null_only_null_action.md,367,e01ccec1b27d004f5fdbdfb466977c72e355bb4b96cb5361e2405524e61a04f4,NASA FRET upstream source snapshot
vendor/fret/fret-electron/docs/_media/semantics/patterns/null_only_null_not_order.md,443,cc77c6cf6f6a1ce8eb0e237e4c3610c7c539ab9983c8d8cba6edbccf69b59c13,NASA FRET upstream source snapshot
vendor/fret/fret-electron/docs/_media/semantics/patterns/null_only_null_order.md,460,656fdef87f126e6f377423f75a6234f72a16b83e7e3df232dc5ee58d3c7f95cc,NASA FRET upstream source snapshot
vendor/fret/fret-electron/docs/_media/semantics/patterns/null_only_null_satisfaction.md,420,da1d542d3d5b8a15b2d3ccaeb625821740315df8aa2a8d9325c001114ebd86e4,NASA FRET upstream source snapshot
vendor/fret/fret-electron/docs/_media/semantics/patterns/null_only_within_action.md,407,b6d44277634164550af9b826a238b3744c7833bd1bb11d8cf43b0c29f537cf02,NASA FRET upstream source snapshot
vendor/fret/fret-electron/docs/_media/semantics/patterns/null_only_within_not_order.md,483,d4104e1533634263369ff3092353d407eab5eee4e00b974bcfad08e1951484d1,NASA FRET upstream source snapshot
vendor/fret/fret-electron/docs/_media/semantics/patterns/null_only_within_order.md,450,811294919798013ff6774aa4876c9fd66fbbd7acfe429def2ebeac39cfd40e6e,NASA FRET upstream source snapshot
vendor/fret/fret-electron/docs/_media/semantics/patterns/null_only_within_satisfaction.md,435,de9310808e8e3d3b585323cfa16bf9c52363d521e0c19abba59438fd9f9a88bb,NASA FRET upstream source snapshot
vendor/fret/fret-electron/docs/_media/semantics/patterns/null_regular_after_action.md,378,9f59f6d5b1f6b7aa7b252b60c6e355724e955f2e1ccafe296c04d9e9a8159a05,NASA FRET upstream source snapshot
vendor/fret/fret-electron/docs/_media/semantics/patterns/null_regular_after_not_order.md,454,af9eb1a1a62b989a19acd17419f4e644c76af6c2e4873ff2a1be36804dd233cb,NASA FRET upstream source snapshot
vendor/fret/fret-electron/docs/_media/semantics/patterns/null_regular_after_order.md,471,a8009f4e1c5515b1bce81c3c3d83d1f2d453815c03e6dc3b9a07422bbe0da009,NASA FRET upstream source snapshot
vendor/fret/fret-electron/docs/_media/semantics/patterns/null_regular_after_satisfaction.md,431,dbd086ecb8c2f6cf680f57582b947c999abbb62923dfbfa0627fc4990d3530f1,NASA FRET upstream source snapshot
vendor/fret/fret-electron/docs/_media/semantics/patterns/null_regular_always_action.md,397,5a439a66ebbe2d5c8d84c070aabd8fe6ca1eb0b1c3b80fa910338545c3e5c6bc,NASA FRET upstream source snapshot
vendor/fret/fret-electron/docs/_media/semantics/patterns/null_regular_always_not_order.md,396,1f11a79976c7b037683b13214d2c53fd0d9565727879e2d59dc924685d48dced,NASA FRET upstream source snapshot
vendor/fret/fret-electron/docs/_media/semantics/patterns/null_regular_always_order.md,413,d1a16c710ae6f475c1a78c91ccc66ce784dc4dae0e36ed2618fcad4c63ae5880,NASA FRET upstream source snapshot
vendor/fret/fret-electron/docs/_media/semantics/patterns/null_regular_always_satisfaction.md,425,65969b16727beae836b678a7116c4aad7c6281b4b21c2e89c56a88bd6420a8f2,NASA FRET upstream source snapshot
vendor/fret/fret-electron/docs/_media/semantics/patterns/null_regular_eventually_action.md,380,7328fd9e385661ca2dce5f4da8a02e225e5e7fadb1b95fa34c320f88383be0ba,NASA FRET upstream source snapshot
vendor/fret/fret-electron/docs/_media/semantics/patterns/null_regular_eventually_not_order.md,404,4286621734c69736c62f23c6dbdaf82dae86f196e1435fc043b4e00926bc2446,NASA FRET upstream source snapshot
vendor/fret/fret-electron/docs/_media/semantics/patterns/null_regular_eventually_order.md,396,3346da6bc3437b856f8f0fa53162a12369b5e7fc39f8d7236e308796d2f87380,NASA FRET upstream source snapshot
vendor/fret/fret-electron/docs/_media/semantics/patterns/null_regular_eventually_satisfaction.md,433,2cffe6dda5f76e3118595ed4e7fdc22cd5d30e371e8dbf97aebaacb58cff3243,NASA FRET upstream source snapshot
vendor/fret/fret-electron/docs/_media/semantics/patterns/null_regular_immediately_action.md,407,d1e553a21a7936e64c05186afa2f4afcf0360db744df4ec9f6945596f96f83e7,NASA FRET upstream source snapshot
vendor/fret/fret-electron/docs/_media/semantics/patterns/null_regular_immediately_not_order.md,483,82af03dbbeb4f22cc698cab71211d3c9b2d7aecb6ef6f8c00bc31b44a99e3ccd,NASA FRET upstream source snapshot
vendor/fret/fret-electron/docs/_media/semantics/patterns/null_regular_immediately_order.md,475,aee142135c2f5bf2f48bd69805e88f765f0900bf22d99e87723220b712c45bbb,NASA FRET upstream source snapshot
vendor/fret/fret-electron/docs/_media/semantics/patterns/null_regular_immediately_satisfaction.md,410,4a96a9e41cba741d284927f1532d3394de28504a84338df2909347766b27c2a9,NASA FRET upstream source snapshot
vendor/fret/fret-electron/docs/_media/semantics/patterns/null_regular_never_action.md,370,e65a7fb3a6a2d47824451bab7652da8c911add849f98479e39903d8a62817b99,NASA FRET upstream source snapshot
vendor/fret/fret-electron/docs/_media/semantics/patterns/null_regular_never_not_order.md,471,d4b3b8b82df9637f4b780bc91f5863fba7a4bf11f798eaa0d688d00ff8c0edf8,NASA FRET upstream source snapshot
vendor/fret/fret-electron/docs/_media/semantics/patterns/null_regular_never_order.md,463,f9b374484adddd1c92e49fc73821c29f6df0fb6284d43e27e533531fd9b91518,NASA FRET upstream source snapshot
vendor/fret/fret-electron/docs/_media/semantics/patterns/null_regular_never_satisfaction.md,398,43c935aa81f5f477c44d288e6d8900a117b2ae62ddf8fde45d893926bc245601,NASA FRET upstream source snapshot
vendor/fret/fret-electron/docs/_media/semantics/patterns/null_regular_null_action.md,390,449383bbb0781b1e30f5cc98fb90fd7bbb87ebca8a1d2543ccd300d02943fa6f,NASA FRET upstream source snapshot
vendor/fret/fret-electron/docs/_media/semantics/patterns/null_regular_null_not_order.md,441,dae1fec5dbe6c51c016c8a8105194452a1a782995c8f85f0a6d3f08cb2fd437e,NASA FRET upstream source snapshot
vendor/fret/fret-electron/docs/_media/semantics/patterns/null_regular_null_order.md,433,80e24badae1be7a4f483b50bb7a084f7d351aa628c73dcd80753fad16ea3d37f,NASA FRET upstream source snapshot
vendor/fret/fret-electron/docs/_media/semantics/patterns/null_regular_null_satisfaction.md,418,d48799cb16e883494b5db3740bd749b07480c2ac536e80b9674dac5a4dc457a1,NASA FRET upstream source snapshot
vendor/fret/fret-electron/docs/_media/semantics/patterns/null_regular_within_action.md,380,34f202f7bb4aea5249fc690e52b4b07458043f41f8e64cf3ca8b7f234c2568df,NASA FRET upstream source snapshot
vendor/fret/fret-electron/docs/_media/semantics/patterns/null_regular_within_not_order.md,481,811a84a255882ea148fbdcc11b66d2d541a0c78a1edc7733a054bb7e296d1de3,NASA FRET upstream source snapshot
vendor/fret/fret-electron/docs/_media/semantics/patterns/null_regular_within_order.md,448,a031691187aae4511439844db563d7184a25c265b53e075e7106fd6e490c1d80,NASA FRET upstream source snapshot
vendor/fret/fret-electron/docs/_media/semantics/patterns/null_regular_within_satisfaction.md,433,e0aeebe364d72a22fa9aeccf9ced2fd96db5d721a9a6e7926f0ce513ece9828e,NASA FRET upstream source snapshot
vendor/fret/fret-electron/docs/_media/semantics/patterns/onlyAfter_null_after_action.md,387,cb6f672533bac935039d3dfd0a2b2620d94c7ce9e39c6448f81da338385630c8,NASA FRET upstream source snapshot
vendor/fret/fret-electron/docs/_media/semantics/patterns/onlyAfter_null_after_not_order.md,463,9b565d2b994bf4cabd2068f2d0979b3c4703f2de07d0b268e234bb7e2ab264bb,NASA FRET upstream source snapshot
vendor/fret/fret-electron/docs/_media/semantics/patterns/onlyAfter_null_after_order.md,480,2b7f21c3198d1a9c1faafb3aa78bbf7107658ad327878b05a6e0ed1353a13f4e,NASA FRET upstream source snapshot
vendor/fret/fret-electron/docs/_media/semantics/patterns/onlyAfter_null_after_satisfaction.md,440,e8a3dc010437d948911b0b819459435753d3b850a5b4bcba5faa88bbd6114fd5,NASA FRET upstream source snapshot
vendor/fret/fret-electron/docs/_media/semantics/patterns/onlyAfter_null_always_action.md,406,d96451b8f91ad75bbad52180fa7ebf73ced3211ef1eb72e96ef8090aefdf8906,NASA FRET upstream source snapshot
vendor/fret/fret-electron/docs/_media/semantics/patterns/onlyAfter_null_always_not_order.md,430,86abd9643a27460ddb0170dd9a97ae013073e87b9c3699677374a75d689919c7,NASA FRET upstream source snapshot
vendor/fret/fret-electron/docs/_media/semantics/patterns/onlyAfter_null_always_order.md,422,729faba80601879e62bb368bdc4753c33f1653dc9a739b206afcd11ffa6375f1,NASA FRET upstream source snapshot
vendor/fret/fret-electron/docs/_media/semantics/patterns/onlyAfter_null_always_satisfaction.md,434,b1ec95b25a121137b564b7d2eb426879f9ca004b0d79ef3e8ce95c2433302799,NASA FRET upstream source snapshot
vendor/fret/fret-electron/docs/_media/semantics/patterns/onlyAfter_null_eventually_action.md,414,6e4b251a6bc55c33ec9b0c44dba204a0fa083298fc6bbc2348b69e929eebd3e6,NASA FRET upstream source snapshot
vendor/fret/fret-electron/docs/_media/semantics/patterns/onlyAfter_null_eventually_not_order.md,438,82baa510f100c1d3d2afa07432fa99ae4a41cf130d3575ad7b7dd51202928045,NASA FRET upstream source snapshot
vendor/fret/fret-electron/docs/_media/semantics/patterns/onlyAfter_null_eventually_order.md,430,888d7dcc84a5148f409fa54119dc4e845c4006dcc622934fba41fe7754251e14,NASA FRET upstream source snapshot
vendor/fret/fret-electron/docs/_media/semantics/patterns/onlyAfter_null_eventually_satisfaction.md,442,fb3004d9be04cf9578b533be8c0516acee54714920b7ef715b260f5fa39a2b05,NASA FRET upstream source snapshot
vendor/fret/fret-electron/docs/_media/semantics/patterns/onlyAfter_null_immediately_action.md,416,e42c54ed85abe07bc88375defd4f6333cbb2d679aec7dc9bf82a0e04d360b21c,NASA FRET upstream source snapshot
vendor/fret/fret-electron/docs/_media/semantics/patterns/onlyAfter_null_immediately_not_order.md,467,7df9c6b3457af2b7e58c798c4a51e559e587b663a2313f9fe166d4f3d7482137,NASA FRET upstream source snapshot
vendor/fret/fret-electron/docs/_media/semantics/patterns/onlyAfter_null_immediately_order.md,484,28f03fe3a612c0ef48b9a0f0fe11e946fb273dc02c8cab8a421786310e8abf4f,NASA FRET upstream source snapshot
vendor/fret/fret-electron/docs/_media/semantics/patterns/onlyAfter_null_immediately_satisfaction.md,419,a24505a6cdeca7e0f06aebc1d56a8e8683c369304bab565c7134fc6f611f683c,NASA FRET upstream source snapshot
vendor/fret/fret-electron/docs/_media/semantics/patterns/onlyAfter_null_never_action.md,404,7dc101f2805a4fa8c78cad9a5d5a0ffd03b6d74888fa7e5cd2d5932f7dfbbed6,NASA FRET upstream source snapshot
vendor/fret/fret-electron/docs/_media/semantics/patterns/onlyAfter_null_never_not_order.md,480,d55f105e44b35d85e97d29f8011b21ff33691fbc086e8447e5431413db1f4351,NASA FRET upstream source snapshot
vendor/fret/fret-electron/docs/_media/semantics/patterns/onlyAfter_null_never_order.md,472,670034af04490d12eccbd895d57a932e74909c6b160a15c7cd7d2e4cdf343b6b,NASA FRET upstream source snapshot
vendor/fret/fret-electron/docs/_media/semantics/patterns/onlyAfter_null_never_satisfaction.md,407,71a62f117867335f6a0f3cc9f5351f2cb78741adcad1e442f247e38c6304d447,NASA FRET upstream source snapshot
vendor/fret/fret-electron/docs/_media/semantics/patterns/onlyAfter_null_null_action.md,374,78692dbb9fbfcdda5c174ffbc8e903d9caf5c83cd989e207548f21f53d939bfe,NASA FRET upstream source snapshot
vendor/fret/fret-electron/docs/_media/semantics/patterns/onlyAfter_null_null_not_order.md,450,0df2017e6456334716dee7ae5460b4b395b850cbbe160a136d96bed1efb2db67,NASA FRET upstream source snapshot
vendor/fret/fret-electron/docs/_media/semantics/patterns/onlyAfter_null_null_order.md,442,9097daa87066f15ff5751857b87b848cf1d4fad0276cb75e166a081a6096603e,NASA FRET upstream source snapshot
vendor/fret/fret-electron/docs/_media/semantics/patterns/onlyAfter_null_null_satisfaction.md,402,40b77524f58a42b30d0474d555dc4602b76f2df88a11c9c39d13192950345e68,NASA FRET upstream source snapshot
vendor/fret/fret-electron/docs/_media/semantics/patterns/onlyAfter_null_within_action.md,414,a79913941c1aeb662696af945a319d746dd30149e5821a489c22191a9a8201f4,NASA FRET upstream source snapshot
vendor/fret/fret-electron/docs/_media/semantics/patterns/onlyAfter_null_within_not_order.md,490,90335876998ce3ff365b0a18260fef1a01baddaf54cc59311fef8128054b05a3,NASA FRET upstream source snapshot
vendor/fret/fret-electron/docs/_media/semantics/patterns/onlyAfter_null_within_order.md,482,cc4c78d2a01dd8e762489f2f791d927b783c1fc17b5dae2d0ceb8f61d9378f9a,NASA FRET upstream source snapshot
vendor/fret/fret-electron/docs/_media/semantics/patterns/onlyAfter_null_within_satisfaction.md,442,553d79200f1aaa8cb22e7ddef888cceca4c9f562afcb34a7fa4a4cabba28dc1d,NASA FRET upstream source snapshot
vendor/fret/fret-electron/docs/_media/semantics/patterns/onlyAfter_only_after_action.md,441,216daeefb789fbfa1429817d127300063e09ee46ed13e18b044c5f291739130d,NASA FRET upstream source snapshot
vendor/fret/fret-electron/docs/_media/semantics/patterns/onlyAfter_only_after_not_order.md,492,59b702e00f10baf01650ff5a807b11356163dd4ef6cafcfad47bfe74146cad64,NASA FRET upstream source snapshot
vendor/fret/fret-electron/docs/_media/semantics/patterns/onlyAfter_only_after_order.md,509,34adf1a1eded7ab766da41bf0ed91f44aef19b8fd5512ce04fd474527a2dfc37,NASA FRET upstream source snapshot
vendor/fret/fret-electron/docs/_media/semantics/patterns/onlyAfter_only_after_satisfaction.md,469,cda1f2ab891dcaad6a117447417190b4722537525e456b71512435cf279e6391,NASA FRET upstream source snapshot
vendor/fret/fret-electron/docs/_media/semantics/patterns/onlyAfter_only_always_action.md,435,ac1cefb61a961f19cdf920fe85dc7cdb42a153ece1df70c96000e241fa90a957,NASA FRET upstream source snapshot
vendor/fret/fret-electron/docs/_media/semantics/patterns/onlyAfter_only_always_not_order.md,459,b0af5d269dc8194fcc983f23079b8a3976ca6f6c6abd1976e2b5757e2211507b,NASA FRET upstream source snapshot
vendor/fret/fret-electron/docs/_media/semantics/patterns/onlyAfter_only_always_order.md,426,a86fc173fe5d7c23314dc1eceb2d92a2383eee0deb922086d7e48d04c4cff613,NASA FRET upstream source snapshot
vendor/fret/fret-electron/docs/_media/semantics/patterns/onlyAfter_only_always_satisfaction.md,463,e98f2eacace474d30dbf5c6e52728043092bcde967eef9f16cefcd73f73c0139,NASA FRET upstream source snapshot
vendor/fret/fret-electron/docs/_media/semantics/patterns/onlyAfter_only_eventually_action.md,443,311137154f831691ebd807af8834d5b7b60be67d324240f15b8109781ac1926f,NASA FRET upstream source snapshot
vendor/fret/fret-electron/docs/_media/semantics/patterns/onlyAfter_only_eventually_not_order.md,467,218dcc5575671d58522a550e85ac16157b1434487e789fc71cf1a6431358341e,NASA FRET upstream source snapshot
vendor/fret/fret-electron/docs/_media/semantics/patterns/onlyAfter_only_eventually_order.md,459,2f9296e5bfc08e76ca88aa9b31390886d573124155a2b8c1df55206baa8aaa9e,NASA FRET upstream source snapshot
vendor/fret/fret-electron/docs/_media/semantics/patterns/onlyAfter_only_eventually_satisfaction.md,471,a195ecd2f6b42970c85e147cc54efc725b1e408a719100ae03e19ff0b58da8b7,NASA FRET upstream source snapshot
vendor/fret/fret-electron/docs/_media/semantics/patterns/onlyAfter_only_immediately_action.md,445,8145351b2779db4231048f0448968295d19c557a68141851478c53f04a746b85,NASA FRET upstream source snapshot
vendor/fret/fret-electron/docs/_media/semantics/patterns/onlyAfter_only_immediately_not_order.md,521,1cc65f33fe533413ea88ad911ac22e2a05388d7a6a55aafe1f0643a5345f2cca,NASA FRET upstream source snapshot
vendor/fret/fret-electron/docs/_media/semantics/patterns/onlyAfter_only_immediately_order.md,513,59c9f25cc30c96e36c3f62aad87616c75dc1caba349a96602aaa7833d240b6b2,NASA FRET upstream source snapshot
vendor/fret/fret-electron/docs/_media/semantics/patterns/onlyAfter_only_immediately_satisfaction.md,473,2311ed5698e770d3b5e79c571e8a8ebf2512952ab1a1b4f072b2bbc48e9242f9,NASA FRET upstream source snapshot
vendor/fret/fret-electron/docs/_media/semantics/patterns/onlyAfter_only_never_action.md,433,fbf5260af90cd8a7c0c745494e23bc6593f00db5364ebb161ab0732a57bd18fd,NASA FRET upstream source snapshot
vendor/fret/fret-electron/docs/_media/semantics/patterns/onlyAfter_only_never_not_order.md,484,940b87fd91c6ce740108bd1c9a40b0e4745a06299e1b9b58107f3deaba1dbc0a,NASA FRET upstream source snapshot
vendor/fret/fret-electron/docs/_media/semantics/patterns/onlyAfter_only_never_order.md,501,c2ac79ae99d873efbc4935d3e9e116b8617caf28e020c6b2a8ad4a8b22428470,NASA FRET upstream source snapshot
vendor/fret/fret-electron/docs/_media/semantics/patterns/onlyAfter_only_never_satisfaction.md,461,2b80474bef1de95d8adfeda78d7f76a554caea8ca2a5617b6ab547c3d20a2c0a,NASA FRET upstream source snapshot
vendor/fret/fret-electron/docs/_media/semantics/patterns/onlyAfter_only_null_action.md,428,82825e06fcb564aba562ff179caadd57baa269f036aa4a6e21b1a917022a0f58,NASA FRET upstream source snapshot
vendor/fret/fret-electron/docs/_media/semantics/patterns/onlyAfter_only_null_not_order.md,504,b8f057f2feba1be70449d47a051cfb939891d81cab5b0cdca893a4b3c6b7740a,NASA FRET upstream source snapshot
vendor/fret/fret-electron/docs/_media/semantics/patterns/onlyAfter_only_null_order.md,496,eccb969219fe71882785e8196febbe1c6fe5b8226186010e0447bc3e542f54c7,NASA FRET upstream source snapshot
vendor/fret/fret-electron/docs/_media/semantics/patterns/onlyAfter_only_null_satisfaction.md,456,2f3fe8277d99e88933306c58d8c335aeca5e50372e83a9c9b717959de13a90a6,NASA FRET upstream source snapshot
vendor/fret/fret-electron/docs/_media/semantics/patterns/onlyAfter_only_within_action.md,443,aef54f4d97b584ffde2ddcd2075e2ead42919956ffb5fc692c00ff108d5ae50f,NASA FRET upstream source snapshot
vendor/fret/fret-electron/docs/_media/semantics/patterns/onlyAfter_only_within_not_order.md,519,8ea5a4bacddd7e02366da0ff457f1a1e4a6d648bf1b49da0ea4d0d7c3a4036bc,NASA FRET upstream source snapshot
vendor/fret/fret-electron/docs/_media/semantics/patterns/onlyAfter_only_within_order.md,486,fa3e8b9679b898460a718313f05887e653808d2c78effa75cc50ae0fde3d9c6e,NASA FRET upstream source snapshot
vendor/fret/fret-electron/docs/_media/semantics/patterns/onlyAfter_only_within_satisfaction.md,471,222cc72cb229167c6830a540d127dea290088405c99ef59515ea2a52ec861cf3,NASA FRET upstream source snapshot
vendor/fret/fret-electron/docs/_media/semantics/patterns/onlyAfter_regular_after_action.md,441,a5fd365d8e8d4c197016fe09ffa56e50a60ad226c0da957e1e52dc140df6de01,NASA FRET upstream source snapshot
vendor/fret/fret-electron/docs/_media/semantics/patterns/onlyAfter_regular_after_not_order.md,492,ee508528f2abffe3e57b4dcb58cda0e41ed0d486d78b121a7bc8deefdf965487,NASA FRET upstream source snapshot
vendor/fret/fret-electron/docs/_media/semantics/patterns/onlyAfter_regular_after_order.md,509,e9a3596eb1ddd76627fbb02c46cde887f542d5952cd5cf9b99d4773e165cba09,NASA FRET upstream source snapshot
vendor/fret/fret-electron/docs/_media/semantics/patterns/onlyAfter_regular_after_satisfaction.md,469,0fe31136f7616d42c7a5f1416007cbf21e5e9b99d55e8be9682ca7d39225c426,NASA FRET upstream source snapshot
vendor/fret/fret-electron/docs/_media/semantics/patterns/onlyAfter_regular_always_action.md,435,af4876d7d87e706d3264b07c573fcc0bfff52e50e29590b5849cbc5bb2318ff1,NASA FRET upstream source snapshot
vendor/fret/fret-electron/docs/_media/semantics/patterns/onlyAfter_regular_always_not_order.md,459,30d7cc543551e2750776f07fb47cc8a7f968bcccd521531bf0bed472b6cff0c6,NASA FRET upstream source snapshot
vendor/fret/fret-electron/docs/_media/semantics/patterns/onlyAfter_regular_always_order.md,451,6086fa24ddaf0439bca06cd8864a442630418cd451a7c8735b7f0a76b4943ae9,NASA FRET upstream source snapshot
vendor/fret/fret-electron/docs/_media/semantics/patterns/onlyAfter_regular_always_satisfaction.md,463,8f07d9e1371bc34dd0beb2373777bac23b295bf6a8c8b216ef8adfb59e9e846d,NASA FRET upstream source snapshot
vendor/fret/fret-electron/docs/_media/semantics/patterns/onlyAfter_regular_eventually_action.md,443,1346177015e4a65e40c7bf33e68f4df21aa810f5a9cf15ce66bda442b77e854e,NASA FRET upstream source snapshot
vendor/fret/fret-electron/docs/_media/semantics/patterns/onlyAfter_regular_eventually_not_order.md,442,5dae8672c0c7b225803327ec0e3120e49034b8bbd7529adc073bb550de00312f,NASA FRET upstream source snapshot
vendor/fret/fret-electron/docs/_media/semantics/patterns/onlyAfter_regular_eventually_order.md,434,7c1221626b84c662e0c0f43f78fb789f003e44c84aa9eda1cd3f5716f28942a9,NASA FRET upstream source snapshot
vendor/fret/fret-electron/docs/_media/semantics/patterns/onlyAfter_regular_eventually_satisfaction.md,471,526614bc027e20f7787adae138bde1f0f55499866323e7611a2debd0dbc55e84,NASA FRET upstream source snapshot
vendor/fret/fret-electron/docs/_media/semantics/patterns/onlyAfter_regular_immediately_action.md,445,6a0e946c2300282ea65e6c79bce3583f410265430663d6bd1d5fa78bcbe5be7a,NASA FRET upstream source snapshot
vendor/fret/fret-electron/docs/_media/semantics/patterns/onlyAfter_regular_immediately_not_order.md,496,da9b7da8c36a3a50c21867c275fb1a6690741cf8c06fc2761ceb558e05d463d0,NASA FRET upstream source snapshot
vendor/fret/fret-electron/docs/_media/semantics/patterns/onlyAfter_regular_immediately_order.md,513,16994eb4d4c17c6a681584bef15db5ad7e6eb2c2aac1fd825cda85bdaf80c71c,NASA FRET upstream source snapshot
vendor/fret/fret-electron/docs/_media/semantics/patterns/onlyAfter_regular_immediately_satisfaction.md,473,cf2e21937a9e28a80e04c41e482ea0e959cab6c2ce0df2007986ced378ce52e0,NASA FRET upstream source snapshot
vendor/fret/fret-electron/docs/_media/semantics/patterns/onlyAfter_regular_never_action.md,408,7bb6258a9749d1dfaf76429417e7b3b849f33b62e6274a2c1fbfec845cd83ced,NASA FRET upstream source snapshot
vendor/fret/fret-electron/docs/_media/semantics/patterns/onlyAfter_regular_never_not_order.md,509,287889efbc39c63a5cd10f910d190549ca888a06ec40a1d3c5b94ed7c5218b3c,NASA FRET upstream source snapshot
vendor/fret/fret-electron/docs/_media/semantics/patterns/onlyAfter_regular_never_order.md,476,6ebcab078ea9f75ad77ff73b47f34306786b36ba66563e20b527abe64a539090,NASA FRET upstream source snapshot
vendor/fret/fret-electron/docs/_media/semantics/patterns/onlyAfter_regular_never_satisfaction.md,461,8ab31cdfdcd1918e26d23efbce5436e16801620c0d8f3b62ee1821f28a020157,NASA FRET upstream source snapshot
vendor/fret/fret-electron/docs/_media/semantics/patterns/onlyAfter_regular_null_action.md,428,93686574d51b95a2f7c4b1c2bda073aaecd1410a8684fd147cf1ff40c4639018,NASA FRET upstream source snapshot
vendor/fret/fret-electron/docs/_media/semantics/patterns/onlyAfter_regular_null_not_order.md,504,e7411546e9985658e79b5f384035564dd2bdf2ef8c992454486864736b4e1a69,NASA FRET upstream source snapshot
vendor/fret/fret-electron/docs/_media/semantics/patterns/onlyAfter_regular_null_order.md,496,ecb0090db837440606bba37ca0ddc36d67912d3e99c587870661f1ed9c2425ca,NASA FRET upstream source snapshot
vendor/fret/fret-electron/docs/_media/semantics/patterns/onlyAfter_regular_null_satisfaction.md,431,19e4abe66aaf6c6942153c31354b5daff4f9cdc501de2775f45e921d63ddce14,NASA FRET upstream source snapshot
vendor/fret/fret-electron/docs/_media/semantics/patterns/onlyAfter_regular_within_action.md,443,375164bea4ede6b785a4082f6d83ec12f35ffd8829d6c81d654a84269b72c3f4,NASA FRET upstream source snapshot
vendor/fret/fret-electron/docs/_media/semantics/patterns/onlyAfter_regular_within_not_order.md,519,76d3d77701c9e47c04e117c4a683a99c57af8bda5c41ff41da29b1c2ba4b8da4,NASA FRET upstream source snapshot
vendor/fret/fret-electron/docs/_media/semantics/patterns/onlyAfter_regular_within_order.md,486,777e26de8c2466107bd9eee001f4e9f25b9a4d4fe8d34f581a4ac6115f8ada00,NASA FRET upstream source snapshot
vendor/fret/fret-electron/docs/_media/semantics/patterns/onlyAfter_regular_within_satisfaction.md,446,50bed9abcb5771ac74fcacaa83c6d8cac4571de95759edab25958024eadc4270,NASA FRET upstream source snapshot
vendor/fret/fret-electron/docs/_media/semantics/patterns/onlyBefore_null_after_action.md,414,2672c881f8d3f6eaac29eaf9ca316dfb32671e003211629f2bcd812a314034a5,NASA FRET upstream source snapshot
vendor/fret/fret-electron/docs/_media/semantics/patterns/onlyBefore_null_after_not_order.md,465,251830098ace27b39a7e84faf6b2500e88012843a488f6cc71e593bf1d8b6431,NASA FRET upstream source snapshot
vendor/fret/fret-electron/docs/_media/semantics/patterns/onlyBefore_null_after_order.md,482,4a1f3c846aa6d06b4c064c3a75e0f5dace8b13a8e1fc30f1d73d6c4839d726d5,NASA FRET upstream source snapshot
vendor/fret/fret-electron/docs/_media/semantics/patterns/onlyBefore_null_after_satisfaction.md,442,bf070b192c4f25af32605072c4776ad025d931bd0f8ebebb3346b10ef0dbc546,NASA FRET upstream source snapshot
vendor/fret/fret-electron/docs/_media/semantics/patterns/onlyBefore_null_always_action.md,408,955bfa15cf55fadf18cfbbe90bbd646deeffd9d38f02a3fc61b6659d6e0d41ef,NASA FRET upstream source snapshot
vendor/fret/fret-electron/docs/_media/semantics/patterns/onlyBefore_null_always_not_order.md,432,8fbaec1c8ca01baa0941b45f0dacb2636dfbcbb22aad79e3395a36137515c846,NASA FRET upstream source snapshot
vendor/fret/fret-electron/docs/_media/semantics/patterns/onlyBefore_null_always_order.md,424,e8e1767bb73e273e873dcd1495c22d859bf60424088c646558b766363d50ff9a,NASA FRET upstream source snapshot
vendor/fret/fret-electron/docs/_media/semantics/patterns/onlyBefore_null_always_satisfaction.md,436,4be55b8b1e647cb2fd8c6c8b9fd84e98fcf3cb4762bb7807bc691932e57a1be6,NASA FRET upstream source snapshot
vendor/fret/fret-electron/docs/_media/semantics/patterns/onlyBefore_null_eventually_action.md,416,5d085e0926ac38761a47a171bd6937e5599eb3e9ab2bc7636f93896447d91d3a,NASA FRET upstream source snapshot
vendor/fret/fret-electron/docs/_media/semantics/patterns/onlyBefore_null_eventually_not_order.md,440,9ae213605d5399171cc4e2886cd77d53b161df84e86daa197a905c5c25cc9da8,NASA FRET upstream source snapshot
vendor/fret/fret-electron/docs/_media/semantics/patterns/onlyBefore_null_eventually_order.md,432,279d904ca46da4c577df5364d1cc801975847839c87b25e5db1b95b1421cdeaa,NASA FRET upstream source snapshot
vendor/fret/fret-electron/docs/_media/semantics/patterns/onlyBefore_null_eventually_satisfaction.md,444,99f77064f38ebdd4bfaa7cce88e0c6d7576b47eff08bcf1e921b15740ee95101,NASA FRET upstream source snapshot
vendor/fret/fret-electron/docs/_media/semantics/patterns/onlyBefore_null_immediately_action.md,418,d90e064d03978a0834bb7143b29d4f0040715d31696ef37624da87a5d60ce099,NASA FRET upstream source snapshot
vendor/fret/fret-electron/docs/_media/semantics/patterns/onlyBefore_null_immediately_not_order.md,494,660670c394ef3dc85f391845d39c70df388c463cd48e9c6d4286f64784c691c7,NASA FRET upstream source snapshot
vendor/fret/fret-electron/docs/_media/semantics/patterns/onlyBefore_null_immediately_order.md,486,06cd4ceeb8a3c9aa0b91fcf6ea497f0f9c8cdf19086542aa46e2e080bedc5dba,NASA FRET upstream source snapshot
vendor/fret/fret-electron/docs/_media/semantics/patterns/onlyBefore_null_immediately_satisfaction.md,421,94e6bd2aca5fb33ae2a65d41220dba8d905c83cd077f9e3625a74537a598d97d,NASA FRET upstream source snapshot
vendor/fret/fret-electron/docs/_media/semantics/patterns/onlyBefore_null_never_action.md,406,322c2ba1d5d983e8705c21ec6573bfa3c9c5c6b6a84999de3312aa7bfcb0e36f,NASA FRET upstream source snapshot
vendor/fret/fret-electron/docs/_media/semantics/patterns/onlyBefore_null_never_not_order.md,482,319bd24979121e523c2f23864705935e7954264a2622af9eaa8124ccb23a031c,NASA FRET upstream source snapshot
vendor/fret/fret-electron/docs/_media/semantics/patterns/onlyBefore_null_never_order.md,474,382e804a8b336b4b1ec31320d683024cddac3537fa33f8f84b6d19ccdecc6593,NASA FRET upstream source snapshot
vendor/fret/fret-electron/docs/_media/semantics/patterns/onlyBefore_null_never_satisfaction.md,434,6a43b4eca99c44b2e955295aabc20ad472cb06898d0c36d32a6f5c1f320dea0c,NASA FRET upstream source snapshot
vendor/fret/fret-electron/docs/_media/semantics/patterns/onlyBefore_null_null_action.md,401,390f5deaca85bddcebd8dbfdc418d3a28f12f6c48d9f140251ad80bc13e03328,NASA FRET upstream source snapshot
vendor/fret/fret-electron/docs/_media/semantics/patterns/onlyBefore_null_null_not_order.md,452,3df4336cfc0bee0a32c57b8dc80f912ae35e2539ff4a1d67b5d8fb23b8e34cb3,NASA FRET upstream source snapshot
vendor/fret/fret-electron/docs/_media/semantics/patterns/onlyBefore_null_null_order.md,469,00f6c8917b75361d6c2db5b0eee065a548780a345fa4911524c927fc324dfb71,NASA FRET upstream source snapshot
vendor/fret/fret-electron/docs/_media/semantics/patterns/onlyBefore_null_null_satisfaction.md,429,6f1bea392e95a8f4961dc682803f2d30bad44cc4582a6e6550398d2cf8d0a444,NASA FRET upstream source snapshot
vendor/fret/fret-electron/docs/_media/semantics/patterns/onlyBefore_null_within_action.md,391,cedac2737d6090589886316019e845c8a17eafed0493c8b03dd0ebcb8a3d9c4b,NASA FRET upstream source snapshot
vendor/fret/fret-electron/docs/_media/semantics/patterns/onlyBefore_null_within_not_order.md,467,da56ec62d3368baf264f23499f0847ecd5e4f1b1d3e23b5d0d911cc3668896bd,NASA FRET upstream source snapshot
vendor/fret/fret-electron/docs/_media/semantics/patterns/onlyBefore_null_within_order.md,484,68d872daec7ef8de53c50eb12f80181fc74c4e4988d0d670adac0af9c79626b0,NASA FRET upstream source snapshot
vendor/fret/fret-electron/docs/_media/semantics/patterns/onlyBefore_null_within_satisfaction.md,444,a397933fcf2522ea233d44900effb10e7915e94d4cc3004557c8dd7321aadd9d,NASA FRET upstream source snapshot
vendor/fret/fret-electron/docs/_media/semantics/patterns/onlyBefore_only_after_action.md,418,c762e34fd0a7b78c207215b523cade0f7a816015a7990a98483d3876bd772893,NASA FRET upstream source snapshot
vendor/fret/fret-electron/docs/_media/semantics/patterns/onlyBefore_only_after_not_order.md,519,04fac8798e42af01cf1a488cda5d7cf73c7332ee1d132f74aa5f6ec59d9324e1,NASA FRET upstream source snapshot
vendor/fret/fret-electron/docs/_media/semantics/patterns/onlyBefore_only_after_order.md,511,db775aa8a128a981775faad57979fffa4832afeef0246bcf4de0ae6f62d8c429,NASA FRET upstream source snapshot
vendor/fret/fret-electron/docs/_media/semantics/patterns/onlyBefore_only_after_satisfaction.md,446,bd8dd22ea2d4b5127912c43908e20ff9c5cdbfc1e3e4236b9f31d45a9b63bf23,NASA FRET upstream source snapshot
vendor/fret/fret-electron/docs/_media/semantics/patterns/onlyBefore_only_always_action.md,437,dd15110fe594ea590526982870734cf9f7d990939f74b4136eae63df61fa9958,NASA FRET upstream source snapshot
vendor/fret/fret-electron/docs/_media/semantics/patterns/onlyBefore_only_always_not_order.md,461,59c0457becae29e23b311ac5b520b75e3a817864c0cd53f2f6455dbf59a4d7be,NASA FRET upstream source snapshot
vendor/fret/fret-electron/docs/_media/semantics/patterns/onlyBefore_only_always_order.md,453,e3819fdecf862f70ffc5838bf7a0ed197fb4a5b102654ee8ac50da17916e4666,NASA FRET upstream source snapshot
vendor/fret/fret-electron/docs/_media/semantics/patterns/onlyBefore_only_always_satisfaction.md,465,80e00a268645edc4d14c03d02d74736146797d00fb2159f144d86974d3cdd314,NASA FRET upstream source snapshot
vendor/fret/fret-electron/docs/_media/semantics/patterns/onlyBefore_only_eventually_action.md,445,1fe7fd6de430538303ceb9e82ba18d8f75513b242328a09d8456e7574971a959,NASA FRET upstream source snapshot
vendor/fret/fret-electron/docs/_media/semantics/patterns/onlyBefore_only_eventually_not_order.md,444,f896745fa6906ae545f6bebfc398688026c7e1d57568d025cef8c3cdb335039e,NASA FRET upstream source snapshot
vendor/fret/fret-electron/docs/_media/semantics/patterns/onlyBefore_only_eventually_order.md,461,934a2540e4a1960bbb19a8f93ed75a386a9a095e6d544be8c14bab51e7ea3343,NASA FRET upstream source snapshot
vendor/fret/fret-electron/docs/_media/semantics/patterns/onlyBefore_only_eventually_satisfaction.md,448,44804c6cc61460c8c369e8dcfd556983375f9ce7aeabdff9b72047849164fc8a,NASA FRET upstream source snapshot
vendor/fret/fret-electron/docs/_media/semantics/patterns/onlyBefore_only_immediately_action.md,447,ce2e254e3d9e31285ce8ed4eb781dd20e205dadc35426918435695bf7370130b,NASA FRET upstream source snapshot
vendor/fret/fret-electron/docs/_media/semantics/patterns/onlyBefore_only_immediately_not_order.md,523,0c55a9225fff0d3250b4e2877d7dd60abc6793186933334b2e7d39a6ec00f0f2,NASA FRET upstream source snapshot
vendor/fret/fret-electron/docs/_media/semantics/patterns/onlyBefore_only_immediately_order.md,515,0cee2bde32d3f8bdc8726f7f14a69fc952828ebc00b96e627d9a0f702cc92001,NASA FRET upstream source snapshot
vendor/fret/fret-electron/docs/_media/semantics/patterns/onlyBefore_only_immediately_satisfaction.md,475,a324df14477e41797cb1af84cb674660710ed6fed8c18a027025ed12a85c08d3,NASA FRET upstream source snapshot
vendor/fret/fret-electron/docs/_media/semantics/patterns/onlyBefore_only_never_action.md,435,40ba4826763b8de3140891d0baa9c50ce73b9d7bd98a1666389ae8a784f9bb5c,NASA FRET upstream source snapshot
vendor/fret/fret-electron/docs/_media/semantics/patterns/onlyBefore_only_never_not_order.md,511,5a3ed42712f8ce7974e773a30ae37e694c7dbf72947db290db2b9a5ff50b9d16,NASA FRET upstream source snapshot
vendor/fret/fret-electron/docs/_media/semantics/patterns/onlyBefore_only_never_order.md,503,b2e8636319186f6f6d6e885f540c047d16f95f52fe4129456b8f2f1ffea52d9a,NASA FRET upstream source snapshot
vendor/fret/fret-electron/docs/_media/semantics/patterns/onlyBefore_only_never_satisfaction.md,463,c48bbf58055f347323796e01fa7d91b39623976813cd8b8d29ee5a39b2d4834b,NASA FRET upstream source snapshot
vendor/fret/fret-electron/docs/_media/semantics/patterns/onlyBefore_only_null_action.md,405,cc44d14cf02cc61ed34854557c77c1909283e65e710040d13c3fd7f7440d172e,NASA FRET upstream source snapshot
vendor/fret/fret-electron/docs/_media/semantics/patterns/onlyBefore_only_null_not_order.md,506,e6ba0af9670e2149105eeb34ae105550cd89e13d7c21a7cde2c7d2f19690c4a2,NASA FRET upstream source snapshot
vendor/fret/fret-electron/docs/_media/semantics/patterns/onlyBefore_only_null_order.md,498,457491b47dd1ad5471982d5b2f1c1520c5a90bfbb8b6786aa0bd055f42341b17,NASA FRET upstream source snapshot
vendor/fret/fret-electron/docs/_media/semantics/patterns/onlyBefore_only_null_satisfaction.md,433,c85fd1ab5a29e665f84c6861bd591baef5fa72810179a741e2ed8e6ffb0289d9,NASA FRET upstream source snapshot
vendor/fret/fret-electron/docs/_media/semantics/patterns/onlyBefore_only_within_action.md,420,0d6dab278dfc731320a737577937301498e7efe09fb56176944f2e055c734bc9,NASA FRET upstream source snapshot
vendor/fret/fret-electron/docs/_media/semantics/patterns/onlyBefore_only_within_not_order.md,496,7213ce31b44c1864d171070916e51412f9aed404c579eb28b57c1d020903833d,NASA FRET upstream source snapshot
vendor/fret/fret-electron/docs/_media/semantics/patterns/onlyBefore_only_within_order.md,513,e4eaae679f42de87e4405402fe34204bdb140fc84fea48d6e27c7910be917eba,NASA FRET upstream source snapshot
vendor/fret/fret-electron/docs/_media/semantics/patterns/onlyBefore_only_within_satisfaction.md,473,fbe60769868f952c9a6b701b70b6f7423f09a086c2e0719a7b69f0a58cf90496,NASA FRET upstream source snapshot
vendor/fret/fret-electron/docs/_media/semantics/patterns/onlyBefore_regular_after_action.md,443,8b20b3443430bbace7df98e06224ce44735bf814020872475c22ef9147105c6d,NASA FRET upstream source snapshot
vendor/fret/fret-electron/docs/_media/semantics/patterns/onlyBefore_regular_after_not_order.md,519,fbcb059623b853922a46a15edc6637e30c511e46604bec3b6fe693c8856b4414,NASA FRET upstream source snapshot
vendor/fret/fret-electron/docs/_media/semantics/patterns/onlyBefore_regular_after_order.md,511,5dbe325dd2579246cea92edb97f1c9fa1ff521da0d26c0753d3f0cab456b7ab6,NASA FRET upstream source snapshot
vendor/fret/fret-electron/docs/_media/semantics/patterns/onlyBefore_regular_after_satisfaction.md,471,fc42d814616f80bfe2342e7e56953bdd907742f789f2901b582e2ab84a1056b2,NASA FRET upstream source snapshot
vendor/fret/fret-electron/docs/_media/semantics/patterns/onlyBefore_regular_always_action.md,412,68fef67c17597dc217368275040dbb36411863c9766448f535c25ac961df2463,NASA FRET upstream source snapshot
vendor/fret/fret-electron/docs/_media/semantics/patterns/onlyBefore_regular_always_not_order.md,461,01ab50f8dcaf9b6c678377730fd38febdb212418e42e6fdddcd61a2b89cf11e3,NASA FRET upstream source snapshot
vendor/fret/fret-electron/docs/_media/semantics/patterns/onlyBefore_regular_always_order.md,428,c02c09ac7c58fee685487fa5e42e1d92a45fa2895c6eff5f84cea929e494ab73,NASA FRET upstream source snapshot
vendor/fret/fret-electron/docs/_media/semantics/patterns/onlyBefore_regular_always_satisfaction.md,440,d029cdfbff2fb5a745d74f8cdcddae5314d9021e660bb5d6a088be83b7fed2b9,NASA FRET upstream source snapshot
vendor/fret/fret-electron/docs/_media/semantics/patterns/onlyBefore_regular_eventually_action.md,420,c50f03c8d1a0ff9052494ef6a0f2364396e8b7f721b79e1913e0d0810e10f37d,NASA FRET upstream source snapshot
vendor/fret/fret-electron/docs/_media/semantics/patterns/onlyBefore_regular_eventually_not_order.md,469,f9edeee7f11d1643052e1124f5c47bcc06daa202b3be51860841049db3e25342,NASA FRET upstream source snapshot
vendor/fret/fret-electron/docs/_media/semantics/patterns/onlyBefore_regular_eventually_order.md,461,8fccd3edc8b9a23e37fa37b22bd1cba9d146ca38b0574f5fd1b6addab3e9ccfb,NASA FRET upstream source snapshot
vendor/fret/fret-electron/docs/_media/semantics/patterns/onlyBefore_regular_eventually_satisfaction.md,473,72678a868a684b090032ed184d7e205268a8ddaca4d6ff8e3ed23f3e7e4b6001,NASA FRET upstream source snapshot
vendor/fret/fret-electron/docs/_media/semantics/patterns/onlyBefore_regular_immediately_action.md,447,a6162599c893dab718e36f3b4c3e007f6e35b2dd7c3f2b957bb3e9012dc9b337,NASA FRET upstream source snapshot
vendor/fret/fret-electron/docs/_media/semantics/patterns/onlyBefore_regular_immediately_not_order.md,498,3d30116f01c6c4a17b3439c1d359f351cc3cdc6c7ddd3386f11f3056a1c6dfde,NASA FRET upstream source snapshot
vendor/fret/fret-electron/docs/_media/semantics/patterns/onlyBefore_regular_immediately_order.md,515,fbf145ed8130a5a0d47cf771e4d27b160b0814758c87d32730647d3d212ec186,NASA FRET upstream source snapshot
vendor/fret/fret-electron/docs/_media/semantics/patterns/onlyBefore_regular_immediately_satisfaction.md,450,fccc5066d46f8f35199ed9349e5e362d347666746d07761f0ed1f2f7338d87f3,NASA FRET upstream source snapshot
vendor/fret/fret-electron/docs/_media/semantics/patterns/onlyBefore_regular_never_action.md,435,5a66ddf1f580286d5562a8f79ccc7225e3c21365a7f94286dc9eef572d66a8dc,NASA FRET upstream source snapshot
vendor/fret/fret-electron/docs/_media/semantics/patterns/onlyBefore_regular_never_not_order.md,511,45c44b39ec644a40b1b6aa9458a8be132d13813b3e7bda9ba0149187d21dc407,NASA FRET upstream source snapshot
vendor/fret/fret-electron/docs/_media/semantics/patterns/onlyBefore_regular_never_order.md,503,b62f5146e47e50b23bf93153dfcf063fb9ab813d074511c37e0d520a8c2351ba,NASA FRET upstream source snapshot
vendor/fret/fret-electron/docs/_media/semantics/patterns/onlyBefore_regular_never_satisfaction.md,463,f2ef199667e1c51c382dc1bf6549f0884e5925bf3c19206cb39f01892c624df2,NASA FRET upstream source snapshot
vendor/fret/fret-electron/docs/_media/semantics/patterns/onlyBefore_regular_null_action.md,430,7f49066cd0367298df302e2947facc36fc435a85d466b47b8e8fd3e1d183a974,NASA FRET upstream source snapshot
vendor/fret/fret-electron/docs/_media/semantics/patterns/onlyBefore_regular_null_not_order.md,506,c6a8dc5dfe0195a12174a6d6315ef9e772e2a7613526d7938d5f5562f367882d,NASA FRET upstream source snapshot
vendor/fret/fret-electron/docs/_media/semantics/patterns/onlyBefore_regular_null_order.md,473,14a496bd05e17f8df703bb30157b98ab43f002ffdcf7c6d90043bd568d95c6f5,NASA FRET upstream source snapshot
vendor/fret/fret-electron/docs/_media/semantics/patterns/onlyBefore_regular_null_satisfaction.md,458,5276e7d9ceaeabb8de62ce06ef440da12d96f04574bfad602bfece20a2a7207d,NASA FRET upstream source snapshot
vendor/fret/fret-electron/docs/_media/semantics/patterns/onlyBefore_regular_within_action.md,445,821969e539f0c59dbc1e27ad12cc7d3692865c71f1e9eb70d83d2117ebb47b9f,NASA FRET upstream source snapshot
vendor/fret/fret-electron/docs/_media/semantics/patterns/onlyBefore_regular_within_not_order.md,496,dfd13d6e253404f404304d8a9b14fda0b08a7dab95b892ac32d27634c2e35d16,NASA FRET upstream source snapshot
vendor/fret/fret-electron/docs/_media/semantics/patterns/onlyBefore_regular_within_order.md,513,04ca5fc4428aa81a296fd6cbe7b4a85c235dd9e86ea2acc21bd83c7f5c9792e7,NASA FRET upstream source snapshot
vendor/fret/fret-electron/docs/_media/semantics/patterns/onlyBefore_regular_within_satisfaction.md,473,e8ed217f5b38c0f19bf4cb715303ebf3d651943f64d9186e073d7ecd6a967f3d,NASA FRET upstream source snapshot
vendor/fret/fret-electron/docs/_media/semantics/patterns/onlyIn_null_after_action.md,406,eefb1cdbe18c60bcd30a40955a439120e667c9cae0f1e461c86beedc03570dae,NASA FRET upstream source snapshot
vendor/fret/fret-electron/docs/_media/semantics/patterns/onlyIn_null_after_not_order.md,482,85c4e292e2ec381f1e78ddeff5112c718c32940dfba915ed7b36e2e29fdb6986,NASA FRET upstream source snapshot
vendor/fret/fret-electron/docs/_media/semantics/patterns/onlyIn_null_after_order.md,474,a5a6e57ab4676a3fc5678724d9ea1a5108dffb4506f4316aa7423d023614cf9b,NASA FRET upstream source snapshot
vendor/fret/fret-electron/docs/_media/semantics/patterns/onlyIn_null_after_satisfaction.md,434,9d80ef2f49427a3e33f92b37748495138a8aea619bd2d799c8e3a6a8df05b176,NASA FRET upstream source snapshot
vendor/fret/fret-electron/docs/_media/semantics/patterns/onlyIn_null_always_action.md,375,c342bf8b759e69f7800777a30b47ae52b162eed63ce111dff6582800df99a927,NASA FRET upstream source snapshot
vendor/fret/fret-electron/docs/_media/semantics/patterns/onlyIn_null_always_not_order.md,424,a191ec41bf90e32e2aeebb845898df943b3286f51b90b6229fb0063f2909d0fe,NASA FRET upstream source snapshot
vendor/fret/fret-electron/docs/_media/semantics/patterns/onlyIn_null_always_order.md,416,778da3c8b0141fa0511415496ef2752ebfe373dd2cc1742620989c20442406dc,NASA FRET upstream source snapshot
vendor/fret/fret-electron/docs/_media/semantics/patterns/onlyIn_null_always_satisfaction.md,428,22b5ecc7734729746a1049a4e2bbeff70e011bd9adc14cd1d509b338518c10a3,NASA FRET upstream source snapshot
vendor/fret/fret-electron/docs/_media/semantics/patterns/onlyIn_null_eventually_action.md,383,8f54719ba13c84efb4f2d4ead421efbd0ab2ff80532f45d7fa94b1ed47ea601c,NASA FRET upstream source snapshot
vendor/fret/fret-electron/docs/_media/semantics/patterns/onlyIn_null_eventually_not_order.md,432,5f27de0407875f630da842557f66eba820e5093a64cb11f367d9e259cf4de733,NASA FRET upstream source snapshot
vendor/fret/fret-electron/docs/_media/semantics/patterns/onlyIn_null_eventually_order.md,424,1b3c2354b0f76f5a3f744f371802616913461ef7013c05e7b904563c6543d650,NASA FRET upstream source snapshot
vendor/fret/fret-electron/docs/_media/semantics/patterns/onlyIn_null_eventually_satisfaction.md,436,4bc0d1054aeb80e198c9da63a24637c7711b6864a191959a5a74d8b50cb74a32,NASA FRET upstream source snapshot
vendor/fret/fret-electron/docs/_media/semantics/patterns/onlyIn_null_immediately_action.md,410,842c1eed7f8a7e32af3437003063fb529a4488f492bba256c7e261ed6117b628,NASA FRET upstream source snapshot
vendor/fret/fret-electron/docs/_media/semantics/patterns/onlyIn_null_immediately_not_order.md,461,0eb00fcf039660f59ab9fb214b25fc5403b5fcdc55034ffacb9c04ddbf3e1e1d,NASA FRET upstream source snapshot
vendor/fret/fret-electron/docs/_media/semantics/patterns/onlyIn_null_immediately_order.md,478,08692aa7348dac77620a170a1d862c351fc4ef45c5b76ab54b793b57fec7239b,NASA FRET upstream source snapshot
vendor/fret/fret-electron/docs/_media/semantics/patterns/onlyIn_null_immediately_satisfaction.md,438,794f87d8f69b4f72fb80aa319510e842b68c2122c47e115a463a07a78df90696,NASA FRET upstream source snapshot
vendor/fret/fret-electron/docs/_media/semantics/patterns/onlyIn_null_never_action.md,398,97ba828e8898880381b919478c4c23c81b01915c00a0d82962ca6ad7d6417fc1,NASA FRET upstream source snapshot
vendor/fret/fret-electron/docs/_media/semantics/patterns/onlyIn_null_never_not_order.md,474,3ea486b5979c5654756ffe735c30a8e940c3225de82c76ea90fb3537745cd1a4,NASA FRET upstream source snapshot
vendor/fret/fret-electron/docs/_media/semantics/patterns/onlyIn_null_never_order.md,466,3ec15cdebb319c1df075fa6138d347f28dd135127a1d59a31a4bce3900da0ae3,NASA FRET upstream source snapshot
vendor/fret/fret-electron/docs/_media/semantics/patterns/onlyIn_null_never_satisfaction.md,426,86a6604ecbf6be2d1007cca641889c842d25bad8356fbac8d9ec6f6c5ffbf518,NASA FRET upstream source snapshot
vendor/fret/fret-electron/docs/_media/semantics/patterns/onlyIn_null_null_action.md,393,44e8ec18c6c7e90e381ac10c01bbd65364bb71d55576c5267410259e8bd136c2,NASA FRET upstream source snapshot
vendor/fret/fret-electron/docs/_media/semantics/patterns/onlyIn_null_null_not_order.md,444,e76d849bcc1f93c699ef511222d472384ffaa8c232b6d8c079ff43ad8057500b,NASA FRET upstream source snapshot
vendor/fret/fret-electron/docs/_media/semantics/patterns/onlyIn_null_null_order.md,461,529cb88d6b7682a5e977fcd9ed8254282e0a50dce3eae0499abba98c3ab76abe,NASA FRET upstream source snapshot
vendor/fret/fret-electron/docs/_media/semantics/patterns/onlyIn_null_null_satisfaction.md,421,3a39c038dd47b3ed7cfeb68f40a214d76218d3575e661e29d8318bb72ab82792,NASA FRET upstream source snapshot
vendor/fret/fret-electron/docs/_media/semantics/patterns/onlyIn_null_within_action.md,408,0fdb3b4e78af516be1126bf2d78c1108e178901587323591115c5187c645dc58,NASA FRET upstream source snapshot
vendor/fret/fret-electron/docs/_media/semantics/patterns/onlyIn_null_within_not_order.md,484,b91b3d920ab2d56c8ee699464ef7a72978eeaa29b09f8de7332cf652627d52c6,NASA FRET upstream source snapshot
vendor/fret/fret-electron/docs/_media/semantics/patterns/onlyIn_null_within_order.md,476,bda26cb75f6c5ddb7e1566dce5fe44bc5ca3d5767024dd570c5a5a1cb053087c,NASA FRET upstream source snapshot
vendor/fret/fret-electron/docs/_media/semantics/patterns/onlyIn_null_within_satisfaction.md,411,c2bf696cf0aed3b4c5fa23d5a438181bf7202f19eaa709020795eadb5e7c5645,NASA FRET upstream source snapshot
vendor/fret/fret-electron/docs/_media/semantics/patterns/onlyIn_only_after_action.md,435,b8cee0ea76da78c139f585846266b0fe1acf11b1f34b20691bb79c3c3e5c6389,NASA FRET upstream source snapshot
vendor/fret/fret-electron/docs/_media/semantics/patterns/onlyIn_only_after_not_order.md,511,a1ae78f341f28a74a126d07568d1ea6283fccfecc330f4762a307bc8ba32225b,NASA FRET upstream source snapshot
vendor/fret/fret-electron/docs/_media/semantics/patterns/onlyIn_only_after_order.md,503,856bfff09bfb379efda8d13057ea987cd2f7947d6806f2972a85b273dcb9e00f,NASA FRET upstream source snapshot
vendor/fret/fret-electron/docs/_media/semantics/patterns/onlyIn_only_after_satisfaction.md,463,d8fb281e23c5b27c016334ac565cce4b7ab6b81f87b61df5651f3f21ff70a6a3,NASA FRET upstream source snapshot
vendor/fret/fret-electron/docs/_media/semantics/patterns/onlyIn_only_always_action.md,404,f9cc63248185c666530b6f33058df32419225288c3dbd8c83f3f0a1c113b9225,NASA FRET upstream source snapshot
vendor/fret/fret-electron/docs/_media/semantics/patterns/onlyIn_only_always_not_order.md,453,f4424494ae67ad135cdff5eae50e663fca81f1bd262d6b6a8c46382b4b867fad,NASA FRET upstream source snapshot
vendor/fret/fret-electron/docs/_media/semantics/patterns/onlyIn_only_always_order.md,445,9847713852cdeff4ef72fdaf8bcc2537162b0f5de0edd554e3f45ccea58bc8fa,NASA FRET upstream source snapshot
vendor/fret/fret-electron/docs/_media/semantics/patterns/onlyIn_only_always_satisfaction.md,457,a5aa94ca3ec137ee87628762248e2bef11ce27192db5c73d8080dfd20ab0a07d,NASA FRET upstream source snapshot
vendor/fret/fret-electron/docs/_media/semantics/patterns/onlyIn_only_eventually_action.md,412,5db16b4113df64b5e0c14cc95c84c66fbe2756d5e78511cc6c2ce613b9800df1,NASA FRET upstream source snapshot
vendor/fret/fret-electron/docs/_media/semantics/patterns/onlyIn_only_eventually_not_order.md,461,edbdacaa2de42e239f0828e02172dba0e2df79ae1368e0caad83149a28655d30,NASA FRET upstream source snapshot
vendor/fret/fret-electron/docs/_media/semantics/patterns/onlyIn_only_eventually_order.md,453,3d70e72f9313e980e16f2291d2f9fb1d4ed319a392cf592067852caa7fb867df,NASA FRET upstream source snapshot
vendor/fret/fret-electron/docs/_media/semantics/patterns/onlyIn_only_eventually_satisfaction.md,440,1c9d0ec478dde9f426e8288616201c6257ad39966f829add0834b5d1ca49c597,NASA FRET upstream source snapshot
vendor/fret/fret-electron/docs/_media/semantics/patterns/onlyIn_only_immediately_action.md,439,2420eab9e94691ac41df4d36d7ec1c424f0fb40c61151640c08aa024502f5f30,NASA FRET upstream source snapshot
vendor/fret/fret-electron/docs/_media/semantics/patterns/onlyIn_only_immediately_not_order.md,515,721af9880a47205c645e8821bde6e25bdc9f06b783ffc6a8ca2ea2a36e4e9ed5,NASA FRET upstream source snapshot
vendor/fret/fret-electron/docs/_media/semantics/patterns/onlyIn_only_immediately_order.md,507,1750c13b35333202b6b2fe9d1cb95e9e24082162b2c7c48747f5a92111329f12,NASA FRET upstream source snapshot
vendor/fret/fret-electron/docs/_media/semantics/patterns/onlyIn_only_immediately_satisfaction.md,467,3c619f99f52817787cc7a9c53929e25d012762453b3a45cdcaa037d3ebcd288d,NASA FRET upstream source snapshot
vendor/fret/fret-electron/docs/_media/semantics/patterns/onlyIn_only_never_action.md,427,aeea63fcf8c10a1bce1d0f48334c3fddd020a2d4e38d7430045c0296407604a8,NASA FRET upstream source snapshot
vendor/fret/fret-electron/docs/_media/semantics/patterns/onlyIn_only_never_not_order.md,503,a1eb157d50e963e1931105b60601086f10db30e1a0bd0d2205413dfdb983fe25,NASA FRET upstream source snapshot
vendor/fret/fret-electron/docs/_media/semantics/patterns/onlyIn_only_never_order.md,470,e9ff08e51965fe1a68fe1652613ad28f85666b80c87a8039e060ae9bae3e271b,NASA FRET upstream source snapshot
vendor/fret/fret-electron/docs/_media/semantics/patterns/onlyIn_only_never_satisfaction.md,455,6465d5e8cc9691bceee8e66fe069b5604d4ac16eb8f59b5a2d4f551b012e83c0,NASA FRET upstream source snapshot
vendor/fret/fret-electron/docs/_media/semantics/patterns/onlyIn_only_null_action.md,397,d91a45f33e2edc0cfabac90bc6b0c60384a2b2c02851028d4ff4f685a80c8f4b,NASA FRET upstream source snapshot
vendor/fret/fret-electron/docs/_media/semantics/patterns/onlyIn_only_null_not_order.md,498,16b50179a5cb9387491b4f2931f26996628d82dc28dc9bd34416cda04eff0ecd,NASA FRET upstream source snapshot
vendor/fret/fret-electron/docs/_media/semantics/patterns/onlyIn_only_null_order.md,465,2681b4b2970ac2a5d69d5be12cc456521e1ee9e4ddd9e62b696b7df62faced5e,NASA FRET upstream source snapshot
vendor/fret/fret-electron/docs/_media/semantics/patterns/onlyIn_only_null_satisfaction.md,450,36af89f8e6090d1c0a7bca1e33e1d04f11ad0193ded0e6de290294dbe6723208,NASA FRET upstream source snapshot
vendor/fret/fret-electron/docs/_media/semantics/patterns/onlyIn_only_within_action.md,437,4905e8d7d6895511dd1bea603831007fc51814de42acbebf69b3f737e7050f17,NASA FRET upstream source snapshot
vendor/fret/fret-electron/docs/_media/semantics/patterns/onlyIn_only_within_not_order.md,513,7812e7a1063accc60ec556bf8f92d2765ee6b619f85936dbc767fa5ab391f40e,NASA FRET upstream source snapshot
vendor/fret/fret-electron/docs/_media/semantics/patterns/onlyIn_only_within_order.md,505,fe476183d6e68bb0e57241947354c3fc7df5210d5b495123023f9a786ec5c216,NASA FRET upstream source snapshot
vendor/fret/fret-electron/docs/_media/semantics/patterns/onlyIn_only_within_satisfaction.md,465,4503e0d3e41e85423179b771ae3dfa53faa7f6cd6d308a51c68d0324aaf19821,NASA FRET upstream source snapshot
vendor/fret/fret-electron/docs/_media/semantics/patterns/onlyIn_regular_after_action.md,435,06852e89f10b7118e91b6827a47ab5c69fcca76f9127109432970cf730b92dc2,NASA FRET upstream source snapshot
vendor/fret/fret-electron/docs/_media/semantics/patterns/onlyIn_regular_after_not_order.md,511,84d202c78ef9980df3e108e851560fcd7f8b8049ce9832ff332c7f7ec2eb3f4c,NASA FRET upstream source snapshot
vendor/fret/fret-electron/docs/_media/semantics/patterns/onlyIn_regular_after_order.md,478,52f69a08c757a5359c7d536f0e311e9517272fe4c96c9abe8c45c340a6800b3a,NASA FRET upstream source snapshot
vendor/fret/fret-electron/docs/_media/semantics/patterns/onlyIn_regular_after_satisfaction.md,463,7054c065608924d9d514806b9d41dbfaf0cb07b96c79e09ec01e0d1e8f5436b7,NASA FRET upstream source snapshot
vendor/fret/fret-electron/docs/_media/semantics/patterns/onlyIn_regular_always_action.md,429,afdf2facb73d344daff068e881d76b10a2ba06c4bbbb3d61d42456c543999206,NASA FRET upstream source snapshot
vendor/fret/fret-electron/docs/_media/semantics/patterns/onlyIn_regular_always_not_order.md,453,efd3d11212e3f1de4638c43471e3fde3104692dd2cf4c5296fc7b2dbe46a23d0,NASA FRET upstream source snapshot
vendor/fret/fret-electron/docs/_media/semantics/patterns/onlyIn_regular_always_order.md,420,12e539feab6d203210cdf4d8adb9837351a69effcaafb72a83a3ac4f3a4607bc,NASA FRET upstream source snapshot
vendor/fret/fret-electron/docs/_media/semantics/patterns/onlyIn_regular_always_satisfaction.md,432,159df37a71462d11bfaffe235202afe1defa6340678c1fee37c979c26cccd704,NASA FRET upstream source snapshot
vendor/fret/fret-electron/docs/_media/semantics/patterns/onlyIn_regular_eventually_action.md,437,bab3ee16012b332adaae13f0890582d4e2eb824c1d4fa2693d5db2b846fec674,NASA FRET upstream source snapshot
vendor/fret/fret-electron/docs/_media/semantics/patterns/onlyIn_regular_eventually_not_order.md,461,2105fc1c7bd613bffda8d161a3b36d567e6896a55689bda28cd7304400bbd7d3,NASA FRET upstream source snapshot
vendor/fret/fret-electron/docs/_media/semantics/patterns/onlyIn_regular_eventually_order.md,453,7b72a453b28cfce553cd858f9eb0538997c6b4ce20c97ef7d9033001a77509bd,NASA FRET upstream source snapshot
vendor/fret/fret-electron/docs/_media/semantics/patterns/onlyIn_regular_eventually_satisfaction.md,465,3596a7b6938124ad304a4599ac43faeefa1712e634119a1b29f16f1ce8653857,NASA FRET upstream source snapshot
vendor/fret/fret-electron/docs/_media/semantics/patterns/onlyIn_regular_immediately_action.md,439,102e5b86e66620cb5f07f01fa32904e3e4cdcf74822cc1688b18097402cc1251,NASA FRET upstream source snapshot
vendor/fret/fret-electron/docs/_media/semantics/patterns/onlyIn_regular_immediately_not_order.md,515,194bf23d1202a51ca81e263a6cc8a4480babf5066b4b0136617a1bd5ef3c1a7a,NASA FRET upstream source snapshot
vendor/fret/fret-electron/docs/_media/semantics/patterns/onlyIn_regular_immediately_order.md,507,2fa26064877c90872a7c5eb5185937a988ad154dc11763d03c4f9fc024a7e349,NASA FRET upstream source snapshot
vendor/fret/fret-electron/docs/_media/semantics/patterns/onlyIn_regular_immediately_satisfaction.md,467,a98d140f210af22a223ef8ceb5574035e2f617b0b376f93d772688d2743e7a3f,NASA FRET upstream source snapshot
vendor/fret/fret-electron/docs/_media/semantics/patterns/onlyIn_regular_never_action.md,427,36689fdce14b5412946729d47095bbc799c7bf31c9d3634d6abf32f4161baf05,NASA FRET upstream source snapshot
vendor/fret/fret-electron/docs/_media/semantics/patterns/onlyIn_regular_never_not_order.md,478,3d33af09147f640a1cfaacde1a2e84368d2c2a1afeb235ac17cc061d8096dbfc,NASA FRET upstream source snapshot
vendor/fret/fret-electron/docs/_media/semantics/patterns/onlyIn_regular_never_order.md,470,cf596a0c0f9f7ae10b1d6d068c7aa995c0c186b62c74e7c15e32340cfc9e4afa,NASA FRET upstream source snapshot
vendor/fret/fret-electron/docs/_media/semantics/patterns/onlyIn_regular_never_satisfaction.md,430,07e02cf1e9824eb81b1350030eacb3c836e728f1bd8f51bfedfffb3f9e63e34c,NASA FRET upstream source snapshot
vendor/fret/fret-electron/docs/_media/semantics/patterns/onlyIn_regular_null_action.md,422,fa1d844369c3b004576f681c85726d189d8dca2e1c1605e6bbf4343dc2669621,NASA FRET upstream source snapshot
vendor/fret/fret-electron/docs/_media/semantics/patterns/onlyIn_regular_null_not_order.md,498,686280d40bdf42a152e24f39c89d580931cb422a0a0524109950d2cc040806b9,NASA FRET upstream source snapshot
vendor/fret/fret-electron/docs/_media/semantics/patterns/onlyIn_regular_null_order.md,490,3c142c8986707d1bd1fb8d72cd3858a84e6a35c048b80bbc5c8e933ddaa3acd5,NASA FRET upstream source snapshot
vendor/fret/fret-electron/docs/_media/semantics/patterns/onlyIn_regular_null_satisfaction.md,450,fa25ce92a95d709c5eaefdf559e9b91fe7ce19a9808a707ffac73b5e8d6c3e68,NASA FRET upstream source snapshot
vendor/fret/fret-electron/docs/_media/semantics/patterns/onlyIn_regular_within_action.md,437,b0322a6222812eebbb5bb84802d362cd4fb315f8c05b1964afbf14d22b175ee2,NASA FRET upstream source snapshot
vendor/fret/fret-electron/docs/_media/semantics/patterns/onlyIn_regular_within_not_order.md,513,d4a65d5a6453db62f2d2eed4e93de82bbe2c58583210fdcb58c5f709a2783a2b,NASA FRET upstream source snapshot
vendor/fret/fret-electron/docs/_media/semantics/patterns/onlyIn_regular_within_order.md,505,23665cc2095bd99b3af341f06c769f82c66ecdd22cee784026b46722fd3decf9,NASA FRET upstream source snapshot
vendor/fret/fret-electron/docs/_media/semantics/patterns/onlyIn_regular_within_satisfaction.md,465,a45d5b9bc8e42d79610668c60e5ad0e1b9e4a0bc0dc02912b476628490ddf757,NASA FRET upstream source snapshot
vendor/fret/fret-electron/docs/_media/semantics/semanticsOverview.md,1863,c9bcdd86d79ee0b0f8edd2fe38d1f580b622ce6a73c7e7511754c98df8fc47c4,NASA FRET upstream source snapshot
vendor/fret/fret-electron/docs/_media/user-interface/dbPaths.md,895,ca360436f108f4f486b818194aa7114e72007d42215c0a534ad9ba907db81925,NASA FRET upstream source snapshot
vendor/fret/fret-electron/docs/_media/user-interface/examples/builtin_functions_explanations.md,1254,cbea1c192646a92d4f93fdf66b8882782ee767f5513ae535fc01d5717bdcc435,NASA FRET upstream source snapshot
vendor/fret/fret-electron/docs/_media/user-interface/examples/component.md,282,96123fb6ab7b45a21a42096a56e7f92100dadabe8ff6b47b0c888194a8e5b092,NASA FRET upstream source snapshot
vendor/fret/fret-electron/docs/_media/user-interface/examples/condition.md,2542,b676e726f9b4ec80e1f920e2f8002852c5f8d1f31cda2325701dd781551ce5b7,NASA FRET upstream source snapshot
vendor/fret/fret-electron/docs/_media/user-interface/examples/index.js,1103,21c87f222012a5556a8c8dc5ae348a09ab2aa242af58a63f5a207de49dc2ca09,NASA FRET upstream source snapshot
vendor/fret/fret-electron/docs/_media/user-interface/examples/probability.md,654,d3852f78ef73b09a5cc52cf83fe6efce7e11767ca8b12ac42e0b6b0ee369932e,NASA FRET upstream source snapshot
vendor/fret/fret-electron/docs/_media/user-interface/examples/response.md,513,df8679ce5b923c39dc7c2a8892084bb9910adcd03edda984f90fc0a503e26c8d,NASA FRET upstream source snapshot
vendor/fret/fret-electron/docs/_media/user-interface/examples/scope.md,2111,b85aadfccd0fd1e2d6fb51c3b099e6782db25ec3488a54705fdcba8312a32df7,NASA FRET upstream source snapshot
vendor/fret/fret-electron/docs/_media/user-interface/examples/svgDiagrams/Diagrams.html,91905,a4afbb7ec0104899a9e54797a748496e545be35a47eb77d3a550e99c0e822549,NASA FRET upstream source snapshot
vendor/fret/fret-electron/docs/_media/user-interface/examples/svgDiagrams/Notation.svg,7413,42a69412a55ea25bd19a37546ba5fcd92aef3d86bd9e6ef01e286c8f5d495de0,NASA FRET upstream source snapshot
vendor/fret/fret-electron/docs/_media/user-interface/examples/svgDiagrams/after_holding_after_satisfaction.svg,1988,ce692320a64eb8f5a857f719a7d95fa5e0a8854ed16ff667d9545347ddda2f04,NASA FRET upstream source snapshot
vendor/fret/fret-electron/docs/_media/user-interface/examples/svgDiagrams/after_holding_always_satisfaction.svg,1399,246ef080ace1bad1c29f2712a839a3820b1516bf285a9835149aa06b4e9fd639,NASA FRET upstream source snapshot
vendor/fret/fret-electron/docs/_media/user-interface/examples/svgDiagrams/after_holding_before_satisfaction.svg,1662,f1acfb09cbaeb070b3a792de2e8445e299314c18dbd1e8820d33b86280d9bfcb,NASA FRET upstream source snapshot
vendor/fret/fret-electron/docs/_media/user-interface/examples/svgDiagrams/after_holding_eventually_satisfaction.svg,1401,88b3e58e466d56a4b8c7dc3f09d853722efeafc86b6e77e3cb1b4133cdd8c7e9,NASA FRET upstream source snapshot
vendor/fret/fret-electron/docs/_media/user-interface/examples/svgDiagrams/after_holding_finally_satisfaction.svg,1622,5844f678eec0d1e0483b6deb22f3c20c20121f457dd61ea4e182d5c015a483fd,NASA FRET upstream source snapshot
vendor/fret/fret-electron/docs/_media/user-interface/examples/svgDiagrams/after_holding_for_satisfaction.svg,1576,8b13a5490347785c9ab4a573c0b0cef341e1b40fa6442e1f7f3c11139c59b48c,NASA FRET upstream source snapshot
vendor/fret/fret-electron/docs/_media/user-interface/examples/svgDiagrams/after_holding_immediately_satisfaction.svg,1622,447a5c6ad741681f226c28c76b4cece291017cd382c315057dff5040b1b4a492,NASA FRET upstream source snapshot
vendor/fret/fret-electron/docs/_media/user-interface/examples/svgDiagrams/after_holding_never_satisfaction.svg,1395,49ef839abc8f3f0dd02b267c1f5389b4c886d388650843e79d748eb52798225c,NASA FRET upstream source snapshot
vendor/fret/fret-electron/docs/_media/user-interface/examples/svgDiagrams/after_holding_next_satisfaction.svg,1688,926cf3cf2d0a1c3cf86a3412902addd4d05a461aad57dfb4139b60ffaa6351dc,NASA FRET upstream source snapshot
vendor/fret/fret-electron/docs/_media/user-interface/examples/svgDiagrams/after_holding_null_satisfaction.svg,1401,88b3e58e466d56a4b8c7dc3f09d853722efeafc86b6e77e3cb1b4133cdd8c7e9,NASA FRET upstream source snapshot
vendor/fret/fret-electron/docs/_media/user-interface/examples/svgDiagrams/after_holding_until_satisfaction.svg,1660,b98730a10bec8cfd696b19a4894b983da1f4e1203ca24388e3c5b8ea20ee6e6e,NASA FRET upstream source snapshot
vendor/fret/fret-electron/docs/_media/user-interface/examples/svgDiagrams/after_holding_within_satisfaction.svg,1578,2a608b777b7140d4b16bb26f3fd1f1da479c39f434118ece7cc9ddff6a08b1da,NASA FRET upstream source snapshot
vendor/fret/fret-electron/docs/_media/user-interface/examples/svgDiagrams/after_null_after_action.svg,8956,dd7c0ccc8cfeefcc034965c954ab0a6d565dc01ec8b8210ea5d04402220f7913,NASA FRET upstream source snapshot
vendor/fret/fret-electron/docs/_media/user-interface/examples/svgDiagrams/after_null_after_satisfaction.svg,1596,ba7ef41361077854c6e7164e914ced5b2a3d9c3d70046b6e35096c97d037e3ea,NASA FRET upstream source snapshot
vendor/fret/fret-electron/docs/_media/user-interface/examples/svgDiagrams/after_null_always_action.svg,8957,a730b58b52c11e78650ecfd89f37ee0eda19940c04a106e864a2dd8eaf18934e,NASA FRET upstream source snapshot
vendor/fret/fret-electron/docs/_media/user-interface/examples/svgDiagrams/after_null_always_satisfaction.svg,1007,d0cf31d50cc76882e7a6b9e40d6b538c7c309420e6e6dce26bdae7558a2e25a9,NASA FRET upstream source snapshot
vendor/fret/fret-electron/docs/_media/user-interface/examples/svgDiagrams/after_null_before_action.svg,9008,e48085abe7307be87bd24906250842e04de890bf47e1423fcb2d18794bf4828e,NASA FRET upstream source snapshot
vendor/fret/fret-electron/docs/_media/user-interface/examples/svgDiagrams/after_null_before_satisfaction.svg,1271,b6c902f15fe86e53b02d7fc8ef4080e41490edbf677865200fd098b6576dcfdc,NASA FRET upstream source snapshot
vendor/fret/fret-electron/docs/_media/user-interface/examples/svgDiagrams/after_null_eventually_action.svg,8961,b609a9bd758132be02925cf2b17c76ce0b4bb869b1d415a7ddd0f43a7cce5f94,NASA FRET upstream source snapshot
vendor/fret/fret-electron/docs/_media/user-interface/examples/svgDiagrams/after_null_eventually_satisfaction.svg,1009,7c8afa4c7c3b812309f72213dd4f14ca0152de9fbbbb9f67592f615c366b21c8,NASA FRET upstream source snapshot
vendor/fret/fret-electron/docs/_media/user-interface/examples/svgDiagrams/after_null_finally_satisfaction.svg,1230,87fa0b3e01b05ef9cb5109fc5c2245c1437edc54ac45c2dec648a37a104e3edf,NASA FRET upstream source snapshot
vendor/fret/fret-electron/docs/_media/user-interface/examples/svgDiagrams/after_null_for_action.svg,8954,64d484c50f444891747a9f49eebc382b9965dcef6037086740471a08f48a4000,NASA FRET upstream source snapshot
vendor/fret/fret-electron/docs/_media/user-interface/examples/svgDiagrams/after_null_for_satisfaction.svg,1184,e945c0bdfec51ea471fe0a001f91f1594dbd9a5a8723325c67c4c344354e5f4e,NASA FRET upstream source snapshot
vendor/fret/fret-electron/docs/_media/user-interface/examples/svgDiagrams/after_null_immediately_action.svg,8962,f44e9a115d1713bc94540fefea6d5c5fc03e273caedb763bacd78a0459e56b02,NASA FRET upstream source snapshot
vendor/fret/fret-electron/docs/_media/user-interface/examples/svgDiagrams/after_null_immediately_satisfaction.svg,1230,f9302e08330e86068634888e2ed7f3710909041f5d26e3deb5f5e9d8ebc372d1,NASA FRET upstream source snapshot
vendor/fret/fret-electron/docs/_media/user-interface/examples/svgDiagrams/after_null_never_action.svg,8956,714ec39a834acb6c95ca4cb3423f5b049b428a8d7e2877edf3144f4c9a70fd73,NASA FRET upstream source snapshot
vendor/fret/fret-electron/docs/_media/user-interface/examples/svgDiagrams/after_null_never_satisfaction.svg,1003,e972be89e28940ee0d82ea6239ea597f70fdf0f4e71685aa53b5ca19d358edde,NASA FRET upstream source snapshot
vendor/fret/fret-electron/docs/_media/user-interface/examples/svgDiagrams/after_null_next_action.svg,8955,b0c644685397e9f7cc13937ba56bea1bf793c63233575cea56b0d9b06c480cf7,NASA FRET upstream source snapshot
vendor/fret/fret-electron/docs/_media/user-interface/examples/svgDiagrams/after_null_next_satisfaction.svg,1296,c33e9e30733eca333043afcc2e536a73ec4aea6b0901fd98649d03cb9d1189c3,NASA FRET upstream source snapshot
vendor/fret/fret-electron/docs/_media/user-interface/examples/svgDiagrams/after_null_null_action.svg,8955,aa6cb7d68bd331e6b8eea049d7986f59f2bbac47736cfad1465e7a9d873d99aa,NASA FRET upstream source snapshot
vendor/fret/fret-electron/docs/_media/user-interface/examples/svgDiagrams/after_null_null_satisfaction.svg,1009,7c8afa4c7c3b812309f72213dd4f14ca0152de9fbbbb9f67592f615c366b21c8,NASA FRET upstream source snapshot
vendor/fret/fret-electron/docs/_media/user-interface/examples/svgDiagrams/after_null_until_action.svg,9007,a16fec9c17b55bd489615fb37b2bf4d4168599e5d61c8f502571a7a03a3961c6,NASA FRET upstream source snapshot
vendor/fret/fret-electron/docs/_media/user-interface/examples/svgDiagrams/after_null_until_satisfaction.svg,1269,ca5a6339c4b6e841dd8e19aa4fa567781a8ff3748d71465a46ef24afce3c91ae,NASA FRET upstream source snapshot
vendor/fret/fret-electron/docs/_media/user-interface/examples/svgDiagrams/after_null_within_action.svg,8957,02d21ffff1a4441aacfec3bcee6ac862257e4878668bb390fc7adba4282e44d4,NASA FRET upstream source snapshot
vendor/fret/fret-electron/docs/_media/user-interface/examples/svgDiagrams/after_null_within_satisfaction.svg,1186,18eaef1cc8b0e2c806d00e0b7c69f2be7c22811d7a28b12f37a00bee2d916c9a,NASA FRET upstream source snapshot
vendor/fret/fret-electron/docs/_media/user-interface/examples/svgDiagrams/after_regular_after_action.svg,9010,db844fe636e84bbe3a7c3e7cddd2327e05ab5cfe2e43477a8eb324a5f963af5c,NASA FRET upstream source snapshot
vendor/fret/fret-electron/docs/_media/user-interface/examples/svgDiagrams/after_regular_after_satisfaction.svg,1988,ab666ea1cc18e9167a084532acc962660c87602deae0c80d8632da16a0f06182,NASA FRET upstream source snapshot
vendor/fret/fret-electron/docs/_media/user-interface/examples/svgDiagrams/after_regular_always_action.svg,9029,67c1ee8f153295b413538442fda09373281d30e9197fa23e0d385379dace303b,NASA FRET upstream source snapshot
vendor/fret/fret-electron/docs/_media/user-interface/examples/svgDiagrams/after_regular_always_satisfaction.svg,1399,84a485c349deb82b24330ffaafe8f7fcecde658168fa6bd58c006adafdd3ecce,NASA FRET upstream source snapshot
vendor/fret/fret-electron/docs/_media/user-interface/examples/svgDiagrams/after_regular_before_action.svg,9080,95fd87563b4572366704279ef5801a22ae43de1e63530179afbfb996921b9281,NASA FRET upstream source snapshot
vendor/fret/fret-electron/docs/_media/user-interface/examples/svgDiagrams/after_regular_before_satisfaction.svg,1662,7f2077ec1b541509083d02f4e91c3cb70d2d216b8219a1fca6b318dc9846c736,NASA FRET upstream source snapshot
vendor/fret/fret-electron/docs/_media/user-interface/examples/svgDiagrams/after_regular_eventually_action.svg,9033,31e5979066019db88937146f0a1e69bbeb9b54d08bb8a37e0bc6d8557f97e2c1,NASA FRET upstream source snapshot
vendor/fret/fret-electron/docs/_media/user-interface/examples/svgDiagrams/after_regular_eventually_satisfaction.svg,1401,7558cad8106e3427a33759b799a545aeb8382d9058788b79da5b1e664162abcf,NASA FRET upstream source snapshot
vendor/fret/fret-electron/docs/_media/user-interface/examples/svgDiagrams/after_regular_finally_satisfaction.svg,1622,fc0294ec12f0d157ad66709a777098325c9e48ac88bb4884e9295901fe02f243,NASA FRET upstream source snapshot
vendor/fret/fret-electron/docs/_media/user-interface/examples/svgDiagrams/after_regular_for_action.svg,9008,0299fd46260c16c748fae478edc20a5fb01ac6acaa5cafe69b9f37229cd54963,NASA FRET upstream source snapshot
vendor/fret/fret-electron/docs/_media/user-interface/examples/svgDiagrams/after_regular_for_satisfaction.svg,1576,40e240d3046f44040efa990e5952b42eb3d3478325ea5b805b112f5111b631fb,NASA FRET upstream source snapshot
vendor/fret/fret-electron/docs/_media/user-interface/examples/svgDiagrams/after_regular_immediately_action.svg,7699,574bebd76ddd0afe361d263f86f05b94254531ff8fa31242305caba1d813840e,NASA FRET upstream source snapshot
vendor/fret/fret-electron/docs/_media/user-interface/examples/svgDiagrams/after_regular_immediately_satisfaction.svg,1622,4544872a709d543c888997fe3015314abf99a419179211fe03237f255a0c51ce,NASA FRET upstream source snapshot
vendor/fret/fret-electron/docs/_media/user-interface/examples/svgDiagrams/after_regular_never_action.svg,9028,aeb1a2f2d35ec5b62a413cc9d92cf2dbc8e098744c3c29a0af0d10da13acd33b,NASA FRET upstream source snapshot
vendor/fret/fret-electron/docs/_media/user-interface/examples/svgDiagrams/after_regular_never_satisfaction.svg,1395,01a381102d2527085b229604fe27618e2cdc48f1b13482af8b8da81be27393c3,NASA FRET upstream source snapshot
vendor/fret/fret-electron/docs/_media/user-interface/examples/svgDiagrams/after_regular_next_action.svg,9009,27b9ad001df3242e3a0b3cbce81b017277a54df6614efed3b72e54338160c741,NASA FRET upstream source snapshot
vendor/fret/fret-electron/docs/_media/user-interface/examples/svgDiagrams/after_regular_next_satisfaction.svg,1688,67e94e21ca3746da80e4928291f85cca5ab4d42b7e779f6a3bcfa5c6db3f903e,NASA FRET upstream source snapshot
vendor/fret/fret-electron/docs/_media/user-interface/examples/svgDiagrams/after_regular_null_action.svg,9027,a05d06b1e3c06b65fd7b08ef6904e0b9f43b3c60322d2cb65d913fdfb3fb5d94,NASA FRET upstream source snapshot
vendor/fret/fret-electron/docs/_media/user-interface/examples/svgDiagrams/after_regular_null_satisfaction.svg,1401,7558cad8106e3427a33759b799a545aeb8382d9058788b79da5b1e664162abcf,NASA FRET upstream source snapshot
vendor/fret/fret-electron/docs/_media/user-interface/examples/svgDiagrams/after_regular_until_action.svg,9079,87c46553cadeb6eb794e384d5b4945db619c0c245fe1cb3ee672acd0eac513bc,NASA FRET upstream source snapshot
vendor/fret/fret-electron/docs/_media/user-interface/examples/svgDiagrams/after_regular_until_satisfaction.svg,1660,ddf65ab5a3a2c20ce98148094bd5e5d91dbd86031fbe333686aad75b9ae17d4c,NASA FRET upstream source snapshot
vendor/fret/fret-electron/docs/_media/user-interface/examples/svgDiagrams/after_regular_within_action.svg,9011,870273e83451750e9a5bb1ece810c7aa6c50f1bf1c1b14ae24aef05807f74880,NASA FRET upstream source snapshot
vendor/fret/fret-electron/docs/_media/user-interface/examples/svgDiagrams/after_regular_within_satisfaction.svg,1578,fc3be29543a91da0f8736f8bddd4399a8bfc04f098391d2f1910ae669a95e433,NASA FRET upstream source snapshot
vendor/fret/fret-electron/docs/_media/user-interface/examples/svgDiagrams/before_holding_after_satisfaction.svg,1981,ba517726f0194e3f52215ebe30732a93c1744da9193c8132ca5bc0d71c0cee2e,NASA FRET upstream source snapshot
vendor/fret/fret-electron/docs/_media/user-interface/examples/svgDiagrams/before_holding_always_satisfaction.svg,1393,cbe3551797570fc8db84596cefdb5cf9b4bf6c7714f892f9b6bdbf3b3956d45a,NASA FRET upstream source snapshot
vendor/fret/fret-electron/docs/_media/user-interface/examples/svgDiagrams/before_holding_before_satisfaction.svg,1656,2060f7a18912a6561d3d5db54392b151accbc6f95ce2375c3b07502ab12db1fc,NASA FRET upstream source snapshot
vendor/fret/fret-electron/docs/_media/user-interface/examples/svgDiagrams/before_holding_eventually_satisfaction.svg,1395,43e2e7b34e156bd4517efc0ff0e01a86b85fc18a4a315c097cf7c7f16a19e455,NASA FRET upstream source snapshot
vendor/fret/fret-electron/docs/_media/user-interface/examples/svgDiagrams/before_holding_finally_satisfaction.svg,1617,d69e15be41a568cdf578b14c7b415027b5ba15809876e46f98ac4c0449f7c6a6,NASA FRET upstream source snapshot
vendor/fret/fret-electron/docs/_media/user-interface/examples/svgDiagrams/before_holding_for_satisfaction.svg,1569,4f484f10197194451cd088bb5f886e82277b1955cd75a8241fb6a1829294c372,NASA FRET upstream source snapshot
vendor/fret/fret-electron/docs/_media/user-interface/examples/svgDiagrams/before_holding_immediately_satisfaction.svg,1615,001b473b890d518eb38e27467341095e6c057395eb2d2904cbe09d5b453ab07c,NASA FRET upstream source snapshot
vendor/fret/fret-electron/docs/_media/user-interface/examples/svgDiagrams/before_holding_never_satisfaction.svg,1389,42039640dea9b5e52075149a4d62ff51d92993637627091ee49cb5f96a4c07fc,NASA FRET upstream source snapshot
vendor/fret/fret-electron/docs/_media/user-interface/examples/svgDiagrams/before_holding_next_satisfaction.svg,1680,596d0b2efdeac8bc40c2cae3d10449535d4bd39db9a0a99145b856c74d65a6ac,NASA FRET upstream source snapshot
vendor/fret/fret-electron/docs/_media/user-interface/examples/svgDiagrams/before_holding_null_satisfaction.svg,1395,43e2e7b34e156bd4517efc0ff0e01a86b85fc18a4a315c097cf7c7f16a19e455,NASA FRET upstream source snapshot
vendor/fret/fret-electron/docs/_media/user-interface/examples/svgDiagrams/before_holding_until_satisfaction.svg,1654,7c5d6c6c0d265c68fc33d0d59b3719f1375b50236adeeba60fb17d0a2e9d612b,NASA FRET upstream source snapshot
vendor/fret/fret-electron/docs/_media/user-interface/examples/svgDiagrams/before_holding_within_satisfaction.svg,1571,6f37d6d096455fd78f5ef7a5d3afd72e18960d1e9ac9f2e1790f6d3e6083b886,NASA FRET upstream source snapshot
vendor/fret/fret-electron/docs/_media/user-interface/examples/svgDiagrams/before_null_after_satisfaction.svg,1590,2b72db536e66f0d0c082f276d05cfd30236c6363931cf5395a2815c37000221c,NASA FRET upstream source snapshot
vendor/fret/fret-electron/docs/_media/user-interface/examples/svgDiagrams/before_null_always_action.svg,8909,ae6f58ba41e9dd6c189e5a7ba5443c158d94d418d1eccd05579651d1d6c69124,NASA FRET upstream source snapshot
vendor/fret/fret-electron/docs/_media/user-interface/examples/svgDiagrams/before_null_always_satisfaction.svg,1005,cb3c0a7a80a2104c793a99defea6652eafac5577ea87b91e16f1c7c1b1ac2d8b,NASA FRET upstream source snapshot
vendor/fret/fret-electron/docs/_media/user-interface/examples/svgDiagrams/before_null_before_action.svg,8959,9a66010c72e86e1904b86b5f9e08166c07cfff6e4f451328300c6549a5b1ec34,NASA FRET upstream source snapshot
vendor/fret/fret-electron/docs/_media/user-interface/examples/svgDiagrams/before_null_before_satisfaction.svg,1269,37a0c0d15313ca7a00bab647cba81ea4e79cc59326f101e262e88fa21a3e41ca,NASA FRET upstream source snapshot
vendor/fret/fret-electron/docs/_media/user-interface/examples/svgDiagrams/before_null_eventually_action.svg,8913,f2350896b9dcd2e87d2b954fdcfbfb0140be276897e5f3892965f8b88439e9da,NASA FRET upstream source snapshot
vendor/fret/fret-electron/docs/_media/user-interface/examples/svgDiagrams/before_null_eventually_satisfaction.svg,1007,67fd8c3da02e1db9f45d9b3211439c2f47d68a9f77046cefaf5544bc86f5c7a0,NASA FRET upstream source snapshot
vendor/fret/fret-electron/docs/_media/user-interface/examples/svgDiagrams/before_null_finally_satisfaction.svg,1229,9f644fbd9ef5e2aacdb2539ca551e8249a5f01f24b850a22036ec5bc8f59dcd6,NASA FRET upstream source snapshot
vendor/fret/fret-electron/docs/_media/user-interface/examples/svgDiagrams/before_null_for_action.svg,8906,7f7921d6404cefef78fbc51e6c058892bb5ad835e9bb0f439b91d4efda3cc4a2,NASA FRET upstream source snapshot
vendor/fret/fret-electron/docs/_media/user-interface/examples/svgDiagrams/before_null_for_satisfaction.svg,1181,21fd00497f66f8a9583f074012bf29203e49705efb08b0f83883b8f2bb59079e,NASA FRET upstream source snapshot
vendor/fret/fret-electron/docs/_media/user-interface/examples/svgDiagrams/before_null_immediately_satisfaction.svg,1227,7c45349b3e81353111b34ba88b835f0bcbfa66c758411519a4a9fd4ab882e9e6,NASA FRET upstream source snapshot
vendor/fret/fret-electron/docs/_media/user-interface/examples/svgDiagrams/before_null_never_action.svg,8908,b360703d18a959ab9aaf4e5bc0512cc4c57a9061ae5586d283c84bddf96b5a27,NASA FRET upstream source snapshot
vendor/fret/fret-electron/docs/_media/user-interface/examples/svgDiagrams/before_null_never_satisfaction.svg,1001,7b2138b5016d214997580dbe64d54b8e61c7857d03449b228c0a68a21bf83953,NASA FRET upstream source snapshot
vendor/fret/fret-electron/docs/_media/user-interface/examples/svgDiagrams/before_null_next_action.svg,8907,6397c2ac69dc6941f78d94301fbb534949be4192dcf93f7a862f1f213e9fdd3f,NASA FRET upstream source snapshot
vendor/fret/fret-electron/docs/_media/user-interface/examples/svgDiagrams/before_null_next_satisfaction.svg,1292,66e214cd1651d3e16a2e1167d2f07ae4ca094c6323390adf677184ae0bdc2f87,NASA FRET upstream source snapshot
vendor/fret/fret-electron/docs/_media/user-interface/examples/svgDiagrams/before_null_null_action.svg,8907,f6abc2d446451fdadb8f3b94fce8f7b1ca9b72738e5d948732b6227dbad75139,NASA FRET upstream source snapshot
vendor/fret/fret-electron/docs/_media/user-interface/examples/svgDiagrams/before_null_null_satisfaction.svg,1007,67fd8c3da02e1db9f45d9b3211439c2f47d68a9f77046cefaf5544bc86f5c7a0,NASA FRET upstream source snapshot
vendor/fret/fret-electron/docs/_media/user-interface/examples/svgDiagrams/before_null_until_action.svg,8958,2db9b3570caeaf1cd59aa796a0fcc3103b9f4a274a114706360aceecadca82f1,NASA FRET upstream source snapshot
vendor/fret/fret-electron/docs/_media/user-interface/examples/svgDiagrams/before_null_until_satisfaction.svg,1267,6036fa46f3fbc6b6ef13ac5c11c7fbcaf35e9cbe321dc8234d83436e8fad79f8,NASA FRET upstream source snapshot
vendor/fret/fret-electron/docs/_media/user-interface/examples/svgDiagrams/before_null_within_satisfaction.svg,1183,ebf8447ffae14417dec9fcbadfd8f433ac4d17a18c2466ac6be6c6951334205d,NASA FRET upstream source snapshot
vendor/fret/fret-electron/docs/_media/user-interface/examples/svgDiagrams/before_regular_after_satisfaction.svg,1981,a75fb12b4dc8acca0933fda530ccbe478225b64cc1896be8d8b6c1273a545f03,NASA FRET upstream source snapshot
vendor/fret/fret-electron/docs/_media/user-interface/examples/svgDiagrams/before_regular_always_action.svg,8980,76d1cd2ae7b85fc3f19382cb4510e0a604f5a1d61c8ed849be347b4e8beccf7a,NASA FRET upstream source snapshot
vendor/fret/fret-electron/docs/_media/user-interface/examples/svgDiagrams/before_regular_always_satisfaction.svg,1393,5e7d27c25b808f4c5514f6913c8030fe7726070be7ec6d926ed43892c6d04fec,NASA FRET upstream source snapshot
vendor/fret/fret-electron/docs/_media/user-interface/examples/svgDiagrams/before_regular_before_action.svg,9030,b56422479dff4eb1a66f519a52b89c1f74b89505e69e02423c466bbe286d035e,NASA FRET upstream source snapshot
vendor/fret/fret-electron/docs/_media/user-interface/examples/svgDiagrams/before_regular_before_satisfaction.svg,1656,b76680bcbb5842417526d504aece7e15e5deaaef29ae7493bf71f2a7f1b56082,NASA FRET upstream source snapshot
vendor/fret/fret-electron/docs/_media/user-interface/examples/svgDiagrams/before_regular_eventually_action.svg,8984,e655420cfd2217255407698e2e084078375ecdc0ff7daa7e41bc6b5cda71d8da,NASA FRET upstream source snapshot
vendor/fret/fret-electron/docs/_media/user-interface/examples/svgDiagrams/before_regular_eventually_satisfaction.svg,1395,7627e4e174a11b2dcad80de1b373b0003aa1db7c69c5ac154e3df52f2a736757,NASA FRET upstream source snapshot
vendor/fret/fret-electron/docs/_media/user-interface/examples/svgDiagrams/before_regular_finally_satisfaction.svg,1617,709ab227163600543803e091b7bc5b13e2638d7808d7684b269f4f35c7a6e867,NASA FRET upstream source snapshot
vendor/fret/fret-electron/docs/_media/user-interface/examples/svgDiagrams/before_regular_for_action.svg,8959,d9b4d64e2267906413a27e30347469d878c0059b86448cbecff46bba4829be57,NASA FRET upstream source snapshot
vendor/fret/fret-electron/docs/_media/user-interface/examples/svgDiagrams/before_regular_for_satisfaction.svg,1569,b8e137d180380394c8c6dae4ca85a08b8d319ed47ea23d9225e899abfe63e1df,NASA FRET upstream source snapshot
vendor/fret/fret-electron/docs/_media/user-interface/examples/svgDiagrams/before_regular_immediately_satisfaction.svg,1615,e8a85c539245d38f7bc197b7f293649106792cbce396e557eac1603f027f42fa,NASA FRET upstream source snapshot
vendor/fret/fret-electron/docs/_media/user-interface/examples/svgDiagrams/before_regular_never_action.svg,8979,0ba40954adc1299dce1d7121d7628ff099898be66ba580dccd94f30a18d54c35,NASA FRET upstream source snapshot
vendor/fret/fret-electron/docs/_media/user-interface/examples/svgDiagrams/before_regular_never_satisfaction.svg,1389,94f9a94f3f0201df7f83720b33aa8905d3d882ec0412bfc2d029b7e16a2f3b78,NASA FRET upstream source snapshot
vendor/fret/fret-electron/docs/_media/user-interface/examples/svgDiagrams/before_regular_next_action.svg,8960,dcdb10e79c9c9e13986682cf786bfce71dac92524c613cb40adc4d27250618a3,NASA FRET upstream source snapshot
vendor/fret/fret-electron/docs/_media/user-interface/examples/svgDiagrams/before_regular_next_satisfaction.svg,1680,fa11ad8740060d63a24bdb9c84d4f69c45b0fd484f66832802c29b6eb2b81003,NASA FRET upstream source snapshot
vendor/fret/fret-electron/docs/_media/user-interface/examples/svgDiagrams/before_regular_null_action.svg,8978,6295c46024d2cef085f88d151eda441dbcc87a9daffafbb3f2206eda5b4ae26b,NASA FRET upstream source snapshot
vendor/fret/fret-electron/docs/_media/user-interface/examples/svgDiagrams/before_regular_null_satisfaction.svg,1395,7627e4e174a11b2dcad80de1b373b0003aa1db7c69c5ac154e3df52f2a736757,NASA FRET upstream source snapshot
vendor/fret/fret-electron/docs/_media/user-interface/examples/svgDiagrams/before_regular_until_action.svg,9029,5156efbbb53f742bbc5ba2d7ad31534738d28b8f356659032697820ffae4644a,NASA FRET upstream source snapshot
vendor/fret/fret-electron/docs/_media/user-interface/examples/svgDiagrams/before_regular_until_satisfaction.svg,1654,98876f273aab85454e21da8327a036564d0a3498addee79b048409656a3fe99a,NASA FRET upstream source snapshot
vendor/fret/fret-electron/docs/_media/user-interface/examples/svgDiagrams/before_regular_within_satisfaction.svg,1571,8ca774ac9c739bf2909a16d92331f8bb12691daf4c32643061738b98f68672ea,NASA FRET upstream source snapshot
vendor/fret/fret-electron/docs/_media/user-interface/examples/svgDiagrams/in_holding_after_satisfaction.svg,1987,6c86cd5b22fd332a3362dee5070a9e21c9c0300c3588abfad171f045b10d13d4,NASA FRET upstream source snapshot
vendor/fret/fret-electron/docs/_media/user-interface/examples/svgDiagrams/in_holding_always_satisfaction.svg,1398,0a2739b8172735215336aed78d8f21df7fb502d998426798417fceefba5c7624,NASA FRET upstream source snapshot
vendor/fret/fret-electron/docs/_media/user-interface/examples/svgDiagrams/in_holding_before_satisfaction.svg,1661,3ded843ec2556a7f8ef1616de576fce4473c2b9c95b4d94f423583d078e361e6,NASA FRET upstream source snapshot
vendor/fret/fret-electron/docs/_media/user-interface/examples/svgDiagrams/in_holding_eventually_satisfaction.svg,1400,87e243bf212f146487c0e8aa000b73e034762d08e0c60469812afedf2d4f62a1,NASA FRET upstream source snapshot
vendor/fret/fret-electron/docs/_media/user-interface/examples/svgDiagrams/in_holding_finally_satisfaction.svg,1621,ea367cbc4fd1a36612cadca882d5e3c1f2018db680e73457966557b86244a84f,NASA FRET upstream source snapshot
vendor/fret/fret-electron/docs/_media/user-interface/examples/svgDiagrams/in_holding_for_satisfaction.svg,1575,bc5b007cd4352928c95946f3650f2fb7658b77fb330e4c318ee9a4cc28947a99,NASA FRET upstream source snapshot
vendor/fret/fret-electron/docs/_media/user-interface/examples/svgDiagrams/in_holding_immediately_satisfaction.svg,1621,7dda8559f9bec53ca0095511faa8f56b019abe8190e5b73d5093306a07ee930b,NASA FRET upstream source snapshot
vendor/fret/fret-electron/docs/_media/user-interface/examples/svgDiagrams/in_holding_never_satisfaction.svg,1394,d8d6d15fb421c6e942ac7f7562ffbf471c1ee710be5cb49d81c23c4fbb69a2c9,NASA FRET upstream source snapshot
vendor/fret/fret-electron/docs/_media/user-interface/examples/svgDiagrams/in_holding_next_satisfaction.svg,1687,044bcc58a8a2049d44b76e7a940703d8bf7c837482440f3fec4fc00cfd42d8b6,NASA FRET upstream source snapshot
vendor/fret/fret-electron/docs/_media/user-interface/examples/svgDiagrams/in_holding_null_satisfaction.svg,1400,87e243bf212f146487c0e8aa000b73e034762d08e0c60469812afedf2d4f62a1,NASA FRET upstream source snapshot
vendor/fret/fret-electron/docs/_media/user-interface/examples/svgDiagrams/in_holding_until_satisfaction.svg,1659,4e78af81dad603f8171012f9e6b1cf1826046e55072dbfc94464330cfd526619,NASA FRET upstream source snapshot
vendor/fret/fret-electron/docs/_media/user-interface/examples/svgDiagrams/in_holding_within_satisfaction.svg,1577,8f01262d7c08f8e6b8447a33c30081234ff7d41137c53ca0c6fe4decaa10de66,NASA FRET upstream source snapshot
vendor/fret/fret-electron/docs/_media/user-interface/examples/svgDiagrams/in_null_after_action.svg,8910,8b45105f511a6e7ab130e37464e5f6fecd2b8b8d6b74ae486cfc0af37dcbfc39,NASA FRET upstream source snapshot
vendor/fret/fret-electron/docs/_media/user-interface/examples/svgDiagrams/in_null_after_satisfaction.svg,1596,862f4d1fdbdc5f98ac0e6e832d373a5787f6d35ea71ce489978a92a037f2c423,NASA FRET upstream source snapshot
vendor/fret/fret-electron/docs/_media/user-interface/examples/svgDiagrams/in_null_always_action.svg,8911,0f1ef804c0b0591399768bb00d03be9f198fecb451d221e72f1105a1c321e84f,NASA FRET upstream source snapshot
vendor/fret/fret-electron/docs/_media/user-interface/examples/svgDiagrams/in_null_always_satisfaction.svg,1007,3ff1741d8df6de7dbd320fbc6c1049d8281739f89885d843ab897accd5829368,NASA FRET upstream source snapshot
vendor/fret/fret-electron/docs/_media/user-interface/examples/svgDiagrams/in_null_before_action.svg,8962,5054634165109c4a3a46dbf447e2051a394a9f5500fb490a86d32f8d56939b83,NASA FRET upstream source snapshot
vendor/fret/fret-electron/docs/_media/user-interface/examples/svgDiagrams/in_null_before_satisfaction.svg,1271,4eb4e5cde8e3a2bcb97ab1a59ad81c5e87e719092df3ee50acf88501c63ff086,NASA FRET upstream source snapshot
vendor/fret/fret-electron/docs/_media/user-interface/examples/svgDiagrams/in_null_eventually_action.svg,8915,20f36c3cd7afe75bdcd767fb970a90f9c972e287ba9cf127c899adaf7816d892,NASA FRET upstream source snapshot
vendor/fret/fret-electron/docs/_media/user-interface/examples/svgDiagrams/in_null_eventually_satisfaction.svg,1009,6299e3493d3054813b59f15cbe37497b5b46905711ede242d1b205e11e24b93c,NASA FRET upstream source snapshot
vendor/fret/fret-electron/docs/_media/user-interface/examples/svgDiagrams/in_null_finally_satisfaction.svg,1230,cbe36cd40283457456d023eb3d60731e17ff6a1906caa449222e24e227c8e122,NASA FRET upstream source snapshot
vendor/fret/fret-electron/docs/_media/user-interface/examples/svgDiagrams/in_null_for_action.svg,8908,2d009ef1351e56bc2a11bb4a1bcbc8b324836655fef5c7359b82d39ca59272b1,NASA FRET upstream source snapshot
vendor/fret/fret-electron/docs/_media/user-interface/examples/svgDiagrams/in_null_for_satisfaction.svg,1184,ff2efa96f449e44d2fcb39caf611782198021f52ec88dfbc01a6922828720178,NASA FRET upstream source snapshot
vendor/fret/fret-electron/docs/_media/user-interface/examples/svgDiagrams/in_null_immediately_action.svg,8916,d839fb528b0b2bd08fc8ff89ca04f7f815486938be4d9f7ddb17586f29ef9843,NASA FRET upstream source snapshot
vendor/fret/fret-electron/docs/_media/user-interface/examples/svgDiagrams/in_null_immediately_satisfaction.svg,1230,b5574179f4b7f8af0303dc4aba4ebd3e5d5b8380a8045d6ada8b7b1bb6b79f45,NASA FRET upstream source snapshot
vendor/fret/fret-electron/docs/_media/user-interface/examples/svgDiagrams/in_null_never_action.svg,8910,9e1e423a8704d8944858e3016035d784862dfb651ed15f6027def352b3b2a0ea,NASA FRET upstream source snapshot
vendor/fret/fret-electron/docs/_media/user-interface/examples/svgDiagrams/in_null_never_satisfaction.svg,1003,7ba6e4c7630531ab16b69f2ec1a2f1da20ee2782f3a60b94f44d39a4363ccaf4,NASA FRET upstream source snapshot
vendor/fret/fret-electron/docs/_media/user-interface/examples/svgDiagrams/in_null_next_action.svg,8909,cab4c0bc800eb20ad52489a0525f21ca5423621c270eb5e7bc54515c3f35ed86,NASA FRET upstream source snapshot
vendor/fret/fret-electron/docs/_media/user-interface/examples/svgDiagrams/in_null_next_satisfaction.svg,1296,180a671dec2ed4ff6eb75fd384626b7fcb6edec71455ef14024ff2ad3c0c955e,NASA FRET upstream source snapshot
vendor/fret/fret-electron/docs/_media/user-interface/examples/svgDiagrams/in_null_null_action.svg,8909,0dae64badf74b34052f1b7219c2784375934c1ee5369a8254ce5f77281d78ace,NASA FRET upstream source snapshot
vendor/fret/fret-electron/docs/_media/user-interface/examples/svgDiagrams/in_null_null_satisfaction.svg,1009,6299e3493d3054813b59f15cbe37497b5b46905711ede242d1b205e11e24b93c,NASA FRET upstream source snapshot
vendor/fret/fret-electron/docs/_media/user-interface/examples/svgDiagrams/in_null_until_action.svg,8961,4aff3706a0e736d0f1e5774b8722c8e9306c4d888138c7e50d07d0a857c7fd4f,NASA FRET upstream source snapshot
vendor/fret/fret-electron/docs/_media/user-interface/examples/svgDiagrams/in_null_until_satisfaction.svg,1269,bf983112e0fa2b1a583244f192f498894499ec7888e13c6f52cbbe499c1e2094,NASA FRET upstream source snapshot
vendor/fret/fret-electron/docs/_media/user-interface/examples/svgDiagrams/in_null_within_action.svg,8911,ab45143d9577e6249029a2a21d874ec82305716d05660e750efb4447e1ab4611,NASA FRET upstream source snapshot
vendor/fret/fret-electron/docs/_media/user-interface/examples/svgDiagrams/in_null_within_satisfaction.svg,1186,ab4a610ab78724b1c6cb884236031849d819d911f7f0ddea9933d4dbfcb0382a,NASA FRET upstream source snapshot
vendor/fret/fret-electron/docs/_media/user-interface/examples/svgDiagrams/in_regular_after_action.svg,8964,8d7fd4dd4af1648748f59bafbedcd55eafb820ffb488c7214ab7d95b3dd79825,NASA FRET upstream source snapshot
vendor/fret/fret-electron/docs/_media/user-interface/examples/svgDiagrams/in_regular_after_satisfaction.svg,1987,6b60d09eb4c078799a7e1349f5070e80f411c6e423d48de27e8f249a89a32515,NASA FRET upstream source snapshot
vendor/fret/fret-electron/docs/_media/user-interface/examples/svgDiagrams/in_regular_always_action.svg,8983,48b0a3aa2db296c3f0987dc5a8964ee2ef02e4728606ffe55addd2db3722f99d,NASA FRET upstream source snapshot
vendor/fret/fret-electron/docs/_media/user-interface/examples/svgDiagrams/in_regular_always_satisfaction.svg,1398,ff48d699acede204dd4552b58c45910a552dfdf88538ddd35f3cbac8667248c1,NASA FRET upstream source snapshot
vendor/fret/fret-electron/docs/_media/user-interface/examples/svgDiagrams/in_regular_before_action.svg,9034,fdd96c3fdc7fe3e4e391bc01314ba39dfa87b7b2db84f3a09160858dfa3bfac1,NASA FRET upstream source snapshot
vendor/fret/fret-electron/docs/_media/user-interface/examples/svgDiagrams/in_regular_before_satisfaction.svg,1661,8053ded076ebd534b2c9ae73a14a23c98ca7bfe7c8d9ecf7ce287b77a6054615,NASA FRET upstream source snapshot
vendor/fret/fret-electron/docs/_media/user-interface/examples/svgDiagrams/in_regular_eventually_action.svg,8987,d298e8f35ce132188f55ded5f49f24d8220c6d5ddf481fc451d378d125a9f718,NASA FRET upstream source snapshot
vendor/fret/fret-electron/docs/_media/user-interface/examples/svgDiagrams/in_regular_eventually_satisfaction.svg,1400,e4cb095db86dd865ac6667c266baa0d4e9152bf5184a407b0f244468a2eff91c,NASA FRET upstream source snapshot
vendor/fret/fret-electron/docs/_media/user-interface/examples/svgDiagrams/in_regular_finally_satisfaction.svg,1621,3ff0c24008fe6708c8c5488e3e892ef09939b7cf6bf86c4eab2177db259f8149,NASA FRET upstream source snapshot
vendor/fret/fret-electron/docs/_media/user-interface/examples/svgDiagrams/in_regular_for_action.svg,8962,56aeb15e980b05d4745cece92b72a542502fccd3da4f6c55b9ad96e7beaf579c,NASA FRET upstream source snapshot
vendor/fret/fret-electron/docs/_media/user-interface/examples/svgDiagrams/in_regular_for_satisfaction.svg,1575,7b507f33b85e699fd4df9a05d8f39e36cdb5a77e1de26b5b0429474a303ab46a,NASA FRET upstream source snapshot
vendor/fret/fret-electron/docs/_media/user-interface/examples/svgDiagrams/in_regular_immediately_action.svg,8970,c6296e2db1b9d2c5f828fce2523650b6627368bd3cbeffb436afc00553574ad8,NASA FRET upstream source snapshot
vendor/fret/fret-electron/docs/_media/user-interface/examples/svgDiagrams/in_regular_immediately_satisfaction.svg,1621,e9f7a7635e27a7eb84111705b764cc8b3cc4f81205590b2e3383b37d188986a2,NASA FRET upstream source snapshot
vendor/fret/fret-electron/docs/_media/user-interface/examples/svgDiagrams/in_regular_never_action.svg,8982,dca94d189aeb4f745b15d9fdf88653671da82d6f3f8f7f2d322b51eb12047f32,NASA FRET upstream source snapshot
vendor/fret/fret-electron/docs/_media/user-interface/examples/svgDiagrams/in_regular_never_satisfaction.svg,1394,135a9156a4a8fb6cec5369d404b5a9b152cd620eccc8edb82cd96a295c6fa690,NASA FRET upstream source snapshot
vendor/fret/fret-electron/docs/_media/user-interface/examples/svgDiagrams/in_regular_next_action.svg,8963,68442167e7a4107141998292dfdc4bb4fb154c4e30459a71523cc31ddc78246c,NASA FRET upstream source snapshot
vendor/fret/fret-electron/docs/_media/user-interface/examples/svgDiagrams/in_regular_next_satisfaction.svg,1687,fbfdc8b86e0450bac1bce3b2e0ab951448ab76eea066e8854c25d01a7f056adc,NASA FRET upstream source snapshot
vendor/fret/fret-electron/docs/_media/user-interface/examples/svgDiagrams/in_regular_null_action.svg,8981,f4cead5cdb47936c52edc76fc6ed5f68ef32985a194ad5a284c8fb28f1d288d4,NASA FRET upstream source snapshot
vendor/fret/fret-electron/docs/_media/user-interface/examples/svgDiagrams/in_regular_null_satisfaction.svg,1400,e4cb095db86dd865ac6667c266baa0d4e9152bf5184a407b0f244468a2eff91c,NASA FRET upstream source snapshot
vendor/fret/fret-electron/docs/_media/user-interface/examples/svgDiagrams/in_regular_until_action.svg,9033,1ef621dcac8762f548e5012af473a68ce7b8619235bc853ebbf11d5144709ee5,NASA FRET upstream source snapshot
vendor/fret/fret-electron/docs/_media/user-interface/examples/svgDiagrams/in_regular_until_satisfaction.svg,1659,96657976b173fd6b82253e01ad7c2f0c79e5eb1c04a836198ca2156ea6f28fd8,NASA FRET upstream source snapshot
vendor/fret/fret-electron/docs/_media/user-interface/examples/svgDiagrams/in_regular_within_action.svg,8965,8724fc737d3660a330b84386bf3ef90b72694dc54f6e3da18988b3f54d202381,NASA FRET upstream source snapshot
vendor/fret/fret-electron/docs/_media/user-interface/examples/svgDiagrams/in_regular_within_satisfaction.svg,1577,f19468c299660f971a2b6a0a94cecbf21d42e042fd4dbdaf6e87331a6b914bd0,NASA FRET upstream source snapshot
vendor/fret/fret-electron/docs/_media/user-interface/examples/svgDiagrams/index.html,15730,5038b106352e6dbeb423ca6ecd28bc67cbd362e9cde609d439ab4d41f8c69515,NASA FRET upstream source snapshot
vendor/fret/fret-electron/docs/_media/user-interface/examples/svgDiagrams/notin_holding_after_satisfaction.svg,2080,d4eb26508fdcb62e2e8f6b85e3b12c0c268d54e8b0f735f41a088190e4d1f41b,NASA FRET upstream source snapshot
vendor/fret/fret-electron/docs/_media/user-interface/examples/svgDiagrams/notin_holding_always_satisfaction.svg,1492,f739bced5c8be8d32267b709c62be914199a71c9d1ba34fe0f83179ac6780701,NASA FRET upstream source snapshot
vendor/fret/fret-electron/docs/_media/user-interface/examples/svgDiagrams/notin_holding_before_satisfaction.svg,1755,00cc275a21b861a07e3550b2c0ea89c56ddb2f18bac6a196b95fad01e91f3157,NASA FRET upstream source snapshot
vendor/fret/fret-electron/docs/_media/user-interface/examples/svgDiagrams/notin_holding_eventually_satisfaction.svg,1494,a57cb8b3bcfa6abc6c83d864ef0118b1b0cd282060815a4de6726e7d847dc118,NASA FRET upstream source snapshot
vendor/fret/fret-electron/docs/_media/user-interface/examples/svgDiagrams/notin_holding_finally_satisfaction.svg,1716,ee2eda84976c339f630794606c49cb2ef08a98812195d3105c5ecc7b0d78df54,NASA FRET upstream source snapshot
vendor/fret/fret-electron/docs/_media/user-interface/examples/svgDiagrams/notin_holding_for_satisfaction.svg,1668,88453ac0cc30837459a3b3f35a079c2694d06381bf1a4685fbaa26b7acbca9fc,NASA FRET upstream source snapshot
vendor/fret/fret-electron/docs/_media/user-interface/examples/svgDiagrams/notin_holding_immediately_satisfaction.svg,1714,ca53ff1d50f0af0f7e767e2b58c65eb4f67d923aade8c441203e84c394129100,NASA FRET upstream source snapshot
vendor/fret/fret-electron/docs/_media/user-interface/examples/svgDiagrams/notin_holding_never_satisfaction.svg,1488,03c182a003420a5947b455fdbeef77f6a444fe110629d09c279d5b8377109169,NASA FRET upstream source snapshot
vendor/fret/fret-electron/docs/_media/user-interface/examples/svgDiagrams/notin_holding_next_satisfaction.svg,1779,d4f22289c5e45fea53a87e92d80203a2a91f0deff27eb50e5160a1a8bca71cbb,NASA FRET upstream source snapshot
vendor/fret/fret-electron/docs/_media/user-interface/examples/svgDiagrams/notin_holding_null_satisfaction.svg,1494,a57cb8b3bcfa6abc6c83d864ef0118b1b0cd282060815a4de6726e7d847dc118,NASA FRET upstream source snapshot
vendor/fret/fret-electron/docs/_media/user-interface/examples/svgDiagrams/notin_holding_until_satisfaction.svg,1753,4588d1f0a8d2dada18a89dedae49858889a868db6e820848365ed1d7c75bbb2b,NASA FRET upstream source snapshot
vendor/fret/fret-electron/docs/_media/user-interface/examples/svgDiagrams/notin_holding_within_satisfaction.svg,1670,8cdf44c36ff71d832ef9879b27bad5efcf835e44ebad43dabc03d621eb9d763e,NASA FRET upstream source snapshot
vendor/fret/fret-electron/docs/_media/user-interface/examples/svgDiagrams/notin_null_after_action.svg,9047,ca1ad9b2bc1398d591095063e2e2a713d4dbfd887a129df263cfdd09103df408,NASA FRET upstream source snapshot
vendor/fret/fret-electron/docs/_media/user-interface/examples/svgDiagrams/notin_null_after_satisfaction.svg,2405,be7a364d5329fa6e6f488caaae1e18191e3b519651fc9731a099b3cc5972bfeb,NASA FRET upstream source snapshot
vendor/fret/fret-electron/docs/_media/user-interface/examples/svgDiagrams/notin_null_always_action.svg,9049,bc20c76a2ef3ac0e6bd900aafe244f4afbc006e8c8478d0abfd93561ce5b91b2,NASA FRET upstream source snapshot
vendor/fret/fret-electron/docs/_media/user-interface/examples/svgDiagrams/notin_null_always_satisfaction.svg,1231,169f16eb970835edafe883ca165320429ff9ed0f0240ae226159e415f5e12529,NASA FRET upstream source snapshot
vendor/fret/fret-electron/docs/_media/user-interface/examples/svgDiagrams/notin_null_before_action.svg,9150,fd028e5069e3f075f76a1a96bcfaae2ce96d125374b49361b1e7a32b5318fbca,NASA FRET upstream source snapshot
vendor/fret/fret-electron/docs/_media/user-interface/examples/svgDiagrams/notin_null_before_satisfaction.svg,1630,1114a0c2640bd3b76919753428ebdcb3820ef032be5290379da898b014ddb788,NASA FRET upstream source snapshot
vendor/fret/fret-electron/docs/_media/user-interface/examples/svgDiagrams/notin_null_eventually_action.svg,9057,8c98e6d76c610bdd9602608ed1f4e1d1d61075190d87c694779644f77f761ec3,NASA FRET upstream source snapshot
vendor/fret/fret-electron/docs/_media/user-interface/examples/svgDiagrams/notin_null_eventually_satisfaction.svg,1235,ea2e9ec3a03c41877688861b04cc16e3c78d4e85437ec74b996df2a64d5d34c7,NASA FRET upstream source snapshot
vendor/fret/fret-electron/docs/_media/user-interface/examples/svgDiagrams/notin_null_finally_satisfaction.svg,1678,38299e30ade425bb1674fcab268e451967ce22a8bc5e187d875f40ba1cf45aea,NASA FRET upstream source snapshot
vendor/fret/fret-electron/docs/_media/user-interface/examples/svgDiagrams/notin_null_for_action.svg,9043,77e5f42d8406a877646c7c45d1024d933420d53e614ff03fb78714b2223462ab,NASA FRET upstream source snapshot
vendor/fret/fret-electron/docs/_media/user-interface/examples/svgDiagrams/notin_null_for_satisfaction.svg,1584,827694a7b85d7462e0187f7662b8ce4a7124f6981a8a0c0323d10b400bfdb434,NASA FRET upstream source snapshot
vendor/fret/fret-electron/docs/_media/user-interface/examples/svgDiagrams/notin_null_immediately_action.svg,9059,e1fb725a35a8df015f853d06b9af0969516431c95a5675ba0430fa2290f864da,NASA FRET upstream source snapshot
vendor/fret/fret-electron/docs/_media/user-interface/examples/svgDiagrams/notin_null_immediately_satisfaction.svg,1676,e2deb17f3c27ac945779d037bd605ae4ff6fea44afe65600f9da5b466caf0581,NASA FRET upstream source snapshot
vendor/fret/fret-electron/docs/_media/user-interface/examples/svgDiagrams/notin_null_never_action.svg,9047,11aa26f1fe2d4cf400a6a029c9700be54ffad96050c6afeedcd506240d0f1582,NASA FRET upstream source snapshot
vendor/fret/fret-electron/docs/_media/user-interface/examples/svgDiagrams/notin_null_never_satisfaction.svg,1223,c13ecb9e645fa68013424dd9d14d45568d0cf226ea57bba7fd6a87c1a1d3eb76,NASA FRET upstream source snapshot
vendor/fret/fret-electron/docs/_media/user-interface/examples/svgDiagrams/notin_null_next_action.svg,9045,a60c1e2d8e8660fb2b9dd7a7faa1f7ac0730480c4462782b646e030bef1f9120,NASA FRET upstream source snapshot
vendor/fret/fret-electron/docs/_media/user-interface/examples/svgDiagrams/notin_null_next_satisfaction.svg,1807,8f5206577a885ece7824bc8c32df8aa272205ccdd390ebd6455c474850f383f7,NASA FRET upstream source snapshot
vendor/fret/fret-electron/docs/_media/user-interface/examples/svgDiagrams/notin_null_null_action.svg,9045,cadf5b48492c7bdfbc61a009ceb5537b98906aedff42ff49fc74abfe702f2690,NASA FRET upstream source snapshot
vendor/fret/fret-electron/docs/_media/user-interface/examples/svgDiagrams/notin_null_null_satisfaction.svg,1235,ea2e9ec3a03c41877688861b04cc16e3c78d4e85437ec74b996df2a64d5d34c7,NASA FRET upstream source snapshot
vendor/fret/fret-electron/docs/_media/user-interface/examples/svgDiagrams/notin_null_until_action.svg,9148,45292585110dac98c3c555c3a34b5b98ecb6f87fc8aad999f734f31007dd9ab4,NASA FRET upstream source snapshot
vendor/fret/fret-electron/docs/_media/user-interface/examples/svgDiagrams/notin_null_until_satisfaction.svg,1755,567d1c94c11d4236b716d3d6cbcb494a38637c27d0cbdb21afa2950d8a49c891,NASA FRET upstream source snapshot
vendor/fret/fret-electron/docs/_media/user-interface/examples/svgDiagrams/notin_null_within_action.svg,9049,f77b1749e1abf29eb012656785505e348b1676c9b1779239a63888718b16e788,NASA FRET upstream source snapshot
vendor/fret/fret-electron/docs/_media/user-interface/examples/svgDiagrams/notin_null_within_satisfaction.svg,1588,f12fef184de059af3a21d09d4e179b84bf6237f9da6ea22348e9933ffcc9cc4b,NASA FRET upstream source snapshot
vendor/fret/fret-electron/docs/_media/user-interface/examples/svgDiagrams/notin_regular_after_action.svg,9109,e7d7b958376f50d1e03bc01fbf9a57f58a8885225deb2c22f6031d34f585f4aa,NASA FRET upstream source snapshot
vendor/fret/fret-electron/docs/_media/user-interface/examples/svgDiagrams/notin_regular_after_satisfaction.svg,2080,9d0fdf89d76fb354e91cfb51e4b275ad7403c4441596970f0d1865f12a4ff072,NASA FRET upstream source snapshot
vendor/fret/fret-electron/docs/_media/user-interface/examples/svgDiagrams/notin_regular_always_action.svg,9128,0b5f4cb9800248477decaa11b74f7a7c8dfe1e5ecccaa51fc9c0020dba1ee2dc,NASA FRET upstream source snapshot
vendor/fret/fret-electron/docs/_media/user-interface/examples/svgDiagrams/notin_regular_always_satisfaction.svg,1492,a8218dd3f136e14b17d2b76cd9d150f4cf6f48441f72d176d069c3e483152782,NASA FRET upstream source snapshot
vendor/fret/fret-electron/docs/_media/user-interface/examples/svgDiagrams/notin_regular_before_action.svg,9178,f3c5789698573bb92c971fccbb9020e8ebf29fe648fb01f1d963afe0d055f640,NASA FRET upstream source snapshot
vendor/fret/fret-electron/docs/_media/user-interface/examples/svgDiagrams/notin_regular_before_satisfaction.svg,1755,75f11b5f5c5f7a9825ce7acc9a1b141c98c6267e12169aa8d399923ed0db2a52,NASA FRET upstream source snapshot
vendor/fret/fret-electron/docs/_media/user-interface/examples/svgDiagrams/notin_regular_eventually_action.svg,9132,9bcacbd6e4f4d65c210143d931b9f3894732aa174070b8e1a723ca2dc1ad7865,NASA FRET upstream source snapshot
vendor/fret/fret-electron/docs/_media/user-interface/examples/svgDiagrams/notin_regular_eventually_satisfaction.svg,1494,abbdedc0b4224d9971d563531636670e21ba28b9f10944ac4735061ac6183f39,NASA FRET upstream source snapshot
vendor/fret/fret-electron/docs/_media/user-interface/examples/svgDiagrams/notin_regular_finally_satisfaction.svg,1716,f4995c9e69042a69d12ee47d75b4cacd3a063bf659015463af977c82a5e22b62,NASA FRET upstream source snapshot
vendor/fret/fret-electron/docs/_media/user-interface/examples/svgDiagrams/notin_regular_for_action.svg,9107,9390dbac54299f35113c04959fc4c4363d0514ba762a5c226b81633d385eec64,NASA FRET upstream source snapshot
vendor/fret/fret-electron/docs/_media/user-interface/examples/svgDiagrams/notin_regular_for_satisfaction.svg,1668,45ae9ff9728099880fdd00a63d8f0615154bcbf3e596ebfa0603e61e83a4b298,NASA FRET upstream source snapshot
vendor/fret/fret-electron/docs/_media/user-interface/examples/svgDiagrams/notin_regular_immediately_action.svg,9115,a620008e1398de041467c9032b1d9cd6ab1d80e2483028861cc3ba63f4861c1b,NASA FRET upstream source snapshot
vendor/fret/fret-electron/docs/_media/user-interface/examples/svgDiagrams/notin_regular_immediately_satisfaction.svg,1714,ad431907f183d1f4ee3464c9c009a5b37e3c518c3dde708b3fbbaf700fc3a043,NASA FRET upstream source snapshot
vendor/fret/fret-electron/docs/_media/user-interface/examples/svgDiagrams/notin_regular_never_action.svg,9127,34494555d12488643c94274509aec5ef33e564872b3765776dbc9eb45b44b11e,NASA FRET upstream source snapshot
vendor/fret/fret-electron/docs/_media/user-interface/examples/svgDiagrams/notin_regular_never_satisfaction.svg,1488,5ee4afb7f96e19ba5030551a8735e650b33f839071fe78d6b4bd93b8f8d781ab,NASA FRET upstream source snapshot
vendor/fret/fret-electron/docs/_media/user-interface/examples/svgDiagrams/notin_regular_next_action.svg,9108,6bb070e254b644c0536503cb96819213e86865e7c26a6a2b47de466d542abcd9,NASA FRET upstream source snapshot
vendor/fret/fret-electron/docs/_media/user-interface/examples/svgDiagrams/notin_regular_next_satisfaction.svg,1779,8ec8001ccf112dfc152c9dc1208461f3c8c1c1380257ec92855329ecd21de8d0,NASA FRET upstream source snapshot
vendor/fret/fret-electron/docs/_media/user-interface/examples/svgDiagrams/notin_regular_null_action.svg,9126,93a34f5a46151fbfcfdc9813792cf7361a2d72abcc278932cef34659cb87fa50,NASA FRET upstream source snapshot
vendor/fret/fret-electron/docs/_media/user-interface/examples/svgDiagrams/notin_regular_null_satisfaction.svg,1494,abbdedc0b4224d9971d563531636670e21ba28b9f10944ac4735061ac6183f39,NASA FRET upstream source snapshot
vendor/fret/fret-electron/docs/_media/user-interface/examples/svgDiagrams/notin_regular_until_action.svg,9177,d839aadc41ae539e5582057be352496e338d6597896a92229c6efead8afdf8cc,NASA FRET upstream source snapshot
vendor/fret/fret-electron/docs/_media/user-interface/examples/svgDiagrams/notin_regular_until_satisfaction.svg,1753,1e50ae04345c3270ea8e83e3f697b1bf4fe958e61d3d3b64116115fd56b56501,NASA FRET upstream source snapshot
vendor/fret/fret-electron/docs/_media/user-interface/examples/svgDiagrams/notin_regular_within_action.svg,9110,67ba0850dce165b25e2d76979d5d14e2bee6e2a0340853530a6dcb3135144078,NASA FRET upstream source snapshot
vendor/fret/fret-electron/docs/_media/user-interface/examples/svgDiagrams/notin_regular_within_satisfaction.svg,1670,78dbfca9a6cee03dbcda7f980c0c5a91008bb7f33d6ff5ff3345dfe040a614e8,NASA FRET upstream source snapshot
vendor/fret/fret-electron/docs/_media/user-interface/examples/svgDiagrams/null_holding_after_satisfaction.svg,2004,8685b3ccdd5ba647ad8d44691fe58838b707cd62995caf4c0b6f9f778992b4dc,NASA FRET upstream source snapshot
vendor/fret/fret-electron/docs/_media/user-interface/examples/svgDiagrams/null_holding_always_satisfaction.svg,1415,cc765d5a8794862a0f7ee6636bbf183bb201bdbbebfeb9a53ac43d743d0f55bb,NASA FRET upstream source snapshot
vendor/fret/fret-electron/docs/_media/user-interface/examples/svgDiagrams/null_holding_before_satisfaction.svg,1678,dd5cb2ed60854fbf1a93707b14324d805570054aeac7470a2434dfd49f5be286,NASA FRET upstream source snapshot
vendor/fret/fret-electron/docs/_media/user-interface/examples/svgDiagrams/null_holding_eventually_satisfaction.svg,1417,8a5df6ba70c4177e3005277b9d499edd8c3fd8713561efebcdb66db2ec62ab75,NASA FRET upstream source snapshot
vendor/fret/fret-electron/docs/_media/user-interface/examples/svgDiagrams/null_holding_finally_satisfaction.svg,1638,955bb6b74beeb052e06705bc7d9f7b32527f3a6808ddc3455c2346295c4395e8,NASA FRET upstream source snapshot
vendor/fret/fret-electron/docs/_media/user-interface/examples/svgDiagrams/null_holding_for_satisfaction.svg,1592,2e58b23439265ac049bfa637baf72aad827e70be0b6f54c9f4befd6c5be290aa,NASA FRET upstream source snapshot
vendor/fret/fret-electron/docs/_media/user-interface/examples/svgDiagrams/null_holding_immediately_satisfaction.svg,1638,ab462dd03d847b15d30855878604bb2adfd2cb361e194fae20a4796a7f7d3b68,NASA FRET upstream source snapshot
vendor/fret/fret-electron/docs/_media/user-interface/examples/svgDiagrams/null_holding_never_satisfaction.svg,1411,fbda00de3a10918777034a5f89d44de1f1d16944326df6610c49d1b2d260c3a5,NASA FRET upstream source snapshot
vendor/fret/fret-electron/docs/_media/user-interface/examples/svgDiagrams/null_holding_next_satisfaction.svg,1704,96eae6fb036611ff8fc3c50eaba6ab19afed5f7ea4e7835f8d92f018ae8456d1,NASA FRET upstream source snapshot
vendor/fret/fret-electron/docs/_media/user-interface/examples/svgDiagrams/null_holding_null_satisfaction.svg,1417,8a5df6ba70c4177e3005277b9d499edd8c3fd8713561efebcdb66db2ec62ab75,NASA FRET upstream source snapshot
vendor/fret/fret-electron/docs/_media/user-interface/examples/svgDiagrams/null_holding_until_satisfaction.svg,1676,25ddf99a1c4056acf0571fda1b5255cb936329e150201efa6fd76825164d6f0c,NASA FRET upstream source snapshot
vendor/fret/fret-electron/docs/_media/user-interface/examples/svgDiagrams/null_holding_within_satisfaction.svg,1594,2f9e8057cd72e7aa4d1e5957d53d9b303c1f638ed324ded639e688212eca69a8,NASA FRET upstream source snapshot
vendor/fret/fret-electron/docs/_media/user-interface/examples/svgDiagrams/null_null_after_action.svg,8933,5984696f1407d018226a47ba4c792db0b5d16a31e7ad842a2d642c17664c4d3f,NASA FRET upstream source snapshot
vendor/fret/fret-electron/docs/_media/user-interface/examples/svgDiagrams/null_null_after_satisfaction.svg,1611,658584453651d33f30740d590b6d94f23bf6349babb962de8c5ca62906398ec2,NASA FRET upstream source snapshot
vendor/fret/fret-electron/docs/_media/user-interface/examples/svgDiagrams/null_null_always_action.svg,8991,68f10c96cd680c16d626d712feefbbfb96f31017730a9631aeed18a9768a4d6b,NASA FRET upstream source snapshot
vendor/fret/fret-electron/docs/_media/user-interface/examples/svgDiagrams/null_null_always_satisfaction.svg,1022,fd81caa0d1f3776fcb9b09f442ec2209353c5a53f1bbe919ead1c917802210aa,NASA FRET upstream source snapshot
vendor/fret/fret-electron/docs/_media/user-interface/examples/svgDiagrams/null_null_before_action.svg,9042,e153450e75223f044c9007a44178615aea181fc4f73ce56742a2ec6e58662200,NASA FRET upstream source snapshot
vendor/fret/fret-electron/docs/_media/user-interface/examples/svgDiagrams/null_null_before_satisfaction.svg,1286,4982dc70273c4fc56cdac81b123480c8e8fbb2d84199075e8b55babc3239a526,NASA FRET upstream source snapshot
vendor/fret/fret-electron/docs/_media/user-interface/examples/svgDiagrams/null_null_eventually_action.svg,8995,019b50915833381887b38f8705c56e93a4cfe42bf20ab8bafc4da710c3852d0d,NASA FRET upstream source snapshot
vendor/fret/fret-electron/docs/_media/user-interface/examples/svgDiagrams/null_null_eventually_satisfaction.svg,1024,5d5bd0a475153701f80d07103f2de837c9f41f174011ccce73b0154e14aef880,NASA FRET upstream source snapshot
vendor/fret/fret-electron/docs/_media/user-interface/examples/svgDiagrams/null_null_finally_satisfaction.svg,1246,d0728415cc6af243d8c6377fc8a2b19453ab3b282f2e63641918a8e2a5af5f30,NASA FRET upstream source snapshot
vendor/fret/fret-electron/docs/_media/user-interface/examples/svgDiagrams/null_null_for_action.svg,8931,2a8f1244894fe9f3239b7142f4edac3e5db706a131e222e59e7993ad8a170f6c,NASA FRET upstream source snapshot
vendor/fret/fret-electron/docs/_media/user-interface/examples/svgDiagrams/null_null_for_satisfaction.svg,1199,16396733106b86d5b224328dfe9dfe8e3256b37376ac2016a27aee2af9f5ab4b,NASA FRET upstream source snapshot
vendor/fret/fret-electron/docs/_media/user-interface/examples/svgDiagrams/null_null_immediately_action.svg,8939,1b70bad26ed4cbe0d9f023c74a226e90c57ed5afe379e921c871d9966c336568,NASA FRET upstream source snapshot
vendor/fret/fret-electron/docs/_media/user-interface/examples/svgDiagrams/null_null_immediately_satisfaction.svg,1244,29a700f571fc91f34197e7cbbbda42b8808d246486d1a8e77070a8a0051a93f5,NASA FRET upstream source snapshot
vendor/fret/fret-electron/docs/_media/user-interface/examples/svgDiagrams/null_null_never_action.svg,8990,b1eca6a916c5fa04443658145bf65458c62008f6623fe5609c48a66c6b58fc84,NASA FRET upstream source snapshot
vendor/fret/fret-electron/docs/_media/user-interface/examples/svgDiagrams/null_null_never_satisfaction.svg,1018,9dbc5cb1bc1afc526a0a6b88ce89c117867dfbb5c55834c262b96eea2a0ec35b,NASA FRET upstream source snapshot
vendor/fret/fret-electron/docs/_media/user-interface/examples/svgDiagrams/null_null_next_action.svg,8932,6128db83a28d9361acc0891d3529cef3ae4adb7a033474a5741da124bc45f290,NASA FRET upstream source snapshot
vendor/fret/fret-electron/docs/_media/user-interface/examples/svgDiagrams/null_null_next_satisfaction.svg,1309,0120227e3a5196ab373a4ecc52048c4d4010075eec737074f3cfa83e64661471,NASA FRET upstream source snapshot
vendor/fret/fret-electron/docs/_media/user-interface/examples/svgDiagrams/null_null_null_action.svg,8989,1ae792ecef0cbfd5bd18bbdddad2e55bec93b5eb925f64325fca78e5e7ba5de2,NASA FRET upstream source snapshot
vendor/fret/fret-electron/docs/_media/user-interface/examples/svgDiagrams/null_null_null_satisfaction.svg,1024,5d5bd0a475153701f80d07103f2de837c9f41f174011ccce73b0154e14aef880,NASA FRET upstream source snapshot
vendor/fret/fret-electron/docs/_media/user-interface/examples/svgDiagrams/null_null_until_action.svg,9041,bfe3197be6861145d809668b88fff972d52c120c26e6c8bae3e452c26a49bbea,NASA FRET upstream source snapshot
vendor/fret/fret-electron/docs/_media/user-interface/examples/svgDiagrams/null_null_until_satisfaction.svg,1284,6e952f7d65c675a3a93e4c34d65513de08db6022abb553c8045db4d174dd77e8,NASA FRET upstream source snapshot
vendor/fret/fret-electron/docs/_media/user-interface/examples/svgDiagrams/null_null_within_action.svg,8934,3d7dbac4b43081610952a7bbf58c34ceee693e092f655b0fd93be5712861e49e,NASA FRET upstream source snapshot
vendor/fret/fret-electron/docs/_media/user-interface/examples/svgDiagrams/null_null_within_satisfaction.svg,1201,558e4347826246f70689152e2004aa0cbd4f6d3a7103fff8f8be2aea9c3ad4ac,NASA FRET upstream source snapshot
vendor/fret/fret-electron/docs/_media/user-interface/examples/svgDiagrams/null_regular_after_action.svg,8987,027b3ca47690d3d8f4371d864e37dc2bd2a3ecdef189494b66944ea6d65a74cd,NASA FRET upstream source snapshot
vendor/fret/fret-electron/docs/_media/user-interface/examples/svgDiagrams/null_regular_after_satisfaction.svg,2004,836d2682ec4c8ee015374e4fe14db97528f868e9370b79acb8b4492e696412ba,NASA FRET upstream source snapshot
vendor/fret/fret-electron/docs/_media/user-interface/examples/svgDiagrams/null_regular_always_action.svg,9034,4d79bef54f7035fc70009750dedd8044aecd70458e10218c1aec6dba25ff35b2,NASA FRET upstream source snapshot
vendor/fret/fret-electron/docs/_media/user-interface/examples/svgDiagrams/null_regular_always_satisfaction.svg,1415,9cea72fe435355ecf2a8a480cd726959ade34fdef1e20de350cf5ce8a6f8b9c4,NASA FRET upstream source snapshot
vendor/fret/fret-electron/docs/_media/user-interface/examples/svgDiagrams/null_regular_before_action.svg,9085,757022a44cd18827d2d75c298041335d2a9385e26be6fb83e61bd7e910ce93ce,NASA FRET upstream source snapshot
vendor/fret/fret-electron/docs/_media/user-interface/examples/svgDiagrams/null_regular_before_satisfaction.svg,1678,45c33d70e55bc49e26979dad40a175aaa712d4952206ca10cf224f5fbf3285fe,NASA FRET upstream source snapshot
vendor/fret/fret-electron/docs/_media/user-interface/examples/svgDiagrams/null_regular_eventually_action.svg,9038,5e2fa1b1c51637cbb4784a2309f6f4283a70824907c1a16888c1bc30a7142166,NASA FRET upstream source snapshot
vendor/fret/fret-electron/docs/_media/user-interface/examples/svgDiagrams/null_regular_eventually_satisfaction.svg,1417,7491336e742a42fc1cee5e31a4f23b108774f9fd1d3d6f0d2bcfadffafafea2a,NASA FRET upstream source snapshot
vendor/fret/fret-electron/docs/_media/user-interface/examples/svgDiagrams/null_regular_finally_satisfaction.svg,1638,1beabfd56a5b8abf3994d478dd506d1825a92abc6913091249ad2f21b1e9e86c,NASA FRET upstream source snapshot
vendor/fret/fret-electron/docs/_media/user-interface/examples/svgDiagrams/null_regular_for_action.svg,8985,c1db9f3b429b7f2f965c50cdabe6c1862f9c4b67469db5db2a97294773199005,NASA FRET upstream source snapshot
vendor/fret/fret-electron/docs/_media/user-interface/examples/svgDiagrams/null_regular_for_satisfaction.svg,1592,f305c70de6b8a94181fd48f2ea45208090412d6b3a4568a097d119908e8036b3,NASA FRET upstream source snapshot
vendor/fret/fret-electron/docs/_media/user-interface/examples/svgDiagrams/null_regular_immediately_action.svg,8993,c060cab44f7852be40a8d23ec00155a67d605cf95e7ed9861f59cc1a819822b8,NASA FRET upstream source snapshot
vendor/fret/fret-electron/docs/_media/user-interface/examples/svgDiagrams/null_regular_immediately_satisfaction.svg,1638,a5d4a4338113d3963b7a8d5848ac22777af36dda416e68142c0aef22fab4882d,NASA FRET upstream source snapshot
vendor/fret/fret-electron/docs/_media/user-interface/examples/svgDiagrams/null_regular_never_action.svg,9033,0cd3db3eb3f341d518588cdf4b3f50ce1c04215291d4e71a41c27b2ef3cba9e8,NASA FRET upstream source snapshot
vendor/fret/fret-electron/docs/_media/user-interface/examples/svgDiagrams/null_regular_never_satisfaction.svg,1411,9cdd57fc2c2627f9d4cfe8f00441fcbc839806a88c2e46d6af873026ec3f4772,NASA FRET upstream source snapshot
vendor/fret/fret-electron/docs/_media/user-interface/examples/svgDiagrams/null_regular_next_action.svg,8986,b24dc4eed3e882f09e1c1e12ee3f69eb4ce660064ff4d97f7e92426dbaa800ab,NASA FRET upstream source snapshot
vendor/fret/fret-electron/docs/_media/user-interface/examples/svgDiagrams/null_regular_next_satisfaction.svg,1704,e924f614cc73f7e3b2a8c006d678c178e0d87e7f5b0fec461dccdee3abcd2c12,NASA FRET upstream source snapshot
vendor/fret/fret-electron/docs/_media/user-interface/examples/svgDiagrams/null_regular_null_action.svg,9032,256c7fdc8c53f477a03fb9811c6df16ee5029596fc364d12445522892ae0ce17,NASA FRET upstream source snapshot
vendor/fret/fret-electron/docs/_media/user-interface/examples/svgDiagrams/null_regular_null_satisfaction.svg,1417,7491336e742a42fc1cee5e31a4f23b108774f9fd1d3d6f0d2bcfadffafafea2a,NASA FRET upstream source snapshot
vendor/fret/fret-electron/docs/_media/user-interface/examples/svgDiagrams/null_regular_until_action.svg,9084,7cb8f6e9925e8e29f71b08269840463a6c66c58a76cf4c5518c7e5620427eed2,NASA FRET upstream source snapshot
vendor/fret/fret-electron/docs/_media/user-interface/examples/svgDiagrams/null_regular_until_satisfaction.svg,1676,307f62e4dc659c6b72096c00b0497a7898aad14beb43f3aa85e616d447fd961c,NASA FRET upstream source snapshot
vendor/fret/fret-electron/docs/_media/user-interface/examples/svgDiagrams/null_regular_within_action.svg,8988,013cc51de1e1479361e21e624bf8cf862979b6310b55955b281e85ef6670d4ce,NASA FRET upstream source snapshot
vendor/fret/fret-electron/docs/_media/user-interface/examples/svgDiagrams/null_regular_within_satisfaction.svg,1594,7cfee26d2093c9feb6f38ae76072fad323011bd82fda50e1ba5abd26c713f126,NASA FRET upstream source snapshot
vendor/fret/fret-electron/docs/_media/user-interface/examples/svgDiagrams/onlyAfter_holding_after_satisfaction.svg,2205,3488f0397e803eb6f2974f4e10a967d8e8bff6aed108be2597c5470b93250075,NASA FRET upstream source snapshot
vendor/fret/fret-electron/docs/_media/user-interface/examples/svgDiagrams/onlyAfter_holding_always_satisfaction.svg,1409,d71b93159738166cc252861e5c8bbadbd0c867bf5cebac750d613cf896d9e198,NASA FRET upstream source snapshot
vendor/fret/fret-electron/docs/_media/user-interface/examples/svgDiagrams/onlyAfter_holding_before_satisfaction.svg,1651,6fca1a9fa3d8fc7d38bee263ab314365db06a85056fd1651188185c4810cf520,NASA FRET upstream source snapshot
vendor/fret/fret-electron/docs/_media/user-interface/examples/svgDiagrams/onlyAfter_holding_eventually_satisfaction.svg,1390,c014846ca70b1bce95b8f6588350f7aa6d614100a88c8274fed22b94e9af5979,NASA FRET upstream source snapshot
vendor/fret/fret-electron/docs/_media/user-interface/examples/svgDiagrams/onlyAfter_holding_finally_satisfaction.svg,1614,a723165f29d0aaf5551202f9f8cc6f017c428c50f0fd78ea74d937d42abe6184,NASA FRET upstream source snapshot
vendor/fret/fret-electron/docs/_media/user-interface/examples/svgDiagrams/onlyAfter_holding_for_satisfaction.svg,1585,95654f3513097742bc1f5ccc844ef57d3c5544eb0c052f1b85c4e0ea3eb564aa,NASA FRET upstream source snapshot
vendor/fret/fret-electron/docs/_media/user-interface/examples/svgDiagrams/onlyAfter_holding_immediately_satisfaction.svg,1612,2cebc1797c7d8862c3fa09b7bce0139a01a6facdbd0b5d342fbaf803af0595c2,NASA FRET upstream source snapshot
vendor/fret/fret-electron/docs/_media/user-interface/examples/svgDiagrams/onlyAfter_holding_never_satisfaction.svg,1396,bcd1d36f0853c02d438482d5f6cd8db3c1e4abf1487a57cffb46e48b12010a1e,NASA FRET upstream source snapshot
vendor/fret/fret-electron/docs/_media/user-interface/examples/svgDiagrams/onlyAfter_holding_next_satisfaction.svg,1677,ec9cd61bb6906ec97636fb487df1df36714f993b317adb643203c96cc12e399d,NASA FRET upstream source snapshot
vendor/fret/fret-electron/docs/_media/user-interface/examples/svgDiagrams/onlyAfter_holding_null_satisfaction.svg,1390,c014846ca70b1bce95b8f6588350f7aa6d614100a88c8274fed22b94e9af5979,NASA FRET upstream source snapshot
vendor/fret/fret-electron/docs/_media/user-interface/examples/svgDiagrams/onlyAfter_holding_until_satisfaction.svg,1670,803a6c190167059ea1beedc92d6708359cb1aa7102bbc8d2c05347d2a4db8d91,NASA FRET upstream source snapshot
vendor/fret/fret-electron/docs/_media/user-interface/examples/svgDiagrams/onlyAfter_holding_within_satisfaction.svg,1566,0be5c728ecbff65fd6cbcdb462e9b1fec794ab9ad9111c2ec74b958fc3da0c03,NASA FRET upstream source snapshot
vendor/fret/fret-electron/docs/_media/user-interface/examples/svgDiagrams/onlyAfter_null_after_action.svg,8956,885e3cee81985e13f5a3f3070b959c1942f9ec0585acf2be4276b93e3463e045,NASA FRET upstream source snapshot
vendor/fret/fret-electron/docs/_media/user-interface/examples/svgDiagrams/onlyAfter_null_after_satisfaction.svg,1813,215ae03071e001aca3c5616049ccb2e0852d56400ca6b77659204657dc423131,NASA FRET upstream source snapshot
vendor/fret/fret-electron/docs/_media/user-interface/examples/svgDiagrams/onlyAfter_null_always_action.svg,8957,6b40b34788793894089b868e6a3f17da5d2b320ed8b62d6cee275d0cf94e2314,NASA FRET upstream source snapshot
vendor/fret/fret-electron/docs/_media/user-interface/examples/svgDiagrams/onlyAfter_null_always_satisfaction.svg,1020,e069e467d9ac37c5dc312cb2ec04c81f9f7e46d9a9723aeb2b4e5eac7149ca5b,NASA FRET upstream source snapshot
vendor/fret/fret-electron/docs/_media/user-interface/examples/svgDiagrams/onlyAfter_null_before_action.svg,9007,d1f6499d9df88f8a563d952612d67543bad9970988d332f71324cbfabea242f1,NASA FRET upstream source snapshot
vendor/fret/fret-electron/docs/_media/user-interface/examples/svgDiagrams/onlyAfter_null_before_satisfaction.svg,1263,058685e4939f7bb6d6e56c5df81def8744b15f81b4a298aa82c9a7efc44785cd,NASA FRET upstream source snapshot
vendor/fret/fret-electron/docs/_media/user-interface/examples/svgDiagrams/onlyAfter_null_eventually_action.svg,8951,0c8d13188406dcf7c3c5ef1945a29fdc2b09a125c7ecdc93f729213a3e62cdaa,NASA FRET upstream source snapshot
vendor/fret/fret-electron/docs/_media/user-interface/examples/svgDiagrams/onlyAfter_null_eventually_satisfaction.svg,1001,e7382eb8148e7219b2be85e6e4ca7a120f615a3da37373607950ac7783a12328,NASA FRET upstream source snapshot
vendor/fret/fret-electron/docs/_media/user-interface/examples/svgDiagrams/onlyAfter_null_finally_satisfaction.svg,1225,94a45aebfee7ffa46804178ab3a15497213bef18094b07d2f89596f93c3e64a6,NASA FRET upstream source snapshot
vendor/fret/fret-electron/docs/_media/user-interface/examples/svgDiagrams/onlyAfter_null_for_action.svg,8954,44ab10deb1e075778daa15fe919fcc78a54434f6cb9e3d1889b581e42a8b8451,NASA FRET upstream source snapshot
vendor/fret/fret-electron/docs/_media/user-interface/examples/svgDiagrams/onlyAfter_null_for_satisfaction.svg,1196,3be759a3779d624aa66bcd732a9258f5177ce7e9255e4deb5e0498fec1cb36e3,NASA FRET upstream source snapshot
vendor/fret/fret-electron/docs/_media/user-interface/examples/svgDiagrams/onlyAfter_null_immediately_action.svg,8962,3a1e27688da80e3288886d80c31ab2cba6f34f5a507872d68d58626e3213ebb1,NASA FRET upstream source snapshot
vendor/fret/fret-electron/docs/_media/user-interface/examples/svgDiagrams/onlyAfter_null_immediately_satisfaction.svg,1223,96d20aaac66c54be61a10dd3e271db25a04c015aba71a21f1ee5ca2c4315b81e,NASA FRET upstream source snapshot
vendor/fret/fret-electron/docs/_media/user-interface/examples/svgDiagrams/onlyAfter_null_never_action.svg,8950,12e9e1849f70c8a6515427a2ede3742fa3a4aa794a97e7e96c9e15a45a927dcf,NASA FRET upstream source snapshot
vendor/fret/fret-electron/docs/_media/user-interface/examples/svgDiagrams/onlyAfter_null_never_satisfaction.svg,1007,c608061e0c322ee1d382556afe93f1a83d3aa1733bd9c69ca7dbfe2ef37044fe,NASA FRET upstream source snapshot
vendor/fret/fret-electron/docs/_media/user-interface/examples/svgDiagrams/onlyAfter_null_next_action.svg,8955,51e19de0416da5c751460194c8d2fb98bb96fc1d84b596910316c42f4cacd7fd,NASA FRET upstream source snapshot
vendor/fret/fret-electron/docs/_media/user-interface/examples/svgDiagrams/onlyAfter_null_next_satisfaction.svg,1288,e88937d4260b560e0700e98bbb4ecc14ae189aa6cbcdd4d77aba9ae7a421e837,NASA FRET upstream source snapshot
vendor/fret/fret-electron/docs/_media/user-interface/examples/svgDiagrams/onlyAfter_null_null_action.svg,8951,0c8d13188406dcf7c3c5ef1945a29fdc2b09a125c7ecdc93f729213a3e62cdaa,NASA FRET upstream source snapshot
vendor/fret/fret-electron/docs/_media/user-interface/examples/svgDiagrams/onlyAfter_null_null_satisfaction.svg,1001,e7382eb8148e7219b2be85e6e4ca7a120f615a3da37373607950ac7783a12328,NASA FRET upstream source snapshot
vendor/fret/fret-electron/docs/_media/user-interface/examples/svgDiagrams/onlyAfter_null_until_action.svg,9006,4ca6f02fff512f813ed05fc441337b27fb0ebd28a522872ba4326c7faf26f6fc,NASA FRET upstream source snapshot
vendor/fret/fret-electron/docs/_media/user-interface/examples/svgDiagrams/onlyAfter_null_until_satisfaction.svg,1282,1ebac3e298b0b32908b1147e3484b1899d993c22b922c6c6f7bfc1195ca68b54,NASA FRET upstream source snapshot
vendor/fret/fret-electron/docs/_media/user-interface/examples/svgDiagrams/onlyAfter_null_within_action.svg,8957,838da99f8b6066b2632127db0c54c3e964644989b063ee2286105d824abdc30d,NASA FRET upstream source snapshot
vendor/fret/fret-electron/docs/_media/user-interface/examples/svgDiagrams/onlyAfter_null_within_satisfaction.svg,1177,2044414dadc8e1b9b2c320be7ccb4758ff19fcc81421884642196d76af37bfa1,NASA FRET upstream source snapshot
vendor/fret/fret-electron/docs/_media/user-interface/examples/svgDiagrams/onlyAfter_regular_after_action.svg,9009,685a09adea79f3b86dac022ed2e2fbefec692a10de78e10ecc875b09ab279ad7,NASA FRET upstream source snapshot
vendor/fret/fret-electron/docs/_media/user-interface/examples/svgDiagrams/onlyAfter_regular_after_satisfaction.svg,2205,d48986605aeb3cbf232a3c5e5033bed893c26a72795289f65ed6074f52c147a2,NASA FRET upstream source snapshot
vendor/fret/fret-electron/docs/_media/user-interface/examples/svgDiagrams/onlyAfter_regular_always_action.svg,9028,fe0bb4875b9b02897496b0b53213faf70abc399e8c470091ec2eb6d7e578e9d5,NASA FRET upstream source snapshot
vendor/fret/fret-electron/docs/_media/user-interface/examples/svgDiagrams/onlyAfter_regular_always_satisfaction.svg,1409,eb0963f5b084cfb4984f90cc3abae4f91230564303d87de045885456c7583ae6,NASA FRET upstream source snapshot
vendor/fret/fret-electron/docs/_media/user-interface/examples/svgDiagrams/onlyAfter_regular_before_action.svg,9060,bf7a41ee21e0b081424f11156275cc00f66c12d20ae767df0b1ae75157509e9d,NASA FRET upstream source snapshot
vendor/fret/fret-electron/docs/_media/user-interface/examples/svgDiagrams/onlyAfter_regular_before_satisfaction.svg,1651,adf3f873ef7574ef7d3be6d1f95db92a61b615c59e617d7e09821d7305c47406,NASA FRET upstream source snapshot
vendor/fret/fret-electron/docs/_media/user-interface/examples/svgDiagrams/onlyAfter_regular_eventually_action.svg,9022,bd2acb812ee6a5764d71e97b58128302a30ba057e9d06bb85f436bb5c9415048,NASA FRET upstream source snapshot
vendor/fret/fret-electron/docs/_media/user-interface/examples/svgDiagrams/onlyAfter_regular_eventually_satisfaction.svg,1390,bdc9503ec660f788bcb09a668cee4be6ea5007b6b13b4990645439941cf2d8e4,NASA FRET upstream source snapshot
vendor/fret/fret-electron/docs/_media/user-interface/examples/svgDiagrams/onlyAfter_regular_finally_satisfaction.svg,1614,c47c448c965a8f45aad7dcabe86279d210f1b20cba7510c2b79a6d15cd6c49ee,NASA FRET upstream source snapshot
vendor/fret/fret-electron/docs/_media/user-interface/examples/svgDiagrams/onlyAfter_regular_for_action.svg,9007,518db2d3b2a039965aabdf7c719364f03b93d8f5fae0a97ae4674d00f9839ef6,NASA FRET upstream source snapshot
vendor/fret/fret-electron/docs/_media/user-interface/examples/svgDiagrams/onlyAfter_regular_for_satisfaction.svg,1585,6e2dff2a157d688b7f263e16ba1499b4fcc94318eda9df71e6252d24ad274f0d,NASA FRET upstream source snapshot
vendor/fret/fret-electron/docs/_media/user-interface/examples/svgDiagrams/onlyAfter_regular_immediately_action.svg,9015,05b06cf2e8a7509fc8a68ed2a316d8ebd55e747be5471490011e22f5b2ee7ff5,NASA FRET upstream source snapshot
vendor/fret/fret-electron/docs/_media/user-interface/examples/svgDiagrams/onlyAfter_regular_immediately_satisfaction.svg,1612,a5c40b118ace373b99b93622c3fe3b61cac3007351a2dc11f42e921ef6bb4638,NASA FRET upstream source snapshot
vendor/fret/fret-electron/docs/_media/user-interface/examples/svgDiagrams/onlyAfter_regular_never_action.svg,9021,8dddb40f49b8fc4c5debe81e3ef5cafb8d5d4a5fdca92c1dc7855fe0ff0706a9,NASA FRET upstream source snapshot
vendor/fret/fret-electron/docs/_media/user-interface/examples/svgDiagrams/onlyAfter_regular_never_satisfaction.svg,1396,c87ae346cda65391ab037d81321261d155cfd222b86e1f3be3e88a2dbeacc15f,NASA FRET upstream source snapshot
vendor/fret/fret-electron/docs/_media/user-interface/examples/svgDiagrams/onlyAfter_regular_next_action.svg,9008,46fe0c4b0fcc192983cdf12e5bc5857e443817b7c3d3dbd99d03378bf07361a8,NASA FRET upstream source snapshot
vendor/fret/fret-electron/docs/_media/user-interface/examples/svgDiagrams/onlyAfter_regular_next_satisfaction.svg,1677,152fbec282b6e48c987f96bfee9b920e5d5c040ada0406e8e80f0658b53b0c03,NASA FRET upstream source snapshot
vendor/fret/fret-electron/docs/_media/user-interface/examples/svgDiagrams/onlyAfter_regular_null_action.svg,9022,bd2acb812ee6a5764d71e97b58128302a30ba057e9d06bb85f436bb5c9415048,NASA FRET upstream source snapshot
vendor/fret/fret-electron/docs/_media/user-interface/examples/svgDiagrams/onlyAfter_regular_null_satisfaction.svg,1390,bdc9503ec660f788bcb09a668cee4be6ea5007b6b13b4990645439941cf2d8e4,NASA FRET upstream source snapshot
vendor/fret/fret-electron/docs/_media/user-interface/examples/svgDiagrams/onlyAfter_regular_until_action.svg,9059,0b10d65dc3b06f1bc66b0e5a02dd56cfea0fe24e09fd16c4e740f34eb6660372,NASA FRET upstream source snapshot
vendor/fret/fret-electron/docs/_media/user-interface/examples/svgDiagrams/onlyAfter_regular_until_satisfaction.svg,1670,15f8d64f976a661f0fccba3b676d16d468cab0eb3df0af99e4bfcc17bdec2118,NASA FRET upstream source snapshot
vendor/fret/fret-electron/docs/_media/user-interface/examples/svgDiagrams/onlyAfter_regular_within_action.svg,9010,c07e460c75a7493528ddd6979b7494e245ba58e7f9ac6a09b079516dc8f3b428,NASA FRET upstream source snapshot
vendor/fret/fret-electron/docs/_media/user-interface/examples/svgDiagrams/onlyAfter_regular_within_satisfaction.svg,1566,0fcda5d91f1c7b159275351c355b6002101d39e07448d4df07e7d7dc3fbddf30,NASA FRET upstream source snapshot
vendor/fret/fret-electron/docs/_media/user-interface/examples/svgDiagrams/onlyBefore_holding_after_satisfaction.svg,2212,04146edb9aadf283e58f8fbb9f118e244ee67fa1ac2ed3e6ccbf2f4dad7d4145,NASA FRET upstream source snapshot
vendor/fret/fret-electron/docs/_media/user-interface/examples/svgDiagrams/onlyBefore_holding_always_satisfaction.svg,1414,5f1be93307f759bfb9aedba59b62fde9a97e80f5779a32734cf469901fb85321,NASA FRET upstream source snapshot
vendor/fret/fret-electron/docs/_media/user-interface/examples/svgDiagrams/onlyBefore_holding_before_satisfaction.svg,1656,c1facea682f8b75d922f8da80fb7304633b3aedd2be9a5bbaaef4b0432367882,NASA FRET upstream source snapshot
vendor/fret/fret-electron/docs/_media/user-interface/examples/svgDiagrams/onlyBefore_holding_eventually_satisfaction.svg,1395,f7ac7726e69b25aa538fd89b888069fdf3f82c6d7373a37d12f84a67e1964ceb,NASA FRET upstream source snapshot
vendor/fret/fret-electron/docs/_media/user-interface/examples/svgDiagrams/onlyBefore_holding_finally_satisfaction.svg,1618,50d471661d001d8c30332bc070e8773aa4edee2219fa9e80e03b2726794c9978,NASA FRET upstream source snapshot
vendor/fret/fret-electron/docs/_media/user-interface/examples/svgDiagrams/onlyBefore_holding_for_satisfaction.svg,1591,2c9e20326baa7f3decaf0a44f01a44606a47f197a1a8a28595feaf1f9fe21053,NASA FRET upstream source snapshot
vendor/fret/fret-electron/docs/_media/user-interface/examples/svgDiagrams/onlyBefore_holding_immediately_satisfaction.svg,1618,79a5df31824012373fb727daacb2a98dce220f532fc7c91fb8db9df8109ab73c,NASA FRET upstream source snapshot
vendor/fret/fret-electron/docs/_media/user-interface/examples/svgDiagrams/onlyBefore_holding_never_satisfaction.svg,1401,c6ef4af6c8f6fbb1a5f4b06cc4f0d9bd2e2ad7abe86cca8af61cfb8063fc657c,NASA FRET upstream source snapshot
vendor/fret/fret-electron/docs/_media/user-interface/examples/svgDiagrams/onlyBefore_holding_next_satisfaction.svg,1684,f20716a8e48254da5471178ee6de3277a7e269d4cdadfdd48cc77e9a11b26e95,NASA FRET upstream source snapshot
vendor/fret/fret-electron/docs/_media/user-interface/examples/svgDiagrams/onlyBefore_holding_null_satisfaction.svg,1395,f7ac7726e69b25aa538fd89b888069fdf3f82c6d7373a37d12f84a67e1964ceb,NASA FRET upstream source snapshot
vendor/fret/fret-electron/docs/_media/user-interface/examples/svgDiagrams/onlyBefore_holding_until_satisfaction.svg,1675,61aa8b0e6f6216b61a7aabc577472eb06192b29fc53acc29b8d28b02e4d644ea,NASA FRET upstream source snapshot
vendor/fret/fret-electron/docs/_media/user-interface/examples/svgDiagrams/onlyBefore_holding_within_satisfaction.svg,1572,77a8e96b939e44e69b599d0a7e9e3d5b302afc3de0b0db2a4e062e788c7bf6b7,NASA FRET upstream source snapshot
vendor/fret/fret-electron/docs/_media/user-interface/examples/svgDiagrams/onlyBefore_null_after_action.svg,9004,8fe3780762e5a7a79077f576c3ffdc772411c7e020ea722770cbafe90f178a9a,NASA FRET upstream source snapshot
vendor/fret/fret-electron/docs/_media/user-interface/examples/svgDiagrams/onlyBefore_null_after_satisfaction.svg,1820,28732611fdc8a060aef56661689309f9075f15ee43313528f1d92a86a37d7c6e,NASA FRET upstream source snapshot
vendor/fret/fret-electron/docs/_media/user-interface/examples/svgDiagrams/onlyBefore_null_always_action.svg,9005,44d6af8396258d1be3985cc2646cd1847f608d97173865836613a8525b112a30,NASA FRET upstream source snapshot
vendor/fret/fret-electron/docs/_media/user-interface/examples/svgDiagrams/onlyBefore_null_always_satisfaction.svg,1022,9ef80418d8a8b6b8d3a02b21dfd96516a43f2ee5ef21ed57c4aeafa538cdc425,NASA FRET upstream source snapshot
vendor/fret/fret-electron/docs/_media/user-interface/examples/svgDiagrams/onlyBefore_null_before_action.svg,9056,e15b29f23fb866a5043aaa415557154d0aef46118e176cef6b5677203791f013,NASA FRET upstream source snapshot
vendor/fret/fret-electron/docs/_media/user-interface/examples/svgDiagrams/onlyBefore_null_before_satisfaction.svg,1265,57f74ee0bf279e3b51bec08cbe6392020bd0c2f4ee56954c47050c88c016f10e,NASA FRET upstream source snapshot
vendor/fret/fret-electron/docs/_media/user-interface/examples/svgDiagrams/onlyBefore_null_eventually_action.svg,8999,ed6d9a9a2a95b2b2236c3edc417bf60e2ccf0e514ea965811aa24e2972d43d53,NASA FRET upstream source snapshot
vendor/fret/fret-electron/docs/_media/user-interface/examples/svgDiagrams/onlyBefore_null_eventually_satisfaction.svg,1003,c9281f87e93c6bd4cf6d5eec9285c94178e10d19c7abb12d5e8a0824098d099e,NASA FRET upstream source snapshot
vendor/fret/fret-electron/docs/_media/user-interface/examples/svgDiagrams/onlyBefore_null_finally_satisfaction.svg,1226,81b37b1291e70fc2575a2bc124d2e5b603c58bf133eddc065ba36882dc302116,NASA FRET upstream source snapshot
vendor/fret/fret-electron/docs/_media/user-interface/examples/svgDiagrams/onlyBefore_null_for_action.svg,9002,0ab04aae2e24c0baeefc225507e7b5e3341dc851f456c80a26f2115141626a1d,NASA FRET upstream source snapshot
vendor/fret/fret-electron/docs/_media/user-interface/examples/svgDiagrams/onlyBefore_null_for_satisfaction.svg,1199,05e3e0da4cc35d99232976cee878e5626e9aa21ea943ecdf7be0d16dc2de572e,NASA FRET upstream source snapshot
vendor/fret/fret-electron/docs/_media/user-interface/examples/svgDiagrams/onlyBefore_null_immediately_action.svg,9010,bd05c35e538769f34d778e6298c8e51beafb9608256fa6b7eb446e87c54680b5,NASA FRET upstream source snapshot
vendor/fret/fret-electron/docs/_media/user-interface/examples/svgDiagrams/onlyBefore_null_immediately_satisfaction.svg,1226,63a633c11800ca4cabbbde24fb75c1d5f845193efd1587b7a55c6f699a3058d7,NASA FRET upstream source snapshot
vendor/fret/fret-electron/docs/_media/user-interface/examples/svgDiagrams/onlyBefore_null_never_action.svg,8998,61a5840d35559e95dde7b34ab8a241aefd6173cda1caef66e86c92cd24903453,NASA FRET upstream source snapshot
vendor/fret/fret-electron/docs/_media/user-interface/examples/svgDiagrams/onlyBefore_null_never_satisfaction.svg,1009,f31508aa1c7ee1018774862d4e771648d85168c123d876970acc9d5b4f5e4b7b,NASA FRET upstream source snapshot
vendor/fret/fret-electron/docs/_media/user-interface/examples/svgDiagrams/onlyBefore_null_next_action.svg,9003,cd7e25c86598677f85f77b370c8daf6a82e5c1128b0e283773632c80a1911449,NASA FRET upstream source snapshot
vendor/fret/fret-electron/docs/_media/user-interface/examples/svgDiagrams/onlyBefore_null_next_satisfaction.svg,1292,2fd6aacdba40f9d22ef9a8e6b1d763604601d374d7c2f39ce890cdc00cfb35ea,NASA FRET upstream source snapshot
vendor/fret/fret-electron/docs/_media/user-interface/examples/svgDiagrams/onlyBefore_null_null_action.svg,8999,ed6d9a9a2a95b2b2236c3edc417bf60e2ccf0e514ea965811aa24e2972d43d53,NASA FRET upstream source snapshot
vendor/fret/fret-electron/docs/_media/user-interface/examples/svgDiagrams/onlyBefore_null_null_satisfaction.svg,1003,c9281f87e93c6bd4cf6d5eec9285c94178e10d19c7abb12d5e8a0824098d099e,NASA FRET upstream source snapshot
vendor/fret/fret-electron/docs/_media/user-interface/examples/svgDiagrams/onlyBefore_null_until_action.svg,9055,da82e4977b1efeb34ed9eccc229b7eb6e8aa15142a5ec6b8dffa71d51edeaaa6,NASA FRET upstream source snapshot
vendor/fret/fret-electron/docs/_media/user-interface/examples/svgDiagrams/onlyBefore_null_until_satisfaction.svg,1284,efe0e5d16e0fd1586bf6e84d3ec4c1b210258ffb40d0147aa40ed38346e22c1b,NASA FRET upstream source snapshot
vendor/fret/fret-electron/docs/_media/user-interface/examples/svgDiagrams/onlyBefore_null_within_action.svg,9005,ecf53a3740c903558de017449340d5be932296772f62318559756dee184329f4,NASA FRET upstream source snapshot
vendor/fret/fret-electron/docs/_media/user-interface/examples/svgDiagrams/onlyBefore_null_within_satisfaction.svg,1180,484753a398a5c64adfd6eec45d916d54e6039c5a2502ccb98880a3ed2be01cd0,NASA FRET upstream source snapshot
vendor/fret/fret-electron/docs/_media/user-interface/examples/svgDiagrams/onlyBefore_regular_after_action.svg,9058,c2c8ce606188c7eef49d742e6c353cc1d742c4d8f71f071256b9b8f5d8efb10c,NASA FRET upstream source snapshot
vendor/fret/fret-electron/docs/_media/user-interface/examples/svgDiagrams/onlyBefore_regular_after_satisfaction.svg,2212,2913f818142421d524012b6ef9a29f29c6323779c874bc6dc07e387191a2f832,NASA FRET upstream source snapshot
vendor/fret/fret-electron/docs/_media/user-interface/examples/svgDiagrams/onlyBefore_regular_always_action.svg,9077,90714553f9a5baa0cf36fbc12f7e7db8ed1e6d28629724220988c89f57d6c4e5,NASA FRET upstream source snapshot
vendor/fret/fret-electron/docs/_media/user-interface/examples/svgDiagrams/onlyBefore_regular_always_satisfaction.svg,1414,d13346c1c378a211708c9ac800f3e35c703db4875e649fe48ad9cdde393f3e1f,NASA FRET upstream source snapshot
vendor/fret/fret-electron/docs/_media/user-interface/examples/svgDiagrams/onlyBefore_regular_before_action.svg,9110,52cd5f3a8666fcde56390fe0ff342bd5879f4182cbc2690fb87383b0002e3d7f,NASA FRET upstream source snapshot
vendor/fret/fret-electron/docs/_media/user-interface/examples/svgDiagrams/onlyBefore_regular_before_satisfaction.svg,1656,506fbb0c5c53e7f4813861ffd398b1dc28aa2f3d94eb96fd07bfdd128335b58f,NASA FRET upstream source snapshot
vendor/fret/fret-electron/docs/_media/user-interface/examples/svgDiagrams/onlyBefore_regular_eventually_action.svg,9071,7a013dfef0cd028217b1b02d8cd90384a4d19b7bfdec2e10b6b8e765d14088f1,NASA FRET upstream source snapshot
vendor/fret/fret-electron/docs/_media/user-interface/examples/svgDiagrams/onlyBefore_regular_eventually_satisfaction.svg,1395,9fc99ece7a2c4804dfdd444c8822886a74ff36b2e2eebed1e33e6df8b3703650,NASA FRET upstream source snapshot
vendor/fret/fret-electron/docs/_media/user-interface/examples/svgDiagrams/onlyBefore_regular_finally_satisfaction.svg,1618,775d9ece7b6808d9f011bdadcecdf4bd3a4146dbfdee2977bc2d75dc943a25b0,NASA FRET upstream source snapshot
vendor/fret/fret-electron/docs/_media/user-interface/examples/svgDiagrams/onlyBefore_regular_for_action.svg,9056,0f88d30b7b1f3f3e0e5b43f864852011b470304cb96362ba3dd15f4282e6714f,NASA FRET upstream source snapshot
vendor/fret/fret-electron/docs/_media/user-interface/examples/svgDiagrams/onlyBefore_regular_for_satisfaction.svg,1591,300654877a71d5a2e9b8db107642679eb70a66391bdcf07de50700dc68bcf1df,NASA FRET upstream source snapshot
vendor/fret/fret-electron/docs/_media/user-interface/examples/svgDiagrams/onlyBefore_regular_immediately_action.svg,7747,ced57d846826d182fb311cdfba31b37960c0af3f89f98657d242bde5993cb0aa,NASA FRET upstream source snapshot
vendor/fret/fret-electron/docs/_media/user-interface/examples/svgDiagrams/onlyBefore_regular_immediately_satisfaction.svg,1618,52173a68387dfc06fb904baaf1ab765f37829cf076ddb6cbcd5c5fec2e42211c,NASA FRET upstream source snapshot
vendor/fret/fret-electron/docs/_media/user-interface/examples/svgDiagrams/onlyBefore_regular_never_action.svg,9070,4329918a58d2a729cd27076df994eff4a5d9c5b3d18251dc5005293402fad0a4,NASA FRET upstream source snapshot
vendor/fret/fret-electron/docs/_media/user-interface/examples/svgDiagrams/onlyBefore_regular_never_satisfaction.svg,1401,367b269ff0294d7dbf2c457e506bdec4fa15e115c9e77155342c5736b0cdc1f6,NASA FRET upstream source snapshot
vendor/fret/fret-electron/docs/_media/user-interface/examples/svgDiagrams/onlyBefore_regular_next_action.svg,9057,035322795d3338081c60cece05979f3570b7db0fd8d6df8ddb0636156acbd8d0,NASA FRET upstream source snapshot
vendor/fret/fret-electron/docs/_media/user-interface/examples/svgDiagrams/onlyBefore_regular_next_satisfaction.svg,1684,7724a9dce7509d73e926172a23e17f944536808fa0ea0e8739228e8d0b1a4deb,NASA FRET upstream source snapshot
vendor/fret/fret-electron/docs/_media/user-interface/examples/svgDiagrams/onlyBefore_regular_null_action.svg,9071,7a013dfef0cd028217b1b02d8cd90384a4d19b7bfdec2e10b6b8e765d14088f1,NASA FRET upstream source snapshot
vendor/fret/fret-electron/docs/_media/user-interface/examples/svgDiagrams/onlyBefore_regular_null_satisfaction.svg,1395,9fc99ece7a2c4804dfdd444c8822886a74ff36b2e2eebed1e33e6df8b3703650,NASA FRET upstream source snapshot
vendor/fret/fret-electron/docs/_media/user-interface/examples/svgDiagrams/onlyBefore_regular_until_action.svg,9109,a73a0b17a3e8d828ab3bb52275d66b054a2f4954c793a2a657b7099e9c85d57f,NASA FRET upstream source snapshot
vendor/fret/fret-electron/docs/_media/user-interface/examples/svgDiagrams/onlyBefore_regular_until_satisfaction.svg,1675,eea29e45c2e2f14eb1576d5dc89903c7720f0fa4a0e2eaaa80f2be778f6e67f1,NASA FRET upstream source snapshot
vendor/fret/fret-electron/docs/_media/user-interface/examples/svgDiagrams/onlyBefore_regular_within_action.svg,9059,d0c1455e5b6c2f9e935d66e13419ecb664b726df7be648ea4e3dcecbb76d930c,NASA FRET upstream source snapshot
vendor/fret/fret-electron/docs/_media/user-interface/examples/svgDiagrams/onlyBefore_regular_within_satisfaction.svg,1572,71f58fa22e6394bf19b9839f27f68e737073b64661a5dd7e17afa2c72cfbbafd,NASA FRET upstream source snapshot
vendor/fret/fret-electron/docs/_media/user-interface/examples/svgDiagrams/onlyIn_holding_after_satisfaction.svg,2303,8dec3d2bcd4fa0111462c4bb34e621b9901b6d0bb38121de670de25875255746,NASA FRET upstream source snapshot
vendor/fret/fret-electron/docs/_media/user-interface/examples/svgDiagrams/onlyIn_holding_always_satisfaction.svg,1507,b23a13bdd8b8800b054064afecf4dee803e3c097b2256b8341e4a93a87ab7994,NASA FRET upstream source snapshot
vendor/fret/fret-electron/docs/_media/user-interface/examples/svgDiagrams/onlyIn_holding_before_satisfaction.svg,1749,f01f36f9cffc7a8ee19fca3c917d585d6f875fc24550eaa77450c52983085262,NASA FRET upstream source snapshot
vendor/fret/fret-electron/docs/_media/user-interface/examples/svgDiagrams/onlyIn_holding_eventually_satisfaction.svg,1488,03c182a003420a5947b455fdbeef77f6a444fe110629d09c279d5b8377109169,NASA FRET upstream source snapshot
vendor/fret/fret-electron/docs/_media/user-interface/examples/svgDiagrams/onlyIn_holding_finally_satisfaction.svg,1712,0bd6899071e2f5da4f54833e2b218de413dde77cc5ad08a29d7016e436a48c73,NASA FRET upstream source snapshot
vendor/fret/fret-electron/docs/_media/user-interface/examples/svgDiagrams/onlyIn_holding_for_satisfaction.svg,1683,92bb5d567bd661a27a778838c264fd651df1e30e713b9c87fa8971b1710564f2,NASA FRET upstream source snapshot
vendor/fret/fret-electron/docs/_media/user-interface/examples/svgDiagrams/onlyIn_holding_immediately_satisfaction.svg,1710,8be8de66949b417756146381cd885ebcbf07c2d41e487f3c8effae6d019da428,NASA FRET upstream source snapshot
vendor/fret/fret-electron/docs/_media/user-interface/examples/svgDiagrams/onlyIn_holding_never_satisfaction.svg,1494,a57cb8b3bcfa6abc6c83d864ef0118b1b0cd282060815a4de6726e7d847dc118,NASA FRET upstream source snapshot
vendor/fret/fret-electron/docs/_media/user-interface/examples/svgDiagrams/onlyIn_holding_next_satisfaction.svg,1775,f17720c36302bb67796d62b214680533617690dc56cdc3c8df56d91b78950028,NASA FRET upstream source snapshot
vendor/fret/fret-electron/docs/_media/user-interface/examples/svgDiagrams/onlyIn_holding_null_satisfaction.svg,1488,03c182a003420a5947b455fdbeef77f6a444fe110629d09c279d5b8377109169,NASA FRET upstream source snapshot
vendor/fret/fret-electron/docs/_media/user-interface/examples/svgDiagrams/onlyIn_holding_until_satisfaction.svg,1768,b872f61c5cf8cfa45ed3eb16766d037729950edf572151a53bc241d3dcef764d,NASA FRET upstream source snapshot
vendor/fret/fret-electron/docs/_media/user-interface/examples/svgDiagrams/onlyIn_holding_within_satisfaction.svg,1664,f6c643e6d149ed76c6025256c8088be594a813ef1a1d626331883ca157d37987,NASA FRET upstream source snapshot
vendor/fret/fret-electron/docs/_media/user-interface/examples/svgDiagrams/onlyIn_null_after_action.svg,9057,20e32991cf4ee94a3beac220541783dc9aae12c6caa1455e323c0cba292d02f5,NASA FRET upstream source snapshot
vendor/fret/fret-electron/docs/_media/user-interface/examples/svgDiagrams/onlyIn_null_after_satisfaction.svg,2852,7b4686abf76a116fc8c71520aac201d37bc83ba84c83764e4a8324e6d50ae022,NASA FRET upstream source snapshot
vendor/fret/fret-electron/docs/_media/user-interface/examples/svgDiagrams/onlyIn_null_always_action.svg,9059,77dadf5e6cc84d74c64af89c3d6f1ba8d5e1ad75a0d25ce12974ade264d40eb4,NASA FRET upstream source snapshot
vendor/fret/fret-electron/docs/_media/user-interface/examples/svgDiagrams/onlyIn_null_always_satisfaction.svg,1261,83dbfe9f275b834cb01732bfa151016701caf1fe0760230baebef102ad8b758d,NASA FRET upstream source snapshot
vendor/fret/fret-electron/docs/_media/user-interface/examples/svgDiagrams/onlyIn_null_before_action.svg,9160,97ae24005593c9ec2f8ed78698b6f6a967abff625532eda2fe69971985839e10,NASA FRET upstream source snapshot
vendor/fret/fret-electron/docs/_media/user-interface/examples/svgDiagrams/onlyIn_null_before_satisfaction.svg,1747,a8c2272577d68e31a2fae83bf8d76f64b9157bda01801a48cde82a8404e954d5,NASA FRET upstream source snapshot
vendor/fret/fret-electron/docs/_media/user-interface/examples/svgDiagrams/onlyIn_null_eventually_action.svg,9047,11aa26f1fe2d4cf400a6a029c9700be54ffad96050c6afeedcd506240d0f1582,NASA FRET upstream source snapshot
vendor/fret/fret-electron/docs/_media/user-interface/examples/svgDiagrams/onlyIn_null_eventually_satisfaction.svg,1223,c13ecb9e645fa68013424dd9d14d45568d0cf226ea57bba7fd6a87c1a1d3eb76,NASA FRET upstream source snapshot
vendor/fret/fret-electron/docs/_media/user-interface/examples/svgDiagrams/onlyIn_null_finally_satisfaction.svg,1670,549e1659e02b0bca18aa38c65cbe198405a2e0886a7b0c15425527e62f8ad8c9,NASA FRET upstream source snapshot
vendor/fret/fret-electron/docs/_media/user-interface/examples/svgDiagrams/onlyIn_null_for_action.svg,9053,37743f91639319c4e667f65e39f0608318bd1acecc1dcedb69903a3fff046e46,NASA FRET upstream source snapshot
vendor/fret/fret-electron/docs/_media/user-interface/examples/svgDiagrams/onlyIn_null_for_satisfaction.svg,1614,b2e8b3416ad91f8c62d89a22c068aaab2f4a2d2dd4779dc4490660d87b52246c,NASA FRET upstream source snapshot
vendor/fret/fret-electron/docs/_media/user-interface/examples/svgDiagrams/onlyIn_null_immediately_action.svg,9069,bd423c3f53cc4c17fbc34916582c90af0d43c0da2f12ad4b2ccb66bb0b71cd0a,NASA FRET upstream source snapshot
vendor/fret/fret-electron/docs/_media/user-interface/examples/svgDiagrams/onlyIn_null_immediately_satisfaction.svg,1668,d79c93119f66b98655a23e7c9b6255cc0c3a398e8d1f19674473a144f06f0ba2,NASA FRET upstream source snapshot
vendor/fret/fret-electron/docs/_media/user-interface/examples/svgDiagrams/onlyIn_null_never_action.svg,9045,cadf5b48492c7bdfbc61a009ceb5537b98906aedff42ff49fc74abfe702f2690,NASA FRET upstream source snapshot
vendor/fret/fret-electron/docs/_media/user-interface/examples/svgDiagrams/onlyIn_null_never_satisfaction.svg,1235,ea2e9ec3a03c41877688861b04cc16e3c78d4e85437ec74b996df2a64d5d34c7,NASA FRET upstream source snapshot
vendor/fret/fret-electron/docs/_media/user-interface/examples/svgDiagrams/onlyIn_null_next_action.svg,9055,b42d3f7b1d37f55fcae853e2ae511c31896d4021a30f886baee4b3481b4f19c2,NASA FRET upstream source snapshot
vendor/fret/fret-electron/docs/_media/user-interface/examples/svgDiagrams/onlyIn_null_next_satisfaction.svg,1799,f634ecf2ac8f82f6783f0997223c63ca1a37d051d643b9ee79dffc78ecc69beb,NASA FRET upstream source snapshot
vendor/fret/fret-electron/docs/_media/user-interface/examples/svgDiagrams/onlyIn_null_null_action.svg,9047,11aa26f1fe2d4cf400a6a029c9700be54ffad96050c6afeedcd506240d0f1582,NASA FRET upstream source snapshot
vendor/fret/fret-electron/docs/_media/user-interface/examples/svgDiagrams/onlyIn_null_null_satisfaction.svg,1223,c13ecb9e645fa68013424dd9d14d45568d0cf226ea57bba7fd6a87c1a1d3eb76,NASA FRET upstream source snapshot
vendor/fret/fret-electron/docs/_media/user-interface/examples/svgDiagrams/onlyIn_null_until_action.svg,9158,4691f403dce6881bade6c3637efe9031bfe18e1ca99ab6ae759f0bc158f6b44f,NASA FRET upstream source snapshot
vendor/fret/fret-electron/docs/_media/user-interface/examples/svgDiagrams/onlyIn_null_until_satisfaction.svg,1643,03f285e3950d8d65548c40b027057ba251541d541b71052c8b652fdc773fa509,NASA FRET upstream source snapshot
vendor/fret/fret-electron/docs/_media/user-interface/examples/svgDiagrams/onlyIn_null_within_action.svg,9059,0cb969a3a326760bd1381352b1a1017cda20e32c5b3878aa3c99b678edf7ac43,NASA FRET upstream source snapshot
vendor/fret/fret-electron/docs/_media/user-interface/examples/svgDiagrams/onlyIn_null_within_satisfaction.svg,1576,8e296017a953c4d67537f27333caa5a39b7fec020e70a3dbd6cc998e5f61ca2a,NASA FRET upstream source snapshot
vendor/fret/fret-electron/docs/_media/user-interface/examples/svgDiagrams/onlyIn_regular_after_action.svg,9114,f4eae7cdc2965371a5135a26cf7d8fb1cc1731e1a1d3b6ac0181b8a5a480110b,NASA FRET upstream source snapshot
vendor/fret/fret-electron/docs/_media/user-interface/examples/svgDiagrams/onlyIn_regular_after_satisfaction.svg,2303,f38603d800f3d62526598c3b5655f7f8881a3e09743f10e5f36fae91e3a8928a,NASA FRET upstream source snapshot
vendor/fret/fret-electron/docs/_media/user-interface/examples/svgDiagrams/onlyIn_regular_always_action.svg,9130,2b8f6320569b2ed79138a48336c651956ea9f111248c4088e1e37e9f513833c6,NASA FRET upstream source snapshot
vendor/fret/fret-electron/docs/_media/user-interface/examples/svgDiagrams/onlyIn_regular_always_satisfaction.svg,1507,c44e1cacc4766b98b1c3b6e363952fea2d26d49e46a06331435449657b7cb8c2,NASA FRET upstream source snapshot
vendor/fret/fret-electron/docs/_media/user-interface/examples/svgDiagrams/onlyIn_regular_before_action.svg,9165,a9e2994383d9035dab8b3ae58b27e50c87a0a57bfcdb45e6e8452cc426f14acf,NASA FRET upstream source snapshot
vendor/fret/fret-electron/docs/_media/user-interface/examples/svgDiagrams/onlyIn_regular_before_satisfaction.svg,1749,7bfdd4acd05ad11bca95de9e887d4ceeecbb56062dad45bf3826b21e94194c0f,NASA FRET upstream source snapshot
vendor/fret/fret-electron/docs/_media/user-interface/examples/svgDiagrams/onlyIn_regular_eventually_action.svg,9118,950f9e4025ac0852c1a995632a65e521ce82bb496beb0bac13ebc8ae61bab0fb,NASA FRET upstream source snapshot
vendor/fret/fret-electron/docs/_media/user-interface/examples/svgDiagrams/onlyIn_regular_eventually_satisfaction.svg,1488,5ee4afb7f96e19ba5030551a8735e650b33f839071fe78d6b4bd93b8f8d781ab,NASA FRET upstream source snapshot
vendor/fret/fret-electron/docs/_media/user-interface/examples/svgDiagrams/onlyIn_regular_finally_satisfaction.svg,1712,b0e345d7d7ada36a532eeb142274fb46261cf5884536876e5d24408b2d758ee8,NASA FRET upstream source snapshot
vendor/fret/fret-electron/docs/_media/user-interface/examples/svgDiagrams/onlyIn_regular_for_action.svg,9112,10fb914852640eb0c602c66f0658150be0ea817ee6be0993ee2fcf1e377cfcbb,NASA FRET upstream source snapshot
vendor/fret/fret-electron/docs/_media/user-interface/examples/svgDiagrams/onlyIn_regular_for_satisfaction.svg,1683,72801368ae7ee70c22eac98954b7e01ac9ccc7280cfad2c805182d24f9276bc6,NASA FRET upstream source snapshot
vendor/fret/fret-electron/docs/_media/user-interface/examples/svgDiagrams/onlyIn_regular_immediately_action.svg,9120,461c3f79670337408729b01d63618cb23622abe33cefaf3d93fe9d042f85da26,NASA FRET upstream source snapshot
vendor/fret/fret-electron/docs/_media/user-interface/examples/svgDiagrams/onlyIn_regular_immediately_satisfaction.svg,1710,2dea42122cad324aef625e12c4103d6b954f8374e2fa5232b8f31f420751a7dc,NASA FRET upstream source snapshot
vendor/fret/fret-electron/docs/_media/user-interface/examples/svgDiagrams/onlyIn_regular_never_action.svg,9116,9ee05f15b35dd88c62b829181725b6d5afa1802ba971fdbb63f5beb40e5ef8f0,NASA FRET upstream source snapshot
vendor/fret/fret-electron/docs/_media/user-interface/examples/svgDiagrams/onlyIn_regular_never_satisfaction.svg,1494,abbdedc0b4224d9971d563531636670e21ba28b9f10944ac4735061ac6183f39,NASA FRET upstream source snapshot
vendor/fret/fret-electron/docs/_media/user-interface/examples/svgDiagrams/onlyIn_regular_next_action.svg,9113,38040a8427a8e7c62c760a6df7174189c74f2cbdb54f0db7b40b265a35de5404,NASA FRET upstream source snapshot
vendor/fret/fret-electron/docs/_media/user-interface/examples/svgDiagrams/onlyIn_regular_next_satisfaction.svg,1775,f8dd9946a478464eed9526df8a161579d20a4d754a2e96c81637ac719a0d8429,NASA FRET upstream source snapshot
vendor/fret/fret-electron/docs/_media/user-interface/examples/svgDiagrams/onlyIn_regular_null_action.svg,9118,950f9e4025ac0852c1a995632a65e521ce82bb496beb0bac13ebc8ae61bab0fb,NASA FRET upstream source snapshot
vendor/fret/fret-electron/docs/_media/user-interface/examples/svgDiagrams/onlyIn_regular_null_satisfaction.svg,1488,5ee4afb7f96e19ba5030551a8735e650b33f839071fe78d6b4bd93b8f8d781ab,NASA FRET upstream source snapshot
vendor/fret/fret-electron/docs/_media/user-interface/examples/svgDiagrams/onlyIn_regular_until_action.svg,9164,167bd40f83d3280872a0dff63c455e527f9d0bd78ae7f6060816c218d19dc5ab,NASA FRET upstream source snapshot
vendor/fret/fret-electron/docs/_media/user-interface/examples/svgDiagrams/onlyIn_regular_until_satisfaction.svg,1768,7588fdb02c179d4335d695e9bde539eeaecea066f85478e80d0f65e03e700336,NASA FRET upstream source snapshot
vendor/fret/fret-electron/docs/_media/user-interface/examples/svgDiagrams/onlyIn_regular_within_action.svg,9115,a2ec5d0a28baed82958755459679c3647565dc15a78c06014a1eb6358bed7920,NASA FRET upstream source snapshot
vendor/fret/fret-electron/docs/_media/user-interface/examples/svgDiagrams/onlyIn_regular_within_satisfaction.svg,1664,c72c06e8580fdb2d8c48da296556a9f199110c3d63de9821f5a65f95a5d14370,NASA FRET upstream source snapshot
vendor/fret/fret-electron/docs/_media/user-interface/examples/svgDiagrams/svgTemplates.svg,8636,a34850b3278739f2cf1a8aad9296650ac5496f37f95b4a41231b6abdf6b451ce,NASA FRET upstream source snapshot
vendor/fret/fret-electron/docs/_media/user-interface/examples/table.md,1774,a23db957fbe3ec61da9477ad2446f02b66f540226800d9d60ee72a1866e5918e,NASA FRET upstream source snapshot
vendor/fret/fret-electron/docs/_media/user-interface/examples/temporal_condition_explanations.md,5888,ca31baa7023c1bc2eea0c347513d8e738e40ea8bd3628b4c8c641b477fbe8377,NASA FRET upstream source snapshot
vendor/fret/fret-electron/docs/_media/user-interface/examples/timing.md,3049,5aabd848413a617fe08811a6774960ad4c675eb32ef5d78e657c966ee0d2ba04,NASA FRET upstream source snapshot
vendor/fret/fret-electron/docs/_media/user-interface/exportImport/export.md,1692,e3d8177ada2a5bff64b4c22b7127d99900f042c67389d4692be688549750157e,NASA FRET upstream source snapshot
vendor/fret/fret-electron/docs/_media/user-interface/exportImport/import.md,2232,b8c9fcf7c9e5ff745841076985ff9562a3352edae920a7ad8cfd012c92e92f22,NASA FRET upstream source snapshot
vendor/fret/fret-electron/docs/_media/user-interface/external/ext_tools.md,3052,5c911ad8de241c62041d1cd9203666cde82dd3c4ccce5ec5f8983dc4dd3308f2,NASA FRET upstream source snapshot
vendor/fret/fret-electron/docs/_media/user-interface/tutorial.md,3186,28b3d79aa31509d71e815fac9fe3f407fe6542e400a6b7d16e3a4846ff322aa4,NASA FRET upstream source snapshot
vendor/fret/fret-electron/docs/_media/user-interface/writingReqs.md,9286,d93b8bea6d14ba89f6df5f8fd9c433ae62fbcbeb07cc955f61017d98c9206c9b,NASA FRET upstream source snapshot
vendor/fret/fret-electron/docs/_media/userManual.md,2341,6958520d979e31c2566cb32405f58895179e454460b25daf748d38ed613752a0,NASA FRET upstream source snapshot
vendor/fret/fret-electron/docs/salt_docs/installing_SALT.md,1804,687d2cb7faf679d246999ebd9fb53f18a0dc2b61de855b90ae30236cfb10bc5f,NASA FRET upstream source snapshot
vendor/fret/fret-electron/flow-typed/module_vx.x.x.js,59,29f40fd72bb7124dbc7ba01378eecd09e4ed90d9e74a29a727c16c4598b34cd8,NASA FRET upstream source snapshot
vendor/fret/fret-electron/internals/flow/CSSModule.js.flow,58,f678a9d4e161825ae6068154c0730e5b1e80920b982ea2223647c3a315d6b66d,NASA FRET upstream source snapshot
vendor/fret/fret-electron/internals/flow/WebpackAsset.js.flow,39,a9f8051a0e9f3d30b89a028807401dbb7969542c42f02533bbe76f19ba95c483,NASA FRET upstream source snapshot
vendor/fret/fret-electron/internals/img/eslint-padded-90.png,6742,14f56133f4460dc7814e2650c62c97ded3f808ef4567b94d02bb2c0896bc6022,NASA FRET upstream source snapshot
vendor/fret/fret-electron/internals/img/eslint-padded.png,9731,4fcef507a457c8ee5fd4065f09716570cb4f492f46e3fa2fef973b4a4143e190,NASA FRET upstream source snapshot
vendor/fret/fret-electron/internals/img/eslint.png,10125,3fc4e2a5d210ed08384edd8b0959fd29ff0ee05a3b80c75c26a32c5d21669216,NASA FRET upstream source snapshot
vendor/fret/fret-electron/internals/img/flow-padded-90.png,5380,c23a26602f43d942e4a89c5065393bd686af05b7ffb3b94f79906cf8be66513d,NASA FRET upstream source snapshot
vendor/fret/fret-electron/internals/img/flow-padded.png,5737,3b375fed8e31e47b44bcc166c47bea8a8c53c12ad917a0284822c1e001309e9f,NASA FRET upstream source snapshot
vendor/fret/fret-electron/internals/img/flow.png,6364,20ffad6f34b393e40b3fef1cc2ef18927117c688c6c5ad42bb8f7289b0a19d13,NASA FRET upstream source snapshot
vendor/fret/fret-electron/internals/img/jest-padded-90.png,3131,0e1c9a65ce18477fcec5806cfd2e502d347e9b5999cfe70f584ed81fb7f7d607,NASA FRET upstream source snapshot
vendor/fret/fret-electron/internals/img/jest-padded.png,3965,03ac95c95582b493c815a8c550aebc4d6e6d02999d864283f46826402662238e,NASA FRET upstream source snapshot
vendor/fret/fret-electron/internals/img/jest.png,3821,ebcfa6480527ddf9398acc041b5939f6b33189a207be9cbc7d25005c9cdbcc5b,NASA FRET upstream source snapshot
vendor/fret/fret-electron/internals/img/js-padded.png,4680,e6b74520f73f2b6137ed8536f04739ebe33512c3aafe93a9e750afbed1934bdf,NASA FRET upstream source snapshot
vendor/fret/fret-electron/internals/img/js.png,5128,bf30ba99fd722a08fe57a5710c28a34794e88dfcbc70a3c347540f9e7f69b3e7,NASA FRET upstream source snapshot
vendor/fret/fret-electron/internals/img/npm.png,2455,46a86fe69b17573b2c46b53a1254bd91bfc6e3f0b0544b01a58373938abbed90,NASA FRET upstream source snapshot
vendor/fret/fret-electron/internals/img/react-padded-90.png,4068,384d2ea55d86652270ab2fb4cc3d1ebba8ef1a845ad830006eb42670d004d38f,NASA FRET upstream source snapshot
vendor/fret/fret-electron/internals/img/react-padded.png,5124,a3b1dc6ac46acb4463a6d916416b14ed0cbb4bcbe0d4a63fe14ca0d0b4732494,NASA FRET upstream source snapshot
vendor/fret/fret-electron/internals/img/react-router-padded-90.png,6514,d768c63ef6877d0e0112d51478b54fd209dbc63c935f4669d13e219d90dbac91,NASA FRET upstream source snapshot
vendor/fret/fret-electron/internals/img/react-router-padded.png,4801,5dd91d6318ed51ce25a1e14b1134132c8076545cc8089e5641a96194fba790f0,NASA FRET upstream source snapshot
vendor/fret/fret-electron/internals/img/react-router.png,4640,1f5318f56d72814e51438a81fab314ada502e0cbef3b51c6ad331f5485e3b471,NASA FRET upstream source snapshot
vendor/fret/fret-electron/internals/img/react.png,5639,5b9edc9d0557d45e9ddbad81b29ec9f033a81614cb078da8d3585de319d0baf1,NASA FRET upstream source snapshot
vendor/fret/fret-electron/internals/img/redux-padded-90.png,13160,f742d7ff962135746ef31737dee6155ae1ef198cdac35382c646363c6b7dcc7d,NASA FRET upstream source snapshot
vendor/fret/fret-electron/internals/img/redux-padded.png,19243,026b754b0ccbca0e935690170084fcea925c689787f2cddbda88f8fb038a759c,NASA FRET upstream source snapshot
vendor/fret/fret-electron/internals/img/redux.png,20464,8226bf2b224d49ab8cd722d7160ddd369368b3218adb628ccb66f80339641cc3,NASA FRET upstream source snapshot
vendor/fret/fret-electron/internals/img/webpack-padded-90.png,3979,94e551097c16df49753967d70d63a602c7c71718a9cc42e14f2c79cb3da8f94a,NASA FRET upstream source snapshot
vendor/fret/fret-electron/internals/img/webpack-padded.png,4999,262c6a477577e494894040fac0dee628d34ba169f6d81816d6d65c6f30cc9767,NASA FRET upstream source snapshot
vendor/fret/fret-electron/internals/img/webpack.png,5576,d53c7a8e1e8656ed2b9f28452effb5242b0be580d047762f0134e59c10f4c02e,NASA FRET upstream source snapshot
vendor/fret/fret-electron/internals/img/yarn-padded-90.png,6264,88753c10a2a14a8aa5754bfc7dc9a0cc7cd4ecb099cb171115cc3336c7f5e3ed,NASA FRET upstream source snapshot
vendor/fret/fret-electron/internals/img/yarn-padded.png,6613,f751ababf9369c5580500d0acf94ae54f70696537fee4b3a3015542d13e4dbbb,NASA FRET upstream source snapshot
vendor/fret/fret-electron/internals/img/yarn.png,2181,86cec35d6a9e3ef035b9789430908b669710216eeb1eee33ceac903e69b1a4d5,NASA FRET upstream source snapshot
vendor/fret/fret-electron/internals/mocks/fileMock.js,806,2c3e29275ecf6874327d657b0d979ec478223ba1a994be184b7908b6a29fb7f6,NASA FRET upstream source snapshot
vendor/fret/fret-electron/internals/scripts/CheckBuiltsExist.js,1479,911faf99e8edae960e34a98dd32ae0dec92e12868ca192bcff0a1b6c30fa2b32,NASA FRET upstream source snapshot
vendor/fret/fret-electron/internals/scripts/CheckNativeDep.js,2757,8823e6d8fbf1952d9d30a4f4b1c8d3de74327257a2807b85ef38c547d72a0136,NASA FRET upstream source snapshot
vendor/fret/fret-electron/internals/scripts/CheckNodeEnv.js,1141,1b6938be20c34f1ebc80a0ec1e4aafe544844b27b18cd9ed1141829022798d55,NASA FRET upstream source snapshot
vendor/fret/fret-electron/internals/scripts/CheckPortInUse.js,1242,6574e797fbe53b08b75ebf2b075a0de9f43d0b3a2f38c78cd0ecdd41ae852cc9,NASA FRET upstream source snapshot
vendor/fret/fret-electron/internals/scripts/ElectronRebuild.js,1464,6e9aa1e5a118521963d088d4eb75695374fde9588470a9451e8085b57cfaed08,NASA FRET upstream source snapshot
vendor/fret/fret-electron/internals/scripts/RunTests.js,1114,d3b118fba68012efaa9241e750613e68bdb7a3c0df00143a408d118ea47d3a52,NASA FRET upstream source snapshot
vendor/fret/fret-electron/model/FretModel.js,52534,8bf957e24d36a8383461b3a6e60e1df1eb9f53a70688538a834b6fcca7747893,NASA FRET upstream source snapshot
vendor/fret/fret-electron/model/fretDB.js,4560,a4d2fd31fd555bd64bfa4565519b6a338ac0cc79bbb0643b96f435bdba2d9aef,NASA FRET upstream source snapshot
vendor/fret/fret-electron/model/fretDbSupport/analysisTabSupport.js,11318,f376e6fa142fbdcc0ac17ba0719a47a4eaa5d4bff328e467f51af84e6ed68496,NASA FRET upstream source snapshot
vendor/fret/fret-electron/model/fretDbSupport/checkDBFormat.js,1025,721fab54e5248cd4af26f8a5f8c5e4d57a17faa4418ca4738687221c30dfe918,NASA FRET upstream source snapshot
vendor/fret/fret-electron/model/fretDbSupport/deleteRequirements_main.js,1406,d89d350f4e408fbf6de73671bbcd699c85f06b48f0a1ba3028690048d78538bd,NASA FRET upstream source snapshot
vendor/fret/fret-electron/model/fretDbSupport/fretDbGetters_main.js,2113,1d50c825ae6eb701265ab1c845ab0041038fc6ee66e93555b260c0f308398890,NASA FRET upstream source snapshot
vendor/fret/fret-electron/model/fretDbSupport/fretDbSetters_main.js,4269,3ca5b6e7cd89f7968eb81235acb051cdfa6e59a1afd952a1919c026f7c27dfac,NASA FRET upstream source snapshot
vendor/fret/fret-electron/model/modelDbSupport/deleteVariables_main.js,4347,3bbb52c5dbbbed6ffad11bd047853a8674de42ee2edbf37931d622c3cefcbf7e,NASA FRET upstream source snapshot
vendor/fret/fret-electron/model/modelDbSupport/modelDbGetters_main.js,1023,48dd1e28d35a20e506da71c290e802ae5b30f13ea4cb5269f25c25d87f50623d,NASA FRET upstream source snapshot
vendor/fret/fret-electron/model/modelDbSupport/modelDbSetters_main.js,2314,7a8e32b5b3e090bc35e436db7c433fc81b35a55564fb3a53d0ff55326bea9578,NASA FRET upstream source snapshot
vendor/fret/fret-electron/model/modelDbSupport/populateVariables_main.js,6141,32e861afd6f0868a9f1b11c186586f08b3e703aea988b31bd412097415bc2798,NASA FRET upstream source snapshot
vendor/fret/fret-electron/model/modelDbSupport/variableMappingSupports.js,14525,90a62711ed91ff480b0005aea639b69d6b88311728527f518a4fe148d7809822,NASA FRET upstream source snapshot
vendor/fret/fret-electron/model/realizabilitySupport/realizabilityUtils.js,24003,bf345776f78ad6a2d04207c7130324b96aec6b07623186cc0781d85c0a83387d,NASA FRET upstream source snapshot
vendor/fret/fret-electron/model/requirementsImport/convertAndImportRequirements_main.js,6018,c578e0626e7ba47327262ecabdef67f5a31687e6ce8e3b639d4f629bf9727a7a,NASA FRET upstream source snapshot
vendor/fret/fret-electron/model/testGenSupport/testGenUtils.js,23205,6f731c01c99e4c66c96ef03c6b8e3a2441f3a19ee743606652c2794b9bbd70b4,NASA FRET upstream source snapshot
vendor/fret/fret-electron/package-lock.json,1386643,4704edc16961f75f6b21c0c3c53c13dbda41dead7d8b6a9dd9761e49dd6072b3,NASA FRET upstream source snapshot
vendor/fret/fret-electron/package.json,11030,0294d3e765d8ff307612ace219ea97fb10d9a4b4668e50609e8568053d58c357,NASA FRET upstream source snapshot
vendor/fret/fret-electron/playwright.config.js,2658,af7e0a282bd2e8cb0dea02097d30d0db11f9cc0ac355e0529c61faf29529450c,NASA FRET upstream source snapshot
vendor/fret/fret-electron/resources/icon.icns,111909,6db2814c193690d44e7b7aa1c8e0949534315e2a7cba55f830c31f97a417de59,NASA FRET upstream source snapshot
vendor/fret/fret-electron/resources/icon.ico,370070,85a2e74eb26be765a4aa777a39f79bb940f5e21b550b31c3f150a7ff80437bdb,NASA FRET upstream source snapshot
vendor/fret/fret-electron/resources/icon.png,32456,227baae3545eaaf1b4c929b557c80b8b48f77118478511efbda468efb89cffe6,NASA FRET upstream source snapshot
vendor/fret/fret-electron/resources/icons/1024x1024.png,159736,e4b9b8de0ec21096639322371ff218e39407e7cbdf016162d2c07feb99f7626d,NASA FRET upstream source snapshot
vendor/fret/fret-electron/resources/icons/128x128.png,17611,10a98c06439bdc33fd6b7ffb6f3ae28a3c150b5e1aac989bb60d71a613f47693,NASA FRET upstream source snapshot
vendor/fret/fret-electron/resources/icons/16x16.png,954,ac1d4716fef9dc3011b28d07cd171fbdc76bafd5fc16a2762fa6df840fe2e61c,NASA FRET upstream source snapshot
vendor/fret/fret-electron/resources/icons/24x24.png,1907,7b64d38adcace8410b5d57c4001cf53a6c6acc5c86fe697bfd4d0d0efdd7d94e,NASA FRET upstream source snapshot
vendor/fret/fret-electron/resources/icons/256x256.png,32456,227baae3545eaaf1b4c929b557c80b8b48f77118478511efbda468efb89cffe6,NASA FRET upstream source snapshot
vendor/fret/fret-electron/resources/icons/32x32.png,2017,ab36e4accfe518dc969b8f2c6d41d0a1d78faf7359ad1e71bd2bd70972ab9f0f,NASA FRET upstream source snapshot
vendor/fret/fret-electron/resources/icons/48x48.png,5159,914275aa36f72f1c11c26eb64c4e084a785d64ab0ac9500d4d38c63d028bdd7f,NASA FRET upstream source snapshot
vendor/fret/fret-electron/resources/icons/512x512.png,79296,74cc050e39934bdf2960a4c14d703c7fc2c8a80a79dbd211fcce429454adb74e,NASA FRET upstream source snapshot
vendor/fret/fret-electron/resources/icons/64x64.png,7454,345769d914aa7e09db98538a9278f7fa871de8fea2bec04c2e4f0ac4a032aa70,NASA FRET upstream source snapshot
vendor/fret/fret-electron/resources/icons/96x96.png,12526,cd72026acabe00f64658be79e9048af23852372fcfd98bedeea987616e14b305,NASA FRET upstream source snapshot
vendor/fret/fret-electron/support/ASTAnalyzer.js,10231,5f50d7b8be55946559b8959c9f3edfa9169f3a2cfbfd8e02570450ebf8cd62bb,NASA FRET upstream source snapshot
vendor/fret/fret-electron/support/ASTSemantics.js,4089,818570297ad7f53debf7a8b4c8cc0d3fc108f9bafc9e9659a053d98e8a0b3660,NASA FRET upstream source snapshot
vendor/fret/fret-electron/support/CoCoSpecTemplates/Complete.ejs,382,cd66f3823998b0947811278de0d2008b6e87f976ec4cb103149d0d5b82aa0086,NASA FRET upstream source snapshot
vendor/fret/fret-electron/support/CoCoSpecTemplates/ContractSignature.ejs,336,ee84f021400b3bd3de78c2a271fe8793df1da52a95935fb9299206e5bca03134,NASA FRET upstream source snapshot
vendor/fret/fret-electron/support/CoCoSpecTemplates/InternalVariables.ejs,435,ce47993e24f1f712d52d78e5af56933c5abe1d2a084d857014beb44056e0714e,NASA FRET upstream source snapshot
vendor/fret/fret-electron/support/CoCoSpecTemplates/PropertyDefinitions.ejs,306,c5e3e8f78bd317cdab0ddbaa1b894ac2ee089097e1050294e6ddf8e789361f8c,NASA FRET upstream source snapshot
vendor/fret/fret-electron/support/CoCoSpecTemplates/ejsCache.js,1740,0f87b562e694b5156372797fd23f59c2696689e9c4df10cf824cce45fefc1108,NASA FRET upstream source snapshot
vendor/fret/fret-electron/support/CoPilotTemplates/Complete.ejs,307,b72576451c5c2a0fc049b4dbefc017c2c0252f8dcae719801c2a97cb905d96f3,NASA FRET upstream source snapshot
vendor/fret/fret-electron/support/CoPilotTemplates/Component.ejs,30,c6276b46f0bc1dc330572fb09eab27b762a525a30c5bb98e91c221bb18020427,NASA FRET upstream source snapshot
vendor/fret/fret-electron/support/CoPilotTemplates/Functions.ejs,284,eaebe89dd3f545b7cf239e5d852d7712a58e282f56af9afa3e17186f10534567,NASA FRET upstream source snapshot
vendor/fret/fret-electron/support/CoPilotTemplates/InternalVariables.ejs,512,0e0ace116a87ce2438b576dfe11d79a91527cdd8ad68c86fcd732dbbddb332ee,NASA FRET upstream source snapshot
vendor/fret/fret-electron/support/CoPilotTemplates/OtherVariables.ejs,612,23c7588cccd308cec62f5c12dda0bd80963ccf5ebf601cbe585723334149d13d,NASA FRET upstream source snapshot
vendor/fret/fret-electron/support/CoPilotTemplates/RequirementDefinitions.ejs,562,8e33ba2fe4700991da9ad4900fce8162f9d1163a2ba0de2c58f2870116bb6304,NASA FRET upstream source snapshot
vendor/fret/fret-electron/support/CoPilotTemplates/ejsCacheCoPilot.js,1514,af042f6680409df2e16ebded765848bf523d0e017f7e0c8dcdb8d8da09a5fad3,NASA FRET upstream source snapshot
vendor/fret/fret-electron/support/CommonTemplates/AdditionalOperatorsNotUsed.ejs,1241,ad40919a5e8f95ee7a212dd78dd7f93eb62b6f547c17bd33e079028842155bdb,NASA FRET upstream source snapshot
vendor/fret/fret-electron/support/CommonTemplates/DelayOperators.ejs,1348,51ef430e2a01136cc18c0bd9717704391071c228238c4f085f253da31fbcd8e4,NASA FRET upstream source snapshot
vendor/fret/fret-electron/support/CommonTemplates/LibraryOfOperators.ejs,2781,6950a15702823923f685c283c94b912bd70197ec8b4f14a94b43733d7bf076a5,NASA FRET upstream source snapshot
vendor/fret/fret-electron/support/CommonTemplates/ModeDefinitions.ejs,113,cd82abb6bf86c4383a58d35f49a0fae84b2042f7b054f8c4bd45888d6cc55f16,NASA FRET upstream source snapshot
vendor/fret/fret-electron/support/CommonTemplates/ModeDefinitionsOptimized.ejs,211,d02e044f2f23b5b952a874bdb04099af783f972b6d5911186a5df6e43a20b1e3,NASA FRET upstream source snapshot
vendor/fret/fret-electron/support/CopilotParser/CopilotLexer.g4,2664,5769498ae0d262c83f7c0a239217004b4479cb31197e79e335c52776019eb440,NASA FRET upstream source snapshot
vendor/fret/fret-electron/support/CopilotParser/CopilotLexer.interp,14621,a19c1cb5ebe6a036ceb30e97ad0fc6099a10cddfdf942a09beecfa57df1bce54,NASA FRET upstream source snapshot
vendor/fret/fret-electron/support/CopilotParser/CopilotLexer.js,26453,cdc0e1db274f6eb17073e19b6dd32fe8e8c2cc88c531a3c9ea7d7185aead4610,NASA FRET upstream source snapshot
vendor/fret/fret-electron/support/CopilotParser/CopilotLexer.tokens,602,17e9fb6e5d484d27b3d697f43e574bec8ca42663a9830ba3ff62dfecccd0fb6d,NASA FRET upstream source snapshot
vendor/fret/fret-electron/support/CopilotParser/CopilotParser.g4,3740,806e823299b12769bf82ab44223913f292a98c77a42d22ed5faa8dd016c6ccfd,NASA FRET upstream source snapshot
vendor/fret/fret-electron/support/CopilotParser/CopilotParser.interp,5043,d76870d8905ed08f5ae5d199ce8b960e686d4fc411f192cddf0626b676f5f501,NASA FRET upstream source snapshot
vendor/fret/fret-electron/support/CopilotParser/CopilotParser.js,58056,8f442efaa3b350c4ec4eab11176d3e497c70243a23f262246026f28cac3bf8ed,NASA FRET upstream source snapshot
vendor/fret/fret-electron/support/CopilotParser/CopilotParser.tokens,602,17e9fb6e5d484d27b3d697f43e574bec8ca42663a9830ba3ff62dfecccd0fb6d,NASA FRET upstream source snapshot
vendor/fret/fret-electron/support/CopilotParser/CopilotParserListener.js,7720,58dc7d23e05f51e77d86f704d016cf31423f4cb12206a5384a512e6894ab9e8b,NASA FRET upstream source snapshot
vendor/fret/fret-electron/support/LTLParser/LTL.g4,3227,6ab6fc8d07005da4c91d1096d26620bdffa822413e5d44c65e10a126ef17e2f7,NASA FRET upstream source snapshot
vendor/fret/fret-electron/support/LTLParser/LTLASTAnalyzer.js,8240,1bac1d891f3afe4143c1f1b13b0f8926d85e34173618fcdd9cfcf578df543201,NASA FRET upstream source snapshot
vendor/fret/fret-electron/support/LTLParser/LTLASTSemantics.js,12347,aca3c104932ed76977bdca76e17c5e02c5f279e1e84fd5616c42104761454adc,NASA FRET upstream source snapshot
vendor/fret/fret-electron/support/LTLParser/LTLLexer.js,21928,adfdd6e201c25eac91b17bc21eb5503d51addf368dc2fb4e217a5511ffe20882,NASA FRET upstream source snapshot
vendor/fret/fret-electron/support/LTLParser/LTLListener.js,9781,d7a978477f87f7a00d21ba7d042c6d7c30b729b293211a799a8fa396dc28f8a6,NASA FRET upstream source snapshot
vendor/fret/fret-electron/support/LTLParser/LTLParser.js,103447,ec57f12856538fed29a05f61e9d7148792e1d0c81fdce77def9d4aa66ce527b9,NASA FRET upstream source snapshot
vendor/fret/fret-electron/support/LTLParser/LTLVisitor.js,6840,f9925411b9300c9627eec2ade26b0ac3a2a1e22643ba7aa0d6cbc2ac45a93134,NASA FRET upstream source snapshot
vendor/fret/fret-electron/support/LTLSIM_NuSMVParser/LTLAEX.g4,1989,435495c1d697a14ef73e3ecda5cb3286e25918ad788328aa85c80d25741bd458,NASA FRET upstream source snapshot
vendor/fret/fret-electron/support/LTLSIM_NuSMVParser/LTLAEX.tokens,214,3eea209ddeb05d1dd290676ae4355763166dddb02ad6382c2e1362f77fc4faa2,NASA FRET upstream source snapshot
vendor/fret/fret-electron/support/LTLSIM_NuSMVParser/LTLAEXLexer.js,9201,fa8f219b3916a6b840309ea6aa6d83663f3863b4f4e8a319c0405c6e7515c0a9,NASA FRET upstream source snapshot
vendor/fret/fret-electron/support/LTLSIM_NuSMVParser/LTLAEXLexer.tokens,214,3eea209ddeb05d1dd290676ae4355763166dddb02ad6382c2e1362f77fc4faa2,NASA FRET upstream source snapshot
vendor/fret/fret-electron/support/LTLSIM_NuSMVParser/LTLAEXListener.js,5344,b98be0bc580d83f54bf8dccff67f0fa7be7e34380a0fa59cb18bafb67f30dfa2,NASA FRET upstream source snapshot
vendor/fret/fret-electron/support/LTLSIM_NuSMVParser/LTLAEXParser.js,43747,2c0570b150b67966f8233c53bc0e8ee6484ea06abf45e5be4fe47b132e4c27a8,NASA FRET upstream source snapshot
vendor/fret/fret-electron/support/LTLSIM_NuSMVParser/LTLAEXVisitor.js,3908,2a56e46ff770fb96045d1433760b92fe8bc024dcea9d6562de7a78c485e2b69f,NASA FRET upstream source snapshot
vendor/fret/fret-electron/support/LTLSIM_NuSMVParser/LTLSIM_NuSMV.g4,5300,e7e83b645bb95037238b1d4998f89258b0eb91d154732b9cf2d6ce6a922bdea8,NASA FRET upstream source snapshot
vendor/fret/fret-electron/support/LTLSIM_NuSMVParser/LTLSIM_NuSMVLexer.js,31712,a052bd74ea00257a82a847d7a1d88d0bab3504b39489064f7665a15c10c9fd27,NASA FRET upstream source snapshot
vendor/fret/fret-electron/support/LTLSIM_NuSMVParser/LTLSIM_NuSMVListener.js,14883,b12dfa8ad52dbd2b0abaac189bcbe9b368ba06dd8a940b0cda0d7abc6066e2d7,NASA FRET upstream source snapshot
vendor/fret/fret-electron/support/LTLSIM_NuSMVParser/LTLSIM_NuSMVParser.js,138259,bd110743dcffc8202e0f8066b909d9723644961f826452a16b9441d2afc72656,NASA FRET upstream source snapshot
vendor/fret/fret-electron/support/LTLSIM_NuSMVParser/LTLSIM_NuSMVVisitor.js,9840,203c468cd483deafcb624712e1c4fb1db488cfd7944d02264a4e48e9775cccff,NASA FRET upstream source snapshot
vendor/fret/fret-electron/support/LTLSIM_NuSMVParser/Makefile,130,18fe4fa4c75d0f332a9ef8fb09f1393f868bf2154537931e3eb97046a0949a09,NASA FRET upstream source snapshot
vendor/fret/fret-electron/support/LTLSIM_NuSMVParser/index.js,1362,26d95db8bc989b9660db6507f7d93262c7a716106d48f2e55645db46b5c3c704,NASA FRET upstream source snapshot
vendor/fret/fret-electron/support/LTLSIM_NuSMVParser/package.json,361,8d9f045a021a1cbcbed0105e4f29d52f9e4e8bda5d4f989e39dca3dd37c5d119,NASA FRET upstream source snapshot
vendor/fret/fret-electron/support/LustreExpressionsParser/LustreExpressions.g4,1559,011db9a59e276f1bd2a457c3fd31ac8d359b7219bafa55e6d9a292764f314d5a,NASA FRET upstream source snapshot
vendor/fret/fret-electron/support/LustreExpressionsParser/LustreExpressionsLexer.js,14755,a9d4d1f37b6942ce38c5080414424864791f1d092afbb497c4a61069b7e5ece0,NASA FRET upstream source snapshot
vendor/fret/fret-electron/support/LustreExpressionsParser/LustreExpressionsListener.js,1874,4b02720486a17707c79eef624cb937a0daa4b5832a3ae3d95c1f2a374f1273b2,NASA FRET upstream source snapshot
vendor/fret/fret-electron/support/LustreExpressionsParser/LustreExpressionsParser.js,27823,ecfd3d75552a0896ec055c2ed5c769a6dc741a8611acf801b4c03b7adddd7434,NASA FRET upstream source snapshot
vendor/fret/fret-electron/support/LustreExpressionsParser/expr/ArrayAccessExpr.js,1039,cf514fe6581f0c7d27d854436dc9b7fc5066a14e5f054923ee05e9e566ff7caa,NASA FRET upstream source snapshot
vendor/fret/fret-electron/support/LustreExpressionsParser/expr/ArrayExpr.js,1008,0601d6313d830f0cab009e6ded1f1fef34b1ae81878c36637011e6ed1993fc5a,NASA FRET upstream source snapshot
vendor/fret/fret-electron/support/LustreExpressionsParser/expr/ArrayUpdateExpr.js,1068,7bcc6ccc5837e509b6a4c1b4af2931373bc94aa3151714da6da8058461c7b821,NASA FRET upstream source snapshot
vendor/fret/fret-electron/support/LustreExpressionsParser/expr/BinaryExpr.js,1047,ce3f90a0ba88f88a95b903b42c00ea24c5898fe19c6f6980b5bfc2371aca9bed,NASA FRET upstream source snapshot
vendor/fret/fret-electron/support/LustreExpressionsParser/expr/BinaryOp.js,1326,a1ace21a154354be766b2dfd1ab22baeb11b33171f1e1e8e1215cc49253b32eb,NASA FRET upstream source snapshot
vendor/fret/fret-electron/support/LustreExpressionsParser/expr/BoolExpr.js,997,31d65207a85b55e694273fc81f14a5fd5d1dc8a7892ce44060920d37ec10eb6c,NASA FRET upstream source snapshot
vendor/fret/fret-electron/support/LustreExpressionsParser/expr/CastExpr.js,1020,dd3820f8c9f15d7acacb270930850853a0de42fb8845e85d03acff065e285419,NASA FRET upstream source snapshot
vendor/fret/fret-electron/support/LustreExpressionsParser/expr/CondactExpr.js,1055,311bf161ecb676b0ef80492f7bfd9f77d1977c25ae8f89587e5c59c34c315c12,NASA FRET upstream source snapshot
vendor/fret/fret-electron/support/LustreExpressionsParser/expr/IfThenElseExpr.js,1082,7c66f9baa586dd6cc75c72e01c1615093d3e9d4fff124d10717905f9f9f16995,NASA FRET upstream source snapshot
vendor/fret/fret-electron/support/LustreExpressionsParser/expr/IntExpr.js,995,f0d2f4c7aaa083194a29b03af43e62ba0d3ca76281abf26a8aa7312d2308c93e,NASA FRET upstream source snapshot
vendor/fret/fret-electron/support/LustreExpressionsParser/expr/PropositionExpr.js,1029,0dc848bfd47ab371b2117643056d279cedf76c3fc241207176191b75697bfede,NASA FRET upstream source snapshot
vendor/fret/fret-electron/support/LustreExpressionsParser/expr/RealExpr.js,997,8d72b7b256bf2c720e9c9807147203a7d52938e4b38cdf50f53d48ebb107e7a6,NASA FRET upstream source snapshot
vendor/fret/fret-electron/support/LustreExpressionsParser/expr/RecordAccessExpr.js,1045,adb383e6ca66e05523f7d11da18a892642ca9216c16fbb2cc6070b59d6eb3136,NASA FRET upstream source snapshot
vendor/fret/fret-electron/support/LustreExpressionsParser/expr/RecordExpr.js,1023,b96f2c23c6663313abe1128add564b0be1aadc4fad80e8bda91dc75f3c4815d8,NASA FRET upstream source snapshot
vendor/fret/fret-electron/support/LustreExpressionsParser/expr/RecordUpdateExpr.js,1074,9f7838f815442cc0a4990717fb4df7d42ffc2a7615344c57768348ea2ab2db71,NASA FRET upstream source snapshot
vendor/fret/fret-electron/support/LustreExpressionsParser/expr/TupleExpr.js,1008,4f43b60207e79ee880fff9df278090f42856b6e10db7ad797714b845ba244a1b,NASA FRET upstream source snapshot
vendor/fret/fret-electron/support/LustreExpressionsParser/expr/UnaryExpr.js,1016,dda6b1c9ee9c16783e765c483acb2f15a985d8886f34347343a01637fc29a6bd,NASA FRET upstream source snapshot
vendor/fret/fret-electron/support/LustreExpressionsParser/visitors/LustreExprVisitor.js,2691,f5a9f398986999ca58cb682269c63cb95c0d6d50a6a2cf489d9f6dbfa70f6892,NASA FRET upstream source snapshot
vendor/fret/fret-electron/support/LustreExpressionsParser/visitors/LustreExpressions.g4,2673,1b4054984a79597f57936960787998ffa32b2fc5d300cb3c8e5e0fbff50022ba,NASA FRET upstream source snapshot
vendor/fret/fret-electron/support/LustreExpressionsParser/visitors/LustreExpressions.interp,4080,63b9c3164e8e1c66fe246d95e93d1717043b7c4b4bf3bf8397b71f886b8db844,NASA FRET upstream source snapshot
vendor/fret/fret-electron/support/LustreExpressionsParser/visitors/LustreExpressions.tokens,529,80d3af8cc63abcb1f20d93739913080347092f09968fc6922ad4b236762a9e6b,NASA FRET upstream source snapshot
vendor/fret/fret-electron/support/LustreExpressionsParser/visitors/LustreExpressionsLexer.interp,6820,69436a9d5b8ad48a946ff801a28e26150dc2b8142994ebaad5b6957741053198,NASA FRET upstream source snapshot
vendor/fret/fret-electron/support/LustreExpressionsParser/visitors/LustreExpressionsLexer.js,14756,e608e4a23800655630ed36b5cdccf6222aa6d9671906febf0801cf400a6e4dda,NASA FRET upstream source snapshot
vendor/fret/fret-electron/support/LustreExpressionsParser/visitors/LustreExpressionsLexer.tokens,529,80d3af8cc63abcb1f20d93739913080347092f09968fc6922ad4b236762a9e6b,NASA FRET upstream source snapshot
vendor/fret/fret-electron/support/LustreExpressionsParser/visitors/LustreExpressionsListener.js,6275,03a870cbff3db5e9af8897691107c73c50c91a2ff26d9bc2c365986f26525f44,NASA FRET upstream source snapshot
vendor/fret/fret-electron/support/LustreExpressionsParser/visitors/LustreExpressionsParser.js,48607,146178261ac06055bd3e39b40ebd7bb344cf8f6931de80a9551606c454cc7c22,NASA FRET upstream source snapshot
vendor/fret/fret-electron/support/LustreExpressionsParser/visitors/LustreExpressionsVisitor.js,4384,0ee233ebf1253efc328396a12638e5760ce5008c9533a03b3fa385a3c410ba98,NASA FRET upstream source snapshot
vendor/fret/fret-electron/support/NuSMVParser/NuSMV.g4,5382,c0f48f61ad1bbe7a73c5a0c7de4818e002ab4ff7ab4c74b7a590a65fcd70ce52,NASA FRET upstream source snapshot
vendor/fret/fret-electron/support/NuSMVParser/NuSMVLexer.js,33347,d304b37a56042a393209c80c06110165fe202b69332ae32b7c3997b95d110330,NASA FRET upstream source snapshot
vendor/fret/fret-electron/support/NuSMVParser/NuSMVListener.js,11989,fb482bbeb7819b04946b345a766ed4f9c6058ff6c62093d5e46bab54ea055165,NASA FRET upstream source snapshot
vendor/fret/fret-electron/support/NuSMVParser/NuSMVParser.js,135201,ba63400876b8733ab5a677cd101483389e261eeff116125d3a58b4c6c7935ba8,NASA FRET upstream source snapshot
vendor/fret/fret-electron/support/NuSMVParser/NuSMVVisitor.js,8158,d72f70d8400cd2ea9f5cffe5245d1c06b01c6130031db1dd5297f81eb42cee5e,NASA FRET upstream source snapshot
vendor/fret/fret-electron/support/NuSMVParser/index.js,1019,741284c3005f9ceb2aa9c9600419ec10ab7ee981ee6e04725952483fdec156f3,NASA FRET upstream source snapshot
vendor/fret/fret-electron/support/NuSMVParser/package.json,285,175c34ee15f89c2c4759cc1274306da5f266bf81467d7821e6b4f826a6f9e91e,NASA FRET upstream source snapshot
vendor/fret/fret-electron/support/PrismProp/PrismProp.g4,4443,28677be1fab5396c71f4700c1213bd2ebe90d6e2965a546684860a2f8cf07128,NASA FRET upstream source snapshot
vendor/fret/fret-electron/support/PrismProp/PrismPropASTAnalyzer.js,14537,47ef0b91a02e616268f803115e411fe3131e46de0531f3e170fe55dfd46d7ac3,NASA FRET upstream source snapshot
vendor/fret/fret-electron/support/PrismProp/PrismPropASTSemantics.js,4974,bf15c97dda907f5b54d31584353513826fdd382f0e462b964112898c4861e6bf,NASA FRET upstream source snapshot
vendor/fret/fret-electron/support/PrismProp/PrismPropLexer.js,13439,b6d921cf626922047fbf24cb1e253b5bbdf53207b716879f24c1a28e56dfb275,NASA FRET upstream source snapshot
vendor/fret/fret-electron/support/PrismProp/PrismPropListener.js,18010,f85df90b9d6770e8faf1e1fea0f1ed340bc511e535676d93fb498ac4898e147e,NASA FRET upstream source snapshot
vendor/fret/fret-electron/support/PrismProp/PrismPropParser.js,157466,ae0417566db31b74010b4dd2d228b6d642b7465eb72c050b721d44cf4909ca58,NASA FRET upstream source snapshot
vendor/fret/fret-electron/support/PrismProp/PrismPropVisitor.js,11978,efa004721d2dd03951537c089c08993ad36bade20a5f35d285c39b969d4d0d8d,NASA FRET upstream source snapshot
vendor/fret/fret-electron/support/PrismProp/testPrismProp.js,3236,d4a58d903ff27883da4ffdfc8c1ba5f8b1368ce6794fdc7401ac4d1b994d417e,NASA FRET upstream source snapshot
vendor/fret/fret-electron/support/R2U2ExpressionsParser/R2U2Expressions.g4,1739,97f6e390ed058d03e099d8ccb2275725f64fdb3934625842bb8c6eae0a32eadc,NASA FRET upstream source snapshot
vendor/fret/fret-electron/support/R2U2ExpressionsParser/R2U2ExpressionsLexer.js,22942,2c625394502b585fad0770aa561aa9ec426e817647815c57b38ef953fb4df212,NASA FRET upstream source snapshot
vendor/fret/fret-electron/support/R2U2ExpressionsParser/R2U2ExpressionsListener.js,2360,fd3f85f68929384bd4cf5b8af27d1ba004ba91f6d8b48bebe0380020841ed2ca,NASA FRET upstream source snapshot
vendor/fret/fret-electron/support/R2U2ExpressionsParser/R2U2ExpressionsParser.js,33503,6c4824a5e5377a19443a312a4483cf20bd735a8980e6f45a97fe29e0f2e2fb13,NASA FRET upstream source snapshot
vendor/fret/fret-electron/support/R2U2ExpressionsParser/R2U2ExpressionsVisitor.js,1970,eddd458e9d114837917a989c8b95351a50cc1bfd830ee43c3632a04ed34ef2af,NASA FRET upstream source snapshot
vendor/fret/fret-electron/support/RealizabilityTemplates/ejsCache_realize.js,2716,8ec2bd2a0956d4ce05ebd92a11a6ef3068b433eb13f802cdb1b2fa595287fab6,NASA FRET upstream source snapshot
vendor/fret/fret-electron/support/RealizabilityTemplates/jkind/Complete.ejs,433,1dfedac2c4e6ceeba9f2f5aa53b082f0e16b7944fa8605f976bc51eaa8cbda67,NASA FRET upstream source snapshot
vendor/fret/fret-electron/support/RealizabilityTemplates/jkind/ComponentSignature.ejs,409,2ace05decaa29760e6d9141e6ca2e11569f4d9108422ce2291fe14863b4db1ab,NASA FRET upstream source snapshot
vendor/fret/fret-electron/support/RealizabilityTemplates/jkind/InternalAssignments.ejs,606,f21fd4773dca860dfc4a4eabb48ce7306f5d238533e7747091a586c466fcdf64,NASA FRET upstream source snapshot
vendor/fret/fret-electron/support/RealizabilityTemplates/jkind/InternalVariables.ejs,424,e08b7dbc2142ed1c6d7bcc80119c8f391e841b7713592211d4348abdb6dfa169,NASA FRET upstream source snapshot
vendor/fret/fret-electron/support/RealizabilityTemplates/jkind/PropertyDefinitions.ejs,575,d8463226b1ed9008656180ca7f1c13d6c99564a63c2ba10b4f3c1e892b86ffa0,NASA FRET upstream source snapshot
vendor/fret/fret-electron/support/RealizabilityTemplates/kind2/Complete.ejs,355,c5b2634c2adc1da249ed1436ce8610b7d0fd4f7f34ef0a338cadf1f4b8de1752,NASA FRET upstream source snapshot
vendor/fret/fret-electron/support/RealizabilityTemplates/kind2/ComponentSignature.ejs,385,28e8448ae1354e24a1d749f898b2c371649b6f214c6bd22f967ac391a26cf448,NASA FRET upstream source snapshot
vendor/fret/fret-electron/support/RealizabilityTemplates/kind2/InternalVariables.ejs,695,f108bfcdbccff320ae64892cae1fc7b6410d90e54070dff8f40926b2d00456b8,NASA FRET upstream source snapshot
vendor/fret/fret-electron/support/RealizabilityTemplates/kind2/PropertyDefinitions.ejs,450,53e98a094d2482d4f0da43c56a24c42fa5a7bb0644ea4bfc51a90ffdf8506871,NASA FRET upstream source snapshot
vendor/fret/fret-electron/support/SMVBasicExpressionsParser/Makefile,79,34b7d388eefc376daeaddeecc6c524efce18af1bc092f3c68530d3a3a9926ca2,NASA FRET upstream source snapshot
vendor/fret/fret-electron/support/SMVBasicExpressionsParser/SMVBasicExpressions.g4,1683,253ad85096d4cab400759a7ae4bfcbcee6bd188dce8e8af3f04a49de7adbeefa,NASA FRET upstream source snapshot
vendor/fret/fret-electron/support/SMVBasicExpressionsParser/SMVBasicExpressions.interp,1581,4c958110d8196986a6f69bd6b91262c0e4d59d668ab5ec550bdd8f443ad7d197,NASA FRET upstream source snapshot
vendor/fret/fret-electron/support/SMVBasicExpressionsParser/SMVBasicExpressions.tokens,179,163af454b0cfbdf01536c3a86d40e62af463472a03613a90b0bce7addb890aa0,NASA FRET upstream source snapshot
vendor/fret/fret-electron/support/SMVBasicExpressionsParser/SMVBasicExpressionsLexer.interp,3067,bb0994b2c7c52ef7e67c8520e96ba41eb458771b51581f167a644b536281911a,NASA FRET upstream source snapshot
vendor/fret/fret-electron/support/SMVBasicExpressionsParser/SMVBasicExpressionsLexer.js,7445,b7fc2a2906c8b160568d74041fcc37a103e19ba1a4834f884882a22afd6676c6,NASA FRET upstream source snapshot
vendor/fret/fret-electron/support/SMVBasicExpressionsParser/SMVBasicExpressionsLexer.tokens,179,163af454b0cfbdf01536c3a86d40e62af463472a03613a90b0bce7addb890aa0,NASA FRET upstream source snapshot
vendor/fret/fret-electron/support/SMVBasicExpressionsParser/SMVBasicExpressionsListener.js,2193,581767f3bef5e33b33cf186a1b7d6bf93ad3c36d9aa63efb3534c48c1165af47,NASA FRET upstream source snapshot
vendor/fret/fret-electron/support/SMVBasicExpressionsParser/SMVBasicExpressionsParser.js,17549,de3a360cc6a4ddc017fdbf19116c829fb47e501fcaac1733ab091eed1554f6b4,NASA FRET upstream source snapshot
vendor/fret/fret-electron/support/SMVBasicExpressionsParser/SMVBasicExpressionsVisitor.js,1868,cc788479bbaa1585cd99f60bd6671e726a6547e04400babbcb44be2aab4a6b8e,NASA FRET upstream source snapshot
vendor/fret/fret-electron/support/SMVTemplates/Complete.ejs,178,00f519edc484d6b45cd778bbf7aee3cdbacbcfe7edc3c8b5cb4c3b79f64bb596,NASA FRET upstream source snapshot
vendor/fret/fret-electron/support/SMVTemplates/InternalVariables.ejs,317,007e5fa42f74c64b84837117d621821aa192e7e4ab9a48e2d786d50d6d24bb2c,NASA FRET upstream source snapshot
vendor/fret/fret-electron/support/SMVTemplates/ModelSignature.ejs,498,bd849b49c4fb8281b2de02f9669bf92bfe3b6f7265210d3100e6fc5a8d3d0bda,NASA FRET upstream source snapshot
vendor/fret/fret-electron/support/SMVTemplates/PropertyDefinitions.ejs,166,2d2d71cbeffe39611ce1cfa0b8936c960585bcba0ebad3a16c0846da5ed5f320,NASA FRET upstream source snapshot
vendor/fret/fret-electron/support/SMVTemplates/ejsCacheSMV.js,1302,a125eb54e3dd44743291eaa4bde9f850a3f29505fd7c97354111af41a0b291df,NASA FRET upstream source snapshot
vendor/fret/fret-electron/support/TestGenTemplates/ejsCache_testgen.js,2354,140b4e416d24169098a5c905417e710400d873ba186e05fe99bad9ff3c37d314,NASA FRET upstream source snapshot
vendor/fret/fret-electron/support/TestGenTemplates/kind2/Complete.ejs,337,07a2591d75bd126d2ab1ec4e9f4ad75a1d33cc94c86980061d214caf8396bb58,NASA FRET upstream source snapshot
vendor/fret/fret-electron/support/TestGenTemplates/kind2/ComponentSignature.ejs,407,a538e5e5cab1f2cc595d9750e521b4f1ecf479f033ec99f8e405e0f69c5c09ac,NASA FRET upstream source snapshot
vendor/fret/fret-electron/support/TestGenTemplates/kind2/InternalVariables.ejs,791,fa1254110699af54e1a25602d7e95e5b682c1b0bc2ef68de00c604271149207b,NASA FRET upstream source snapshot
vendor/fret/fret-electron/support/TestGenTemplates/kind2/PropertyDefinitions.ejs,442,2e2dddfd04c5089d432cf071214ac58427f6290b62bcb9289f51f9fd0a3deac8,NASA FRET upstream source snapshot
vendor/fret/fret-electron/support/cocospecSemantics.js,1475,62fbdbbf790bc0f820ec6cc12abb008ee12f9f0541b3ac1e6b4d27fe5c43ca58,NASA FRET upstream source snapshot
vendor/fret/fret-electron/support/consistency.js,4397,165f7372c5ce8fd3d8f1e8e04ea0c5ddd04eb03e71703a2dcaa4bb1ad70ff15e,NASA FRET upstream source snapshot
vendor/fret/fret-electron/support/copilotExprAnalyzer.js,1762,8f288611fce443ac28f5013eea9ef12f697cc9d34f445f6053e9f809102b5feb,NASA FRET upstream source snapshot
vendor/fret/fret-electron/support/copilotExprSemantics.js,1990,191918c9eaad2f240afde6d0bb7ae6985aa7dfad534dabf30b429ce61f538034,NASA FRET upstream source snapshot
vendor/fret/fret-electron/support/formalization-descriptions.js,8990,09e20556e8d5a3b673a8471587dc5229e892521b8044400adb31734249da1791,NASA FRET upstream source snapshot
vendor/fret/fret-electron/support/formalization_descriptions_probabilistic.js,9774,8af97f221d2c43ac0f871cfe3b0d1d8a1d1f3b2a8d8580d2185ed2a53b4252b7,NASA FRET upstream source snapshot
vendor/fret/fret-electron/support/formalizations.js,6491,74a3a1004e9d6c3fcd69e3aa770c49b3e0d43ebb35c04f9309cde046c481e557,NASA FRET upstream source snapshot
vendor/fret/fret-electron/support/formalizations_future.js,14956,b94d7f73e7a456bdd6a06175e8f0d3fbc1688bf1b04b09a8f07df3d40a2294d0,NASA FRET upstream source snapshot
vendor/fret/fret-electron/support/formalizations_past.js,16585,58ef64e945fe649aac18bba1dbb13c1d057140ed6602c0e33f8fa973f97384bc,NASA FRET upstream source snapshot
vendor/fret/fret-electron/support/formalizations_probabilistic.js,11298,46ff5d1279e79bb44997b74516fc22f39b73cad3b263a1d6f9566b5da739e012,NASA FRET upstream source snapshot
vendor/fret/fret-electron/support/fretDbSupport/checkDBFormat.js,1025,721fab54e5248cd4af26f8a5f8c5e4d57a17faa4418ca4738687221c30dfe918,NASA FRET upstream source snapshot
vendor/fret/fret-electron/support/intervalLogic.js,6555,6970bca65df4ed5814cdff5a2e3d0fab9f83761f9a95dc03ff06eaaf46b23aa5,NASA FRET upstream source snapshot
vendor/fret/fret-electron/support/lustreExprAnalyzer.js,1838,174e850629d09e4c91d2876bcba3f0c6efab218ba4e4db3089d688cc2f80c842,NASA FRET upstream source snapshot
vendor/fret/fret-electron/support/lustreExprSemantics.js,2035,07c322a3717edbde3dcbb4be0c88261c448c8e17571511f673fd4cbafd97b5f0,NASA FRET upstream source snapshot
vendor/fret/fret-electron/support/mdSemantics.js,14658,be523e5c8c940276e37183564a6b4cdbe26647c6df26fd230312b3a37b7dd2f9,NASA FRET upstream source snapshot
vendor/fret/fret-electron/support/nuSMVAnalyzer.js,7338,82f9d2699babcc71188180a3fd14a0bffea8924d5390449dceb742a3e8ff1854,NASA FRET upstream source snapshot
vendor/fret/fret-electron/support/r2u2Export.js,3476,1b407c22c26251c51cc7685399e82e1daee73680466ed473348f5c4ff546b562,NASA FRET upstream source snapshot
vendor/fret/fret-electron/support/r2u2ExprAnalyzer.js,1735,e608511a3fa1d2517305e3f7c212e3ea898d0e8ae0ba5a81ec6bb340009cee22,NASA FRET upstream source snapshot
vendor/fret/fret-electron/support/r2u2ExprSemantics.js,2066,9db09a0bafef7dc22eda2c0ca4f02755f35d582c63c073f02d60fb6464bac0a1,NASA FRET upstream source snapshot
vendor/fret/fret-electron/support/saltSemantics.js,2036,46c3a619202b5ad1902b2c8aa723a085fe41545b1ec00d68ed074bab813ef3ea,NASA FRET upstream source snapshot
vendor/fret/fret-electron/support/semanticDiagramsLib.js,13292,ad005040d6671b8930000626b7467686381ad10409e9b1eb75a480e39c8889dc,NASA FRET upstream source snapshot
vendor/fret/fret-electron/support/smvBasicExprAnalyzer.js,1870,0f10bc7ca42a4efee86cdfa5033e6744f10b1ef8cd90d2fd6d9d23e211445e59,NASA FRET upstream source snapshot
vendor/fret/fret-electron/support/smvBasicExprSemantics.js,2078,37a5a0a3f30bb3ad334de96632a7462d04c9e28c06553b11088fbdd432029cc6,NASA FRET upstream source snapshot
vendor/fret/fret-electron/support/svgUtilities.js,6771,5c7b16115775af34c249a04a9f78dbf9a4ea164cde4f81e1b7a8795f12c9e063,NASA FRET upstream source snapshot
vendor/fret/fret-electron/support/type_inference_abs_int.js,16697,82cded71ef5c7a38900d64de1f722b2908710f8cd9bb3c59e6205a22e020160a,NASA FRET upstream source snapshot
vendor/fret/fret-electron/support/utilities.js,6599,f9af6ce91ffe47b71de046933f98ac26ca42006d50ae9978e6ffc4ed7aeee176,NASA FRET upstream source snapshot
vendor/fret/fret-electron/support/utils.js,17778,adf024d765c15ce066cfc8757dba473028c37e4b413e8e7a032d733d16473283,NASA FRET upstream source snapshot
vendor/fret/fret-electron/support/xform.js,60830,f9ac5fb2fe354e4f7cd43c5bff8ec58c33820912cd97dc0c4ab9e262819535c9,NASA FRET upstream source snapshot
vendor/fret/fret-electron/templates/basicTemplates.js,11075,cc402824e8dbe71ee1c92d1609c4ba1050108e2cb976849563d2e4d3ae6be184,NASA FRET upstream source snapshot
vendor/fret/fret-electron/templates/state_machine.js,4517,62a42f2f0671468e7057edeb6854d0e8730aa88f907e1bd18351b36817c954e9,NASA FRET upstream source snapshot
vendor/fret/fret-electron/templates/templateEditor.js,3521,73f448f0407507291087007d1ce6539824bb01289f551fe64028cb78f9f2c551,NASA FRET upstream source snapshot
vendor/fret/fret-electron/templates/templates.json,21536,d9d5592942a93bd5ff96c5551383f8f92d6022ed0f6cfde0eb6bb91f831c9ea5,NASA FRET upstream source snapshot
vendor/fret/fret-electron/test/.eslintrc,208,ffde9a88b87e73fd5d3bac3ab483d1c28baabb84c04a46467b7440458ff9a32c,NASA FRET upstream source snapshot
vendor/fret/fret-electron/test/developmentTeamTests.js,5411,0b4f195eeb5b32acee226a88e8c434a9e6dbcee5dff70e10b6cad67cf15cc713,NASA FRET upstream source snapshot
vendor/fret/fret-electron/test/e2e/FRET_QA_ID.pdf,3796372,d0828c107ff51dbeab9240478660bbb7825c651daf30368d057eef31186e55e3,NASA FRET upstream source snapshot
vendor/fret/fret-electron/test/e2e/FRET_SQA_tutorial_1.pdf,5323581,5b129896247e74c22a2bdafd6c5b53196724ba5388c8c243107ea6cdf61f4443,NASA FRET upstream source snapshot
vendor/fret/fret-electron/test/newDevelopmentTeamTests.js,5094,2fdc91bccb75157f90473fab0a3dc2986b228c41b616fdb1f485ec7f038c37c9,NASA FRET upstream source snapshot
vendor/fret/fret-electron/test/semantics/CallKind2.js,4602,466f989d01b1e6ebc09b5a212836ea7b7f44de876d6bb7e5a3ac2112f20b4d5e,NASA FRET upstream source snapshot
vendor/fret/fret-electron/test/semantics/CallNuSMV.js,8791,5ca5099a503bdafabb1ac52b5d726ac61cb2206fed6639ebecd22d4ebaa356e1,NASA FRET upstream source snapshot
vendor/fret/fret-electron/test/semantics/SemanticsTestGeneration.js,23826,3c167725c6e97c78af9064fcbc6894855816a97afa6b55de2d9277c7db9e02a3,NASA FRET upstream source snapshot
vendor/fret/fret-electron/test/semantics/equiv.js,4267,094212fc8cc1418c99ee9845f61c516d5b70330b76c755972c5ca395b32cad2b,NASA FRET upstream source snapshot
vendor/fret/fret-electron/test/semantics/equivTemporal.js,5625,6b2de3a7c8839443462dd3e62334f3361b552d7f848fe30919edfccc2aefd86d,NASA FRET upstream source snapshot
vendor/fret/fret-electron/test/semantics/oracle.js,17744,baf96faa20235b360525afd51b628e97311c377f43a103a66e216bcb8e735790,NASA FRET upstream source snapshot
vendor/fret/fret-electron/test/semantics/pvs_test.js,10264,0afc0a5a1888116f674154a91963ba6bebe5a3fe35877a5fa1a088ea3b3d2618,NASA FRET upstream source snapshot
vendor/fret/fret-electron/test/semantics/semantics.spec.js,4461,8ad56d7e9e1e490060d6bc0bcd3b5314c57d59dba2a281c31203e6e9622c16cc,NASA FRET upstream source snapshot
vendor/fret/fret-electron/test/semantics/settings_random_00001.json,73,4dcf4d37a0c0322d667386a8e35fb6e880089fe94f3debd0d638822c49fa0380,NASA FRET upstream source snapshot
vendor/fret/fret-electron/test/semantics/settings_random_0_13_1.json,47,64b42d57460435b705f52a0e0463145d932b77deacd8d76d885ad6824233c8e4,NASA FRET upstream source snapshot
vendor/fret/fret-electron/test/semantics/settings_random_1_13_10.json,507,f2d6611276a64b4647cec7b4a2fc11473e64cef575cda9a011d0f3c426c0114a,NASA FRET upstream source snapshot
vendor/fret/fret-electron/test/semantics/settings_random_2_13_100.json,5717,832978e0058aaa9463c14705f3bc7014fb2c9134e59f3b21058a44192d7df9d7,NASA FRET upstream source snapshot
vendor/fret/fret-electron/test/semantics/settings_random_3_13_1000.json,56288,22c28f6fa7bdc5d9cc5bf344f46da7f7a859f3440ed6e7651982083a9a864cc8,NASA FRET upstream source snapshot
vendor/fret/fret-electron/test/semantics/settings_random_4_13_5000.json,282210,400a0c25a1d6973539325ab081620161faf0e1f2b57768b777848989ffcb2d46,NASA FRET upstream source snapshot
vendor/fret/fret-electron/test/semantics/settings_random_5_13_10000.json,562563,a66dfa9c58dbaf3cfda2a6e98668f796f81ffcd38e42d5aa93dfef22c9df67dd,NASA FRET upstream source snapshot
vendor/fret/fret-electron/test/semantics/settings_random_6_13_20000.json,1124323,fe9342f3263ee4810b676c559c368431d5af12e82b7adafabe8b74b5180d1e82,NASA FRET upstream source snapshot
vendor/fret/fret-electron/test/semantics/templateEquivCheck/old_semantics.json,2036494,a2f2acf1cbf0b6d47435c557b226c2cf5b9f754f183e7ab1f224654ea3dc2c97,NASA FRET upstream source snapshot
vendor/fret/fret-electron/test/semantics/templateEquivCheck/semanticsUpdateEquivCheck.js,6080,68dbea369f9d1ee50429a08f84ed7aadaeb342541c28551eab24db982df1a12c,NASA FRET upstream source snapshot
vendor/fret/fret-electron/test/semantics/temporal.js,12465,2bb5ea672b16efe6ab76b689b4f8775c8e314463014f1938fc8ef50096585aeb,NASA FRET upstream source snapshot
vendor/fret/fret-electron/test/semantics/testgen.prolog,5186,1a7bd1aec24ef976a21756cb428dd463abdc935c8d1d2037aeb34ddc9cd403bd,NASA FRET upstream source snapshot
vendor/fret/fret-electron/test/semantics/testingOptions.js,5742,1cc57d40b04d00c196f125803a7a52f188aa1b827b593d5590ae4149510328ee,NASA FRET upstream source snapshot
vendor/fret/fret-electron/test/testintervalLogic.js,1616,97ec79fcf41880fd94749789fb4e9cf1753a661521d688723922f84ed9a5275f,NASA FRET upstream source snapshot
vendor/fret/fret-electron/webpack.config.base.js,2174,de85281392a8ac2b3c30a0d52a99bd196df37d256b65ef19bcc4920b48a77277,NASA FRET upstream source snapshot
vendor/fret/fret-electron/webpack.config.cli.dev.js,2186,d18c4bba1c7ee1d1a21984f34dc755e1e3631d0b6df16a74a804b966ca04019b,NASA FRET upstream source snapshot
vendor/fret/fret-electron/webpack.config.cli.prod.js,1402,7d27a2dd646f99caec453e9a2f896e5ed032fe519655def37f99f5edcff71c2b,NASA FRET upstream source snapshot
vendor/fret/fret-electron/webpack.config.eslint.js,860,dec3ec001aa9ff4ec3f97c7f404ef1d09d14a9b2fd636ff281da38ad146865d1,NASA FRET upstream source snapshot
vendor/fret/fret-electron/webpack.config.main.dev.js,2081,d713e2ae8671b8a445a66c7ec2786bca133984d0cc9e8e559ee2e27935ecd487,NASA FRET upstream source snapshot
vendor/fret/fret-electron/webpack.config.main.prod.js,1401,49a9d97f6cc8d47bbae1d9f86dda774a767ab8495f5535bca1421a8e864c852c,NASA FRET upstream source snapshot
vendor/fret/fret-electron/webpack.config.renderer.dev.dll.js,5056,e8d5b74f15d3f59fafee1846f720a7ef0ae87c6cb4802829956104ca7914d991,NASA FRET upstream source snapshot
vendor/fret/fret-electron/webpack.config.renderer.dev.js,7186,0fb76a17e83523d81c73fb8ec4675e62660fc1b389d9e5615ff88fc5cbbf9ce2,NASA FRET upstream source snapshot
vendor/fret/fret-electron/webpack.config.renderer.prod.js,4858,ee6d0bd4a88329ead9f5b010f08f4586e7b538ef54fdb0191a34aa66f6e3342c,NASA FRET upstream source snapshot
vendor/fret/tools/LTLSIM/ltlsim-core/.gitignore,100,a634f29d8b0d2cfa1c03c823cc952bbe7d60927bd9ccfe2561c512db4ed09ddb,NASA FRET upstream source snapshot
vendor/fret/tools/LTLSIM/ltlsim-core/Readme.md,6546,eed90e5024dc5616c48d1afff62c041ad1d0a6245a4ec59bdb910b340f5764cb,NASA FRET upstream source snapshot
vendor/fret/tools/LTLSIM/ltlsim-core/classes/Atomic.js,977,9ff8e4f400da53bb84f8c7306cd9f36b979f10050e1fe6fae043f9e97d55b0fc,NASA FRET upstream source snapshot
vendor/fret/tools/LTLSIM/ltlsim-core/classes/EFormulaStates.js,886,45611e2a148d46e99c52d0270b34ac5f6feef4e4ba63fae04f193520e70b2b93,NASA FRET upstream source snapshot
vendor/fret/tools/LTLSIM/ltlsim-core/classes/Formula.js,2562,9ac9b5fbeb559dfc4fce0dcfad4cdff077fd1d023c70f51fb9efd17c4a4d3272,NASA FRET upstream source snapshot
vendor/fret/tools/LTLSIM/ltlsim-core/classes/LTLSimController.js,28596,e6566c32c265a93c066aa59dae2344e0ae72e71a96ae6eb6ed60155d8f0bfac7,NASA FRET upstream source snapshot
vendor/fret/tools/LTLSIM/ltlsim-core/classes/LTLSimModel.js,1130,c4226682d111d610deddeddc99c840ffdddf258cf0e696ff4b1675f38e30780d,NASA FRET upstream source snapshot
vendor/fret/tools/LTLSIM/ltlsim-core/index.js,1010,322befff31e9b725702d908708e96be887befca07d53c3b4808de05d0b744ccd,NASA FRET upstream source snapshot
vendor/fret/tools/LTLSIM/ltlsim-core/package-lock.json,2782,5c3052b762e54ddd816302bc415e1810febabefd05e184aeed6d4190fd847dd7,NASA FRET upstream source snapshot
vendor/fret/tools/LTLSIM/ltlsim-core/package.json,692,99a1a457a0e8d35f175cba59329d7d18e40ae98e70b1251cb18af532df760086,NASA FRET upstream source snapshot
vendor/fret/tools/LTLSIM/ltlsim-core/parser/AnnotatingErrorListener.js,1417,f1980f2416e2541abd36ddca30ebd42c5ecb90ca2dc59ec0d919c7de49975d9c,NASA FRET upstream source snapshot
vendor/fret/tools/LTLSIM/ltlsim-core/parser/LTLAEX.js,2781,2e876479e5de6c84429cb3bfd4c2095235deb7175860e3f0ac22ecf5f0cbc89f,NASA FRET upstream source snapshot
vendor/fret/tools/LTLSIM/ltlsim-core/parser/LTLAEXAnalyzer.js,5992,61f2ebbff36e60ff43ca2f623a0704d56b044605a1050edc099ad8fbf444eb2e,NASA FRET upstream source snapshot
vendor/fret/tools/LTLSIM/ltlsim-core/parser/LTLAnalyzer.js,14207,93283d40b08c417fced4a87ad8088953ca41ba880ff8051d412f478b320b5964,NASA FRET upstream source snapshot
vendor/fret/tools/LTLSIM/ltlsim-core/parser/LTLParser.js,3369,9c8fa43d1f804f5529384edb873161cc91372fcceec515dba2e1cd78678cb930,NASA FRET upstream source snapshot
vendor/fret/tools/LTLSIM/ltlsim-core/simulator/Doxyfile,109671,66e6eb9b2f4a6fefda861fa5f85f11820900163f15410a4bb1d07dd0deaf7ee5,NASA FRET upstream source snapshot
vendor/fret/tools/LTLSIM/ltlsim-core/simulator/Makefile,464,d5697ec4c3531c26af682bed79557eecb98464b44989aae8cf2aad25024fba5b,NASA FRET upstream source snapshot
vendor/fret/tools/LTLSIM/ltlsim-core/simulator/ltlsim.c,10216,d1164499d9561ff2a400aa60071dff5d1fcb08641a8e406855e40bbbf67de26c,NASA FRET upstream source snapshot
vendor/fret/tools/LTLSIM/ltlsim-core/simulator/ltlsim_commands.c,16026,487b60e87074367c4df796dfdf4908374a056d411921128714e9ab49526e0e86,NASA FRET upstream source snapshot
vendor/fret/tools/LTLSIM/ltlsim-core/simulator/ltlsim_commands.h,2291,f1cfa33bf836bbbb9efe84ef88c30849de7a0fe8be3064f84b7a5ca2c288deaa,NASA FRET upstream source snapshot
vendor/fret/tools/LTLSIM/ltlsim-core/simulator/ltlsim_commands_private.h,1369,f6d536c933edfdabf8ac05907abca63459701d56887d06ee31e5a9d68749f321,NASA FRET upstream source snapshot
vendor/fret/tools/LTLSIM/ltlsim-core/simulator/ltlsim_node.js,7064,cacc1d1793133f59a54469105013b5dbfccdfcc93ea660eeab63931da9ff5509,NASA FRET upstream source snapshot
vendor/fret/tools/LTLSIM/ltlsim-core/simulator/ltlsim_smvutils.c,8458,9eaaf9ef45784381cc47cd290f676e538541330d4fc8b0fbf747de11012119c7,NASA FRET upstream source snapshot
vendor/fret/tools/LTLSIM/ltlsim-core/simulator/ltlsim_smvutils.h,2490,865cbe35dd73173af2f6f5d5083459ec2b94a26271c398cce22b273c317c6c54,NASA FRET upstream source snapshot
vendor/fret/tools/LTLSIM/ltlsim-core/simulator/ltlsim_smvutils_private.h,4054,4c7d2cd32b1edee4d7b36b89d755f4e85ee497582d9c960571cb300eee0b3106,NASA FRET upstream source snapshot
vendor/fret/tools/LTLSIM/ltlsim-core/simulator/ltlsim_types.c,9056,2ec069a357b329d806f2b2821cf3f81de705c2bd0065d93d2bf97ccad206356b,NASA FRET upstream source snapshot
vendor/fret/tools/LTLSIM/ltlsim-core/simulator/ltlsim_types.h,9635,67fbf6085430a9a71097d778dd3bc09bbe488711f4188394e2f239ac3762e804,NASA FRET upstream source snapshot
vendor/fret/tools/LTLSIM/ltlsim-core/simulator/ltlsim_types_private.h,3857,9493ab8e3a5f5068db4b2d80f8478a6b78cb6a70d7480aa1976e79a7ac3d7bbe,NASA FRET upstream source snapshot
vendor/fret/tools/LTLSIM/ltlsim-core/test/batch.ltl,133,f4bcc1d3fe0d464f8378b0834a0b70fd14735631fa55c95e46a77553cc9ce748,NASA FRET upstream source snapshot
vendor/fret/tools/LTLSIM/ltlsim-core/test/test_controller.js,1640,3890442cbae493207064f3114669a2f5325bb20313f17bcbfe31a47fd69ae25b,NASA FRET upstream source snapshot
vendor/fret/tools/LTLSIM/ltlsim-core/test/test_ltlsim.js,2037,268b2df89a71b432c011726f49e8f3f86e091e12b1ba6fe8469f55dc3376c34e,NASA FRET upstream source snapshot
vendor/fret/tools/LTLSIM/ltlsim-core/test/test_ltlsim_check.js,941,55609806542aa7db0a3f4e38b77ee6437cae26436ea427e46ee19d82097d76a2,NASA FRET upstream source snapshot
vendor/fret/tools/LTLSIM/ltlsim-core/test/test_parser.js,1302,ded0f2ea98b22d0aed5080b72710b59061486f386277eaf6107f92bcd5348a67,NASA FRET upstream source snapshot
vendor/fret/tools/LTLSIM/ltlsim-electron/.babelrc,563,881a3d4e7f08c35d4bb1c46eb60e9ccffe896fc6413c7c45f1be6cdbeebd3189,NASA FRET upstream source snapshot
vendor/fret/tools/LTLSIM/ltlsim-electron/.dockerignore,842,0835c727d6640d0625df12b8b5628632c497c3b9a55b3c3b7df9588e8835d906,NASA FRET upstream source snapshot
vendor/fret/tools/LTLSIM/ltlsim-electron/.editorconfig,188,a91f1b150e3e82830fb1b4e16a9ef470daf5d71f9e1935a80fdceda8f3bccb8b,NASA FRET upstream source snapshot
vendor/fret/tools/LTLSIM/ltlsim-electron/.eslintignore,884,84666e63b40e2e88885f3e6f094e1f528e20f0191b26f8c736811d1a7274f053,NASA FRET upstream source snapshot
vendor/fret/tools/LTLSIM/ltlsim-electron/.eslintrc,2237,9ef41295bc2d3eb0b22c47981b42b62b76f367e0a6d4e79bcd7289445fd20c4a,NASA FRET upstream source snapshot
vendor/fret/tools/LTLSIM/ltlsim-electron/.flowconfig,943,04acdf3d284c71f8269fe5a93fbb35daf2973a3d2b3c7349aa4c25d2c783165d,NASA FRET upstream source snapshot
vendor/fret/tools/LTLSIM/ltlsim-electron/.gitattributes,81,790e05021d33bea4f23446ee3c0552b12a0f3c768aea6ae59a9c940124f958f9,NASA FRET upstream source snapshot
vendor/fret/tools/LTLSIM/ltlsim-electron/.gitignore,877,0a2f4621462ae0fb1c7e34b87a4e2d3469f480e8402ec11e48cee4b6d35df84c,NASA FRET upstream source snapshot
vendor/fret/tools/LTLSIM/ltlsim-electron/.prettierrc,185,6f7b52c9eb9021e166eafd5af6a43a599cb6d2fd88ee14d35e910b7438cfb35d,NASA FRET upstream source snapshot
vendor/fret/tools/LTLSIM/ltlsim-electron/.stylelintrc,76,e9889ea540d458fa99fc9ff0799a08b38eda38536ef45f2104ecc0f0746cfd40,NASA FRET upstream source snapshot
vendor/fret/tools/LTLSIM/ltlsim-electron/.travis.yml,2721,ff35fd5690802ff62240c626e00b2f9fdbacbc56cb6cf209ff28e43ffe64bfec,NASA FRET upstream source snapshot
vendor/fret/tools/LTLSIM/ltlsim-electron/.vscode/settings.json,783,2a36e2d7cbfc1b95162e5e625d94ef6283864567b9e006ed4f4d25725a08e79e,NASA FRET upstream source snapshot
vendor/fret/tools/LTLSIM/ltlsim-electron/CHANGELOG.md,13131,b728d1d1f3a0c06b4809f7441618bd7bfd4c6667f3b94a192dbbb055828f4273,NASA FRET upstream source snapshot
vendor/fret/tools/LTLSIM/ltlsim-electron/README.md,673,0bd671964e636872cfef73f1a4b7e39e5c0d1d67a57056d740aa7169bf6586b7,NASA FRET upstream source snapshot
vendor/fret/tools/LTLSIM/ltlsim-electron/app/.testcafe-electron-rc,54,1e498bf8f59e1826fca9d031dbc2fe18032f72440c5d3645e414313ea628f852,NASA FRET upstream source snapshot
vendor/fret/tools/LTLSIM/ltlsim-electron/app/App.css,468,95d9855b9fcebc3a25cf29fc26b2c519a7a2871c6745fbeb4363acceb44ee901,NASA FRET upstream source snapshot
vendor/fret/tools/LTLSIM/ltlsim-electron/app/App.js,1620,12d60e936a8ec915ab62a40d4cf1a84e436072f824aa0bd4a96da60ff6988596,NASA FRET upstream source snapshot
vendor/fret/tools/LTLSIM/ltlsim-electron/app/app.global.css,765,42748cbf04aa3638b36e9a188ec113506a68a5547c6fee5728671ab841604b6c,NASA FRET upstream source snapshot
vendor/fret/tools/LTLSIM/ltlsim-electron/app/app.html,1251,2b3392a8a54fc0486c420aaecb0129751c5d93b2597705a42b567d7909f7f7bd,NASA FRET upstream source snapshot
vendor/fret/tools/LTLSIM/ltlsim-electron/app/app.icns,571706,845dda86cbc02921a9208accb4f3d9273195e560ee7e172d928002fa1892f814,NASA FRET upstream source snapshot
vendor/fret/tools/LTLSIM/ltlsim-electron/app/components/FormulaDetails.js,5071,2623e4bf985163b9c72b0dc1aafaee27f840f193d6a78a1a468b2f636f0442eb,NASA FRET upstream source snapshot
vendor/fret/tools/LTLSIM/ltlsim-electron/app/components/FormulaDialog.js,6362,b28529905fd9928cf0948582e1425751b95adf18170a7772791747b5ac6f8cc1,NASA FRET upstream source snapshot
vendor/fret/tools/LTLSIM/ltlsim-electron/app/components/FormulaRenderer.js,2115,1f682d9eb44065138d902d35e6658e73723232ab11a940982cab5a6185a54bc4,NASA FRET upstream source snapshot
vendor/fret/tools/LTLSIM/ltlsim-electron/app/components/MainView.js,30110,3998f4e8d081fb354716a8df036d4ed3bd6dd6dae1fd9723faac612670059018,NASA FRET upstream source snapshot
vendor/fret/tools/LTLSIM/ltlsim-electron/app/components/SidebarList.js,12907,19aa3040cf25c19536fa1c81917faa2098c2e239b46667fd8765b8b91978b32c,NASA FRET upstream source snapshot
vendor/fret/tools/LTLSIM/ltlsim-electron/app/components/TimeLine.js,3754,30ed0ebffb58ce02df014ad5f70653e4edf2d5077e9be4dfca5f6c7e78dc2798,NASA FRET upstream source snapshot
vendor/fret/tools/LTLSIM/ltlsim-electron/app/components/TimeSeriesChart.js,18215,9b6337be836779ab5e88ef7e8d5d7092d44ade4bfb3a566a2b35ddca857e61d6,NASA FRET upstream source snapshot
vendor/fret/tools/LTLSIM/ltlsim-electron/app/components/TimeSeriesWidget.js,6923,c406ca157f72efebb4336f44b0374bb8063a5e76a945b745f441300371b3ea13,NASA FRET upstream source snapshot
vendor/fret/tools/LTLSIM/ltlsim-electron/app/components/TraceDialog.js,4657,4100d2e127ef6c0bbd0892de03a72b1688fe72f7d428bc9d8fe6114238435f60,NASA FRET upstream source snapshot
vendor/fret/tools/LTLSIM/ltlsim-electron/app/index.js,1285,8e9c140a056db83b17fe6b824e70793a8aa55ea20dc6bc6d18cc934038244bdf,NASA FRET upstream source snapshot
vendor/fret/tools/LTLSIM/ltlsim-electron/app/main.dev.js,3174,a0ddb2d525b890124eaf92cebeaf50be62364d0910eab9857c87eadc3d00d3c3,NASA FRET upstream source snapshot
vendor/fret/tools/LTLSIM/ltlsim-electron/app/menu.js,7460,36de479606c5f08ebecd48fcc51fc957cade69662cf11bc5a79a81c716cca375,NASA FRET upstream source snapshot
vendor/fret/tools/LTLSIM/ltlsim-electron/app/package.json,483,798873d5b85db7f1783b8847c1a30ff7b1a0efc6aaae5ea5ce900f9ceea40813,NASA FRET upstream source snapshot
vendor/fret/tools/LTLSIM/ltlsim-electron/app/utils/.gitkeep,0,e3b0c44298fc1c149afbf4c8996fb92427ae41e4649b934ca495991b7852b855,NASA FRET upstream source snapshot
vendor/fret/tools/LTLSIM/ltlsim-electron/appveyor.yml,661,9b31eace061043652df05f232451f3cfacf1072b4dc8c611b9b3b1e517ca5d98,NASA FRET upstream source snapshot
vendor/fret/tools/LTLSIM/ltlsim-electron/configs/webpack.config.base.js,1890,c0927b0625d77ef601a561fb6322245b1d1b57e562f1a63fdb2f773755dc5bcc,NASA FRET upstream source snapshot
vendor/fret/tools/LTLSIM/ltlsim-electron/configs/webpack.config.eslint.js,87,51ac554f99c23b8a4aabda12efb81de3d10feae680e29128d58cb2c42671e95c,NASA FRET upstream source snapshot
vendor/fret/tools/LTLSIM/ltlsim-electron/configs/webpack.config.main.prod.js,1772,facf1627787acfe487ab5a94d152f1ad373c3f03bbcef2810a4b7c6f09345027,NASA FRET upstream source snapshot
vendor/fret/tools/LTLSIM/ltlsim-electron/configs/webpack.config.renderer.dev.dll.js,1778,f4425524f21e98b8741a63443c377ee09fec7cad9774defc44ab63fe437b78f6,NASA FRET upstream source snapshot
vendor/fret/tools/LTLSIM/ltlsim-electron/configs/webpack.config.renderer.dev.js,6787,12d58e2608a1cce8e143414be02a6a3f69a31a6527eedd87f6db73b8a0ef5a2b,NASA FRET upstream source snapshot
vendor/fret/tools/LTLSIM/ltlsim-electron/configs/webpack.config.renderer.prod.js,5133,0c43d169eff71c62e4fdd894a0947a3026f2994de10a75986a48714781900a44,NASA FRET upstream source snapshot
vendor/fret/tools/LTLSIM/ltlsim-electron/flow-typed/module_vx.x.x.js,59,29f40fd72bb7124dbc7ba01378eecd09e4ed90d9e74a29a727c16c4598b34cd8,NASA FRET upstream source snapshot
vendor/fret/tools/LTLSIM/ltlsim-electron/formula.txt,180,486f4edcb146e6834d797fde9be92ace4d0fad591168924967ec4b796265b2ff,NASA FRET upstream source snapshot
vendor/fret/tools/LTLSIM/ltlsim-electron/internals/flow/CSSModule.js.flow,58,f678a9d4e161825ae6068154c0730e5b1e80920b982ea2223647c3a315d6b66d,NASA FRET upstream source snapshot
vendor/fret/tools/LTLSIM/ltlsim-electron/internals/flow/WebpackAsset.js.flow,39,a9f8051a0e9f3d30b89a028807401dbb7969542c42f02533bbe76f19ba95c483,NASA FRET upstream source snapshot
vendor/fret/tools/LTLSIM/ltlsim-electron/internals/img/eslint-padded-90.png,6742,14f56133f4460dc7814e2650c62c97ded3f808ef4567b94d02bb2c0896bc6022,NASA FRET upstream source snapshot
vendor/fret/tools/LTLSIM/ltlsim-electron/internals/img/eslint-padded.png,9731,4fcef507a457c8ee5fd4065f09716570cb4f492f46e3fa2fef973b4a4143e190,NASA FRET upstream source snapshot
vendor/fret/tools/LTLSIM/ltlsim-electron/internals/img/eslint.png,10125,3fc4e2a5d210ed08384edd8b0959fd29ff0ee05a3b80c75c26a32c5d21669216,NASA FRET upstream source snapshot
vendor/fret/tools/LTLSIM/ltlsim-electron/internals/img/flow-padded-90.png,5380,c23a26602f43d942e4a89c5065393bd686af05b7ffb3b94f79906cf8be66513d,NASA FRET upstream source snapshot
vendor/fret/tools/LTLSIM/ltlsim-electron/internals/img/flow-padded.png,5737,3b375fed8e31e47b44bcc166c47bea8a8c53c12ad917a0284822c1e001309e9f,NASA FRET upstream source snapshot
vendor/fret/tools/LTLSIM/ltlsim-electron/internals/img/flow.png,6364,20ffad6f34b393e40b3fef1cc2ef18927117c688c6c5ad42bb8f7289b0a19d13,NASA FRET upstream source snapshot
vendor/fret/tools/LTLSIM/ltlsim-electron/internals/img/jest-padded-90.png,3131,0e1c9a65ce18477fcec5806cfd2e502d347e9b5999cfe70f584ed81fb7f7d607,NASA FRET upstream source snapshot
vendor/fret/tools/LTLSIM/ltlsim-electron/internals/img/jest-padded.png,3965,03ac95c95582b493c815a8c550aebc4d6e6d02999d864283f46826402662238e,NASA FRET upstream source snapshot
vendor/fret/tools/LTLSIM/ltlsim-electron/internals/img/jest.png,3821,ebcfa6480527ddf9398acc041b5939f6b33189a207be9cbc7d25005c9cdbcc5b,NASA FRET upstream source snapshot
vendor/fret/tools/LTLSIM/ltlsim-electron/internals/img/js-padded.png,4680,e6b74520f73f2b6137ed8536f04739ebe33512c3aafe93a9e750afbed1934bdf,NASA FRET upstream source snapshot
vendor/fret/tools/LTLSIM/ltlsim-electron/internals/img/js.png,5128,bf30ba99fd722a08fe57a5710c28a34794e88dfcbc70a3c347540f9e7f69b3e7,NASA FRET upstream source snapshot
vendor/fret/tools/LTLSIM/ltlsim-electron/internals/img/npm.png,2455,46a86fe69b17573b2c46b53a1254bd91bfc6e3f0b0544b01a58373938abbed90,NASA FRET upstream source snapshot
vendor/fret/tools/LTLSIM/ltlsim-electron/internals/img/react-padded-90.png,4068,384d2ea55d86652270ab2fb4cc3d1ebba8ef1a845ad830006eb42670d004d38f,NASA FRET upstream source snapshot
vendor/fret/tools/LTLSIM/ltlsim-electron/internals/img/react-padded.png,5124,a3b1dc6ac46acb4463a6d916416b14ed0cbb4bcbe0d4a63fe14ca0d0b4732494,NASA FRET upstream source snapshot
vendor/fret/tools/LTLSIM/ltlsim-electron/internals/img/react-router-padded-90.png,6514,d768c63ef6877d0e0112d51478b54fd209dbc63c935f4669d13e219d90dbac91,NASA FRET upstream source snapshot
vendor/fret/tools/LTLSIM/ltlsim-electron/internals/img/react-router-padded.png,4801,5dd91d6318ed51ce25a1e14b1134132c8076545cc8089e5641a96194fba790f0,NASA FRET upstream source snapshot
vendor/fret/tools/LTLSIM/ltlsim-electron/internals/img/react-router.png,4640,1f5318f56d72814e51438a81fab314ada502e0cbef3b51c6ad331f5485e3b471,NASA FRET upstream source snapshot
vendor/fret/tools/LTLSIM/ltlsim-electron/internals/img/react.png,5639,5b9edc9d0557d45e9ddbad81b29ec9f033a81614cb078da8d3585de319d0baf1,NASA FRET upstream source snapshot
vendor/fret/tools/LTLSIM/ltlsim-electron/internals/img/redux-padded-90.png,13160,f742d7ff962135746ef31737dee6155ae1ef198cdac35382c646363c6b7dcc7d,NASA FRET upstream source snapshot
vendor/fret/tools/LTLSIM/ltlsim-electron/internals/img/redux-padded.png,19243,026b754b0ccbca0e935690170084fcea925c689787f2cddbda88f8fb038a759c,NASA FRET upstream source snapshot
vendor/fret/tools/LTLSIM/ltlsim-electron/internals/img/redux.png,20464,8226bf2b224d49ab8cd722d7160ddd369368b3218adb628ccb66f80339641cc3,NASA FRET upstream source snapshot
vendor/fret/tools/LTLSIM/ltlsim-electron/internals/img/webpack-padded-90.png,3979,94e551097c16df49753967d70d63a602c7c71718a9cc42e14f2c79cb3da8f94a,NASA FRET upstream source snapshot
vendor/fret/tools/LTLSIM/ltlsim-electron/internals/img/webpack-padded.png,4999,262c6a477577e494894040fac0dee628d34ba169f6d81816d6d65c6f30cc9767,NASA FRET upstream source snapshot
vendor/fret/tools/LTLSIM/ltlsim-electron/internals/img/webpack.png,5576,d53c7a8e1e8656ed2b9f28452effb5242b0be580d047762f0134e59c10f4c02e,NASA FRET upstream source snapshot
vendor/fret/tools/LTLSIM/ltlsim-electron/internals/img/yarn-padded-90.png,6264,88753c10a2a14a8aa5754bfc7dc9a0cc7cd4ecb099cb171115cc3336c7f5e3ed,NASA FRET upstream source snapshot
vendor/fret/tools/LTLSIM/ltlsim-electron/internals/img/yarn-padded.png,6613,f751ababf9369c5580500d0acf94ae54f70696537fee4b3a3015542d13e4dbbb,NASA FRET upstream source snapshot
vendor/fret/tools/LTLSIM/ltlsim-electron/internals/img/yarn.png,2181,86cec35d6a9e3ef035b9789430908b669710216eeb1eee33ceac903e69b1a4d5,NASA FRET upstream source snapshot
vendor/fret/tools/LTLSIM/ltlsim-electron/internals/mocks/fileMock.js,806,2c3e29275ecf6874327d657b0d979ec478223ba1a994be184b7908b6a29fb7f6,NASA FRET upstream source snapshot
vendor/fret/tools/LTLSIM/ltlsim-electron/internals/scripts/CheckBuiltsExist.js,1557,de68f97596942a86dd7a4498f6ffbb4bd76d43740dc0424f8adcea1c51c1de0f,NASA FRET upstream source snapshot
vendor/fret/tools/LTLSIM/ltlsim-electron/internals/scripts/CheckNativeDep.js,2857,a5f308e285a8203061436884f63ae93211ab59aca46703cf8ae8ea1747cefbbb,NASA FRET upstream source snapshot
vendor/fret/tools/LTLSIM/ltlsim-electron/internals/scripts/CheckNodeEnv.js,1169,e18c14e3231eea8a74a797a0b161684686da465bd6268ef3fac78bd57be7f08e,NASA FRET upstream source snapshot
vendor/fret/tools/LTLSIM/ltlsim-electron/internals/scripts/CheckPortInUse.js,1275,b244c4b24815b96f02c027f26e1089f0d059de96ed5432416815045a824b0065,NASA FRET upstream source snapshot
vendor/fret/tools/LTLSIM/ltlsim-electron/internals/scripts/ElectronRebuild.js,1473,cc1bf4aa683753ea8832e739f9ccb3577797828b75a2b59662b25830d2bc5953,NASA FRET upstream source snapshot
vendor/fret/tools/LTLSIM/ltlsim-electron/internals/scripts/RunTests.js,1121,addd02b8da4d6b2dc7fbb67623e68eda0c8a2a9b3e0f812c67b6ac41a737c2c5,NASA FRET upstream source snapshot
vendor/fret/tools/LTLSIM/ltlsim-electron/package.json,9089,a8b1f8a738adda0c93582ad88291bb338e07a2338a43ff31eb796b2d6d008e7f,NASA FRET upstream source snapshot
vendor/fret/tools/LTLSIM/ltlsim-electron/renovate.json,136,34b86a61a73b63aeaa107453c8921783c81445132c7d7f363b5a19fad497d283,NASA FRET upstream source snapshot
vendor/fret/tools/LTLSIM/ltlsim-electron/resources/icon.icns,111909,6db2814c193690d44e7b7aa1c8e0949534315e2a7cba55f830c31f97a417de59,NASA FRET upstream source snapshot
vendor/fret/tools/LTLSIM/ltlsim-electron/resources/icon.ico,370070,85a2e74eb26be765a4aa777a39f79bb940f5e21b550b31c3f150a7ff80437bdb,NASA FRET upstream source snapshot
vendor/fret/tools/LTLSIM/ltlsim-electron/resources/icon.png,32456,227baae3545eaaf1b4c929b557c80b8b48f77118478511efbda468efb89cffe6,NASA FRET upstream source snapshot
vendor/fret/tools/LTLSIM/ltlsim-electron/resources/icons/1024x1024.png,159736,e4b9b8de0ec21096639322371ff218e39407e7cbdf016162d2c07feb99f7626d,NASA FRET upstream source snapshot
vendor/fret/tools/LTLSIM/ltlsim-electron/resources/icons/128x128.png,17611,10a98c06439bdc33fd6b7ffb6f3ae28a3c150b5e1aac989bb60d71a613f47693,NASA FRET upstream source snapshot
vendor/fret/tools/LTLSIM/ltlsim-electron/resources/icons/16x16.png,954,ac1d4716fef9dc3011b28d07cd171fbdc76bafd5fc16a2762fa6df840fe2e61c,NASA FRET upstream source snapshot
vendor/fret/tools/LTLSIM/ltlsim-electron/resources/icons/24x24.png,1907,7b64d38adcace8410b5d57c4001cf53a6c6acc5c86fe697bfd4d0d0efdd7d94e,NASA FRET upstream source snapshot
vendor/fret/tools/LTLSIM/ltlsim-electron/resources/icons/256x256.png,32456,227baae3545eaaf1b4c929b557c80b8b48f77118478511efbda468efb89cffe6,NASA FRET upstream source snapshot
vendor/fret/tools/LTLSIM/ltlsim-electron/resources/icons/32x32.png,2017,ab36e4accfe518dc969b8f2c6d41d0a1d78faf7359ad1e71bd2bd70972ab9f0f,NASA FRET upstream source snapshot
vendor/fret/tools/LTLSIM/ltlsim-electron/resources/icons/48x48.png,5159,914275aa36f72f1c11c26eb64c4e084a785d64ab0ac9500d4d38c63d028bdd7f,NASA FRET upstream source snapshot
vendor/fret/tools/LTLSIM/ltlsim-electron/resources/icons/512x512.png,79296,74cc050e39934bdf2960a4c14d703c7fc2c8a80a79dbd211fcce429454adb74e,NASA FRET upstream source snapshot
vendor/fret/tools/LTLSIM/ltlsim-electron/resources/icons/64x64.png,7454,345769d914aa7e09db98538a9278f7fa871de8fea2bec04c2e4f0ac4a032aa70,NASA FRET upstream source snapshot
vendor/fret/tools/LTLSIM/ltlsim-electron/resources/icons/96x96.png,12526,cd72026acabe00f64658be79e9048af23852372fcfd98bedeea987616e14b305,NASA FRET upstream source snapshot
vendor/fret/tools/LTLSIM/ltlsim-electron/test/.eslintrc,256,63d2975066f1782e2e391f1dc98d3cda3a0c4621170b3410f45febb51b0ea090,NASA FRET upstream source snapshot
vendor/fret/tools/LTLSIM/ltlsim-electron/test/actions/__snapshots__/counter.spec.js.snap,281,3c938c8b46aee6ae3faeeea9e834b2c5e1622d99d147834398b9bee17cf1c1f8,NASA FRET upstream source snapshot
vendor/fret/tools/LTLSIM/ltlsim-electron/test/actions/counter.spec.js,2130,30abb65888fcf25dbdec54f10f0bfdb4ff3b756c784b986b9d067121f627360e,NASA FRET upstream source snapshot
vendor/fret/tools/LTLSIM/ltlsim-electron/test/components/Counter.spec.js,2709,871e1694f64fc5dfe0943bfd9e5f8289a53db5cef9a7d5864eb2d196df454567,NASA FRET upstream source snapshot
vendor/fret/tools/LTLSIM/ltlsim-electron/test/components/__snapshots__/Counter.spec.js.snap,1203,e2184e26445b3f14b113ed6d37c4a280b1375d95b263526cde4c8e0c75a0a341,NASA FRET upstream source snapshot
vendor/fret/tools/LTLSIM/ltlsim-electron/test/containers/CounterPage.spec.js,2597,38908bb3bd36412090960cace03a145b352064a592743555e0906b365e836e84,NASA FRET upstream source snapshot
vendor/fret/tools/LTLSIM/ltlsim-electron/test/e2e/HomePage.e2e.js,3532,194bdfdb69d5f91903b591e5a20349e299d39b726c240a65997fc357183ebfe2,NASA FRET upstream source snapshot
vendor/fret/tools/LTLSIM/ltlsim-electron/test/e2e/helpers.js,932,5c04f10191d1e0281024e0d154f58c4cbd10d50e9b778638bd0f8a234d3b8921,NASA FRET upstream source snapshot
vendor/fret/tools/LTLSIM/ltlsim-electron/test/example.js,882,b619bdd78f3644d235eb34d28be5cd856aab730d7a43fa2b36ef5aae686cba07,NASA FRET upstream source snapshot
vendor/fret/tools/LTLSIM/ltlsim-electron/test/reducers/__snapshots__/counter.spec.js.snap,321,583bcb8ec179462f0ef9307551bacb5c38b3fc7fde4a2f2b98cb700c38dfab04,NASA FRET upstream source snapshot
vendor/fret/tools/LTLSIM/ltlsim-electron/test/reducers/counter.spec.js,1479,03f7e0e9b04d9ce235db37c646563f9a5df5a95de4f62b36c8a30485cf639010,NASA FRET upstream source snapshot
vendor/fret/tools/Scripts/FRETExecutables/generate_executable_Linux.sh,3581,0f21c121b933aafb06d9498e529b1d7ff69054a8670e23bfdcbff92f5f82d94d,NASA FRET upstream source snapshot
vendor/fret/tools/Scripts/FRETExecutables/generate_executable_for_MacOS.sh,3832,c260dc4dcb5e18cf335dc20e93eb0abbd1bedf94ceb4199245c9ea11f9237ec4,NASA FRET upstream source snapshot
vendor/fret/tools/Scripts/Matlab/fret_IR.m,8414,30d2b170fac9b8573343f24390add3298d78530513d2bec02132ad5175d7daba,NASA FRET upstream source snapshot
vendor/fret/tools/Scripts/cli/fretcli,372,e0e62fe87e8b473903b45e2146d1797f84a15438a73f2cbbaa8edac2da3d2dda,NASA FRET upstream source snapshot
vendor/fret/tools/Scripts/docker/Dockerfile,1877,4d825df4bf9fb80bc6514591dff3d3ee858c4512aa822f9ca132163e29d0ce29,NASA FRET upstream source snapshot
vendor/fret/tools/Scripts/docker/generate_executable_Linux.sh,3289,0441cb031b526951b2edc7448d2841c517dab7799a404f9a59cfe9b43b08c3eb,NASA FRET upstream source snapshot
vendor/fret/tools/Scripts/gitadmin/add_headers.sh,1964,b961e451c33cd2550885dddfcbfc7ae268e15b2bbf14d26d37e8bd988bf22736,NASA FRET upstream source snapshot
vendor/fret/tools/Scripts/gitadmin/apache_2_0_header.txt,773,a044c36378d11595d9975853424f999f0cae41cd729d37b8e9615e975501f14f,NASA FRET upstream source snapshot
vendor/fret/tools/Scripts/gitadmin/disclaimer.txt,2025,a952a5011b2473545aae5bf54f8b91d4fe64ccd494733b4f9cd7a3faa0fea60f,NASA FRET upstream source snapshot
vendor/fret/tools/Scripts/gitadmin/mk_filelist.sh,272,92ea194a682821d5821ed55eed5faab60915e865a6219d6929f8e2e91f1c2995,NASA FRET upstream source snapshot
vendor/fret/tools/Scripts/runfret.sh,587,0d24c631e55231220ee28cd4bb61025422192d1352eb51236b8121dc42b8c16e,NASA FRET upstream source snapshot
